[2026-07-13 11:31:18] Start dump: 1596 pending of 1596 selected (resume=False, drop=True, skip_fk=True)
[2026-07-13 11:31:18] [1/1596] Dumping FI_LA_ADV_LVNCSH ...
[2026-07-13 11:31:18] [1/1596] OK FI_LA_ADV_LVNCSH
[2026-07-13 11:31:18] [2/1596] Dumping FI_LA_APPL_DTL ...
[2026-07-13 11:31:19] [2/1596] OK FI_LA_APPL_DTL
[2026-07-13 11:31:19] [3/1596] Dumping FI_LA_APPL_HDR ...
[2026-07-13 11:31:19] [3/1596] OK FI_LA_APPL_HDR
[2026-07-13 11:31:19] [4/1596] Dumping FI_LA_APPL_HDR_FORM ...
[2026-07-13 11:31:19] [4/1596] OK FI_LA_APPL_HDR_FORM
[2026-07-13 11:31:19] [5/1596] Dumping FI_LA_BAL_DAYS ...
[2026-07-13 11:31:19] [5/1596] OK FI_LA_BAL_DAYS
[2026-07-13 11:31:19] [6/1596] Dumping FI_LA_ENCASH_REG ...
[2026-07-13 11:31:20] [6/1596] OK FI_LA_ENCASH_REG
[2026-07-13 11:31:20] [7/1596] Dumping FI_LA_ENCASH_REG_TEST ...
[2026-07-13 11:31:20] [7/1596] OK FI_LA_ENCASH_REG_TEST
[2026-07-13 11:31:20] [8/1596] Dumping FI_LA_ENC_LVBAL ...
[2026-07-13 11:31:20] [8/1596] OK FI_LA_ENC_LVBAL
[2026-07-13 11:31:20] [9/1596] Dumping FI_LA_ENC_LVBAL_TC ...
[2026-07-13 11:31:21] [9/1596] OK FI_LA_ENC_LVBAL_TC
[2026-07-13 11:31:21] [10/1596] Dumping FI_LA_LEAVE_POST_SALARY ...
[2026-07-13 11:31:30] [10/1596] OK FI_LA_LEAVE_POST_SALARY
[2026-07-13 11:31:30] [11/1596] Dumping FI_LA_LEAVE_POST_SALARY_0225 ...
[2026-07-13 11:31:30] [11/1596] OK FI_LA_LEAVE_POST_SALARY_0225
[2026-07-13 11:31:30] [12/1596] Dumping FI_LA_LEAVE_POST_SALARY_PALAS ...
[2026-07-13 11:31:30] [12/1596] OK FI_LA_LEAVE_POST_SALARY_PALAS
[2026-07-13 11:31:30] [13/1596] Dumping FI_LA_LVNCSH_ARREAR ...
[2026-07-13 11:31:30] [13/1596] OK FI_LA_LVNCSH_ARREAR
[2026-07-13 11:31:30] [14/1596] Dumping FI_LA_LV_STATUS ...
[2026-07-13 11:31:30] [14/1596] OK FI_LA_LV_STATUS
[2026-07-13 11:31:30] [15/1596] Dumping FI_LA_MACP_ENCASH ...
[2026-07-13 11:31:30] [15/1596] OK FI_LA_MACP_ENCASH
[2026-07-13 11:31:30] [16/1596] Dumping FI_LA_MD_CRNORMS ...
[2026-07-13 11:31:31] [16/1596] OK FI_LA_MD_CRNORMS
[2026-07-13 11:31:31] [17/1596] Dumping FI_LA_MH_ATTENDTYPE ...
[2026-07-13 11:31:31] [17/1596] OK FI_LA_MH_ATTENDTYPE
[2026-07-13 11:31:31] [18/1596] Dumping FI_LA_MH_BILL_PRINT ...
[2026-07-13 11:31:31] [18/1596] OK FI_LA_MH_BILL_PRINT
[2026-07-13 11:31:31] [19/1596] Dumping FI_LA_MH_CRNORMS ...
[2026-07-13 11:31:31] [19/1596] OK FI_LA_MH_CRNORMS
[2026-07-13 11:31:31] [20/1596] Dumping FI_LA_MH_DRLIMIT ...
[2026-07-13 11:31:31] [20/1596] OK FI_LA_MH_DRLIMIT
[2026-07-13 11:31:31] [21/1596] Dumping FI_LA_MH_LVBAL_MAX ...
[2026-07-13 11:31:31] [21/1596] OK FI_LA_MH_LVBAL_MAX
[2026-07-13 11:31:31] [22/1596] Dumping FI_LA_MH_LVELIG ...
[2026-07-13 11:31:31] [22/1596] OK FI_LA_MH_LVELIG
[2026-07-13 11:31:31] [23/1596] Dumping FI_LA_MH_LVREASON ...
[2026-07-13 11:31:31] [23/1596] OK FI_LA_MH_LVREASON
[2026-07-13 11:31:31] [24/1596] Dumping FI_LA_MH_SANC_EMP ...
[2026-07-13 11:31:31] [24/1596] OK FI_LA_MH_SANC_EMP
[2026-07-13 11:31:31] [25/1596] Dumping FI_LA_MH_USAGE ...
[2026-07-13 11:31:31] [25/1596] OK FI_LA_MH_USAGE
[2026-07-13 11:31:31] [26/1596] Dumping FI_LA_REPORT_STATUS ...
[2026-07-13 11:31:32] [26/1596] OK FI_LA_REPORT_STATUS
[2026-07-13 11:31:32] [27/1596] Dumping FI_LA_SUP_MH_REG ...
[2026-07-13 11:31:32] [27/1596] OK FI_LA_SUP_MH_REG
[2026-07-13 11:31:32] [28/1596] Dumping FI_LA_TD_LVADJ ...
[2026-07-13 11:31:32] [28/1596] OK FI_LA_TD_LVADJ
[2026-07-13 11:31:32] [29/1596] Dumping FI_LA_TD_LVAPPL ...
[2026-07-13 11:31:32] [29/1596] OK FI_LA_TD_LVAPPL
[2026-07-13 11:31:32] [30/1596] Dumping FI_LA_TD_LVAPPL_T ...
[2026-07-13 11:31:32] [30/1596] OK FI_LA_TD_LVAPPL_T
[2026-07-13 11:31:32] [31/1596] Dumping FI_LA_TD_LVNCSH_T ...
[2026-07-13 11:31:32] [31/1596] OK FI_LA_TD_LVNCSH_T
[2026-07-13 11:31:32] [32/1596] Dumping FI_LA_TEMP_LVSTATUS ...
[2026-07-13 11:31:32] [32/1596] OK FI_LA_TEMP_LVSTATUS
[2026-07-13 11:31:32] [33/1596] Dumping FI_LA_TH_EMPLVBAL ...
[2026-07-13 11:31:36] [33/1596] OK FI_LA_TH_EMPLVBAL
[2026-07-13 11:31:36] [34/1596] Dumping FI_LA_TH_ERRLOG ...
[2026-07-13 11:31:38] [34/1596] OK FI_LA_TH_ERRLOG
[2026-07-13 11:31:38] [35/1596] Dumping FI_LA_TH_LVADJ ...
[2026-07-13 11:31:38] [35/1596] OK FI_LA_TH_LVADJ
[2026-07-13 11:31:38] [36/1596] Dumping FI_LA_TH_LVADJUST ...
[2026-07-13 11:31:38] [36/1596] OK FI_LA_TH_LVADJUST
[2026-07-13 11:31:38] [37/1596] Dumping FI_LA_TH_LVADJ_H ...
[2026-07-13 11:31:38] [37/1596] OK FI_LA_TH_LVADJ_H
[2026-07-13 11:31:38] [38/1596] Dumping FI_LA_TH_LVAPPL ...
[2026-07-13 11:32:07] [38/1596] OK FI_LA_TH_LVAPPL
[2026-07-13 11:32:07] [39/1596] Dumping FI_LA_TH_LVAPPL_H ...
[2026-07-13 11:32:08] [39/1596] OK FI_LA_TH_LVAPPL_H
[2026-07-13 11:32:08] [40/1596] Dumping FI_LA_TH_LVAPPL_NEW ...
[2026-07-13 11:32:09] [40/1596] OK FI_LA_TH_LVAPPL_NEW
[2026-07-13 11:32:09] [41/1596] Dumping FI_LA_TH_LVAPPL_PALAS ...
[2026-07-13 11:32:09] [41/1596] OK FI_LA_TH_LVAPPL_PALAS
[2026-07-13 11:32:09] [42/1596] Dumping FI_LA_TH_LVAPPL_UPD_H ...
[2026-07-13 11:32:09] [42/1596] OK FI_LA_TH_LVAPPL_UPD_H
[2026-07-13 11:32:09] [43/1596] Dumping FI_LA_TH_LVCREDIT ...
[2026-07-13 11:32:21] [43/1596] OK FI_LA_TH_LVCREDIT
[2026-07-13 11:32:21] [44/1596] Dumping FI_LA_TH_LVCREDIT_SM ...
[2026-07-13 11:32:21] [44/1596] OK FI_LA_TH_LVCREDIT_SM
[2026-07-13 11:32:21] [45/1596] Dumping FI_LA_TH_LVDEBIT ...
[2026-07-13 11:32:41] [45/1596] OK FI_LA_TH_LVDEBIT
[2026-07-13 11:32:41] [46/1596] Dumping FI_LA_TH_LVDEBIT_SM ...
[2026-07-13 11:32:41] [46/1596] OK FI_LA_TH_LVDEBIT_SM
[2026-07-13 11:32:41] [47/1596] Dumping FI_LA_TH_LVNCSH ...
[2026-07-13 11:32:43] [47/1596] OK FI_LA_TH_LVNCSH
[2026-07-13 11:32:43] [48/1596] Dumping FI_LA_TH_LVNCSH_22012014 ...
[2026-07-13 11:32:44] [48/1596] OK FI_LA_TH_LVNCSH_22012014
[2026-07-13 11:32:44] [49/1596] Dumping FI_LA_TH_LVNCSH_ARR ...
[2026-07-13 11:32:44] [49/1596] OK FI_LA_TH_LVNCSH_ARR
[2026-07-13 11:32:44] [50/1596] Dumping FI_LA_TH_LVNCSH_CY ...
[2026-07-13 11:32:45] [50/1596] OK FI_LA_TH_LVNCSH_CY
[2026-07-13 11:32:45] [51/1596] Dumping FI_LA_TH_LVNCSH_CY_22012014 ...
[2026-07-13 11:32:45] [51/1596] OK FI_LA_TH_LVNCSH_CY_22012014
[2026-07-13 11:32:45] [52/1596] Dumping FI_LA_TH_LVNCSH_ENC_ARR ...
[2026-07-13 11:32:45] [52/1596] OK FI_LA_TH_LVNCSH_ENC_ARR
[2026-07-13 11:32:45] [53/1596] Dumping FI_LA_TH_LVNCSH_ENC_ARR_DOC ...
[2026-07-13 11:32:46] [53/1596] OK FI_LA_TH_LVNCSH_ENC_ARR_DOC
[2026-07-13 11:32:46] [54/1596] Dumping FI_LA_TH_LVNCSH_ENC_ARR_EXT ...
[2026-07-13 11:32:46] [54/1596] OK FI_LA_TH_LVNCSH_ENC_ARR_EXT
[2026-07-13 11:32:46] [55/1596] Dumping FI_LA_TH_LVNCSH_ENC_ARR_OFF ...
[2026-07-13 11:32:46] [55/1596] OK FI_LA_TH_LVNCSH_ENC_ARR_OFF
[2026-07-13 11:32:46] [56/1596] Dumping FI_LA_TH_LVNCSH_ENC_ARR_STAFF ...
[2026-07-13 11:32:46] [56/1596] OK FI_LA_TH_LVNCSH_ENC_ARR_STAFF
[2026-07-13 11:32:46] [57/1596] Dumping FI_LA_TH_LVNCSH_ENC_ARR_TEMP ...
[2026-07-13 11:32:47] [57/1596] OK FI_LA_TH_LVNCSH_ENC_ARR_TEMP
[2026-07-13 11:32:47] [58/1596] Dumping FI_LA_TH_LVNCSH_H ...
[2026-07-13 11:32:47] [58/1596] OK FI_LA_TH_LVNCSH_H
[2026-07-13 11:32:47] [59/1596] Dumping FI_LA_TH_LVNCSH_RET ...
[2026-07-13 11:32:47] [59/1596] OK FI_LA_TH_LVNCSH_RET
[2026-07-13 11:32:47] [60/1596] Dumping FI_LA_TH_LVOPBAL ...
[2026-07-13 11:33:48] [60/1596] OK FI_LA_TH_LVOPBAL
[2026-07-13 11:33:48] [61/1596] Dumping FI_LA_TH_LVOPBAL_SM ...
[2026-07-13 11:33:48] [61/1596] OK FI_LA_TH_LVOPBAL_SM
[2026-07-13 11:33:48] [62/1596] Dumping FI_LA_TH_MTHLVAVAIL ...
[2026-07-13 11:33:57] [62/1596] OK FI_LA_TH_MTHLVAVAIL
[2026-07-13 11:33:57] [63/1596] Dumping FI_LA_TH_PRCSLOG ...
[2026-07-13 11:34:44] [63/1596] OK FI_LA_TH_PRCSLOG
[2026-07-13 11:34:44] [64/1596] Dumping FI_LA_TH_TEMP_LVSTATUS ...
[2026-07-13 11:34:44] [64/1596] OK FI_LA_TH_TEMP_LVSTATUS
[2026-07-13 11:34:44] [65/1596] Dumping FI_LA_WR_ENCASH ...
[2026-07-13 11:34:44] [65/1596] OK FI_LA_WR_ENCASH
[2026-07-13 11:34:44] [66/1596] Dumping FI_LA_WR_ENCASH_NEW ...
[2026-07-13 11:34:44] [66/1596] OK FI_LA_WR_ENCASH_NEW
[2026-07-13 11:34:44] [67/1596] Dumping FI_LA_WR_ENC_WORKSHOP ...
[2026-07-13 11:34:44] [67/1596] OK FI_LA_WR_ENC_WORKSHOP
[2026-07-13 11:34:44] [68/1596] Dumping FI_PN_2013_EMP_HDC ...
[2026-07-13 11:34:44] [68/1596] OK FI_PN_2013_EMP_HDC
[2026-07-13 11:34:44] [69/1596] Dumping FI_PN_2013_EMP_KDS ...
[2026-07-13 11:34:45] [69/1596] OK FI_PN_2013_EMP_KDS
[2026-07-13 11:34:45] [70/1596] Dumping FI_PN_2610 ...
[2026-07-13 11:34:45] [70/1596] OK FI_PN_2610
[2026-07-13 11:34:45] [71/1596] Dumping FI_PN_451_BANK_DTLS ...
[2026-07-13 11:34:45] [71/1596] OK FI_PN_451_BANK_DTLS
[2026-07-13 11:34:45] [72/1596] Dumping FI_PN_AADHAR_LOAD ...
[2026-07-13 11:34:45] [72/1596] OK FI_PN_AADHAR_LOAD
[2026-07-13 11:34:45] [73/1596] Dumping FI_PN_ACP_BILL ...
[2026-07-13 11:34:45] [73/1596] OK FI_PN_ACP_BILL
[2026-07-13 11:34:45] [74/1596] Dumping FI_PN_ADDR_ADD ...
[2026-07-13 11:34:45] [74/1596] OK FI_PN_ADDR_ADD
[2026-07-13 11:34:45] [75/1596] Dumping FI_PN_AGE_ANALYSIS ...
[2026-07-13 11:34:46] [75/1596] OK FI_PN_AGE_ANALYSIS
[2026-07-13 11:34:46] [76/1596] Dumping FI_PN_AGE_ANALYSIS_OFF ...
[2026-07-13 11:34:46] [76/1596] OK FI_PN_AGE_ANALYSIS_OFF
[2026-07-13 11:34:46] [77/1596] Dumping FI_PN_AGE_STAT ...
[2026-07-13 11:34:46] [77/1596] OK FI_PN_AGE_STAT
[2026-07-13 11:34:46] [78/1596] Dumping FI_PN_ALL_WAGE_PENSIONER ...
[2026-07-13 11:34:47] [78/1596] OK FI_PN_ALL_WAGE_PENSIONER
[2026-07-13 11:34:47] [79/1596] Dumping FI_PN_AMT_RCECV_OLD ...
[2026-07-13 11:34:47] [79/1596] OK FI_PN_AMT_RCECV_OLD
[2026-07-13 11:34:47] [80/1596] Dumping FI_PN_ANNUITY_LIST ...
[2026-07-13 11:34:47] [80/1596] OK FI_PN_ANNUITY_LIST
[2026-07-13 11:34:47] [81/1596] Dumping FI_PN_ARREAR_CON_FAM_BILL ...
[2026-07-13 11:34:47] [81/1596] OK FI_PN_ARREAR_CON_FAM_BILL
[2026-07-13 11:34:47] [82/1596] Dumping FI_PN_ARREAR_DEATH_2NDLOT ...
[2026-07-13 11:34:48] [82/1596] OK FI_PN_ARREAR_DEATH_2NDLOT
[2026-07-13 11:34:48] [83/1596] Dumping FI_PN_ARR_CASE30_BILL_HIST ...
[2026-07-13 11:34:48] [83/1596] OK FI_PN_ARR_CASE30_BILL_HIST
[2026-07-13 11:34:48] [84/1596] Dumping FI_PN_ARR_CON_BILL ...
[2026-07-13 11:34:49] [84/1596] OK FI_PN_ARR_CON_BILL
[2026-07-13 11:34:49] [85/1596] Dumping FI_PN_ARR_CON_BILL_BACK ...
[2026-07-13 11:34:50] [85/1596] OK FI_PN_ARR_CON_BILL_BACK
[2026-07-13 11:34:50] [86/1596] Dumping FI_PN_ARR_CON_BILL_DEATH ...
[2026-07-13 11:34:50] [86/1596] OK FI_PN_ARR_CON_BILL_DEATH
[2026-07-13 11:34:50] [87/1596] Dumping FI_PN_ARR_CON_BILL_HIST ...
[2026-07-13 11:34:51] [87/1596] OK FI_PN_ARR_CON_BILL_HIST
[2026-07-13 11:34:51] [88/1596] Dumping FI_PN_ARR_CON_BILL_OFFICER ...
[2026-07-13 11:34:51] [88/1596] OK FI_PN_ARR_CON_BILL_OFFICER
[2026-07-13 11:34:51] [89/1596] Dumping FI_PN_ARR_CON_BILL_SANDIP ...
[2026-07-13 11:34:51] [89/1596] OK FI_PN_ARR_CON_BILL_SANDIP
[2026-07-13 11:34:51] [90/1596] Dumping FI_PN_ARR_CON_NORMAL_BILL ...
[2026-07-13 11:34:51] [90/1596] OK FI_PN_ARR_CON_NORMAL_BILL
[2026-07-13 11:34:51] [91/1596] Dumping FI_PN_ARR_RECOV ...
[2026-07-13 11:34:51] [91/1596] OK FI_PN_ARR_RECOV
[2026-07-13 11:34:51] [92/1596] Dumping FI_PN_BANK_DATA_SBI ...
[2026-07-13 11:34:52] [92/1596] OK FI_PN_BANK_DATA_SBI
[2026-07-13 11:34:52] [93/1596] Dumping FI_PN_BANK_DATA_UBI ...
[2026-07-13 11:34:52] [93/1596] OK FI_PN_BANK_DATA_UBI
[2026-07-13 11:34:52] [94/1596] Dumping FI_PN_BILL_LIC ...
[2026-07-13 11:34:52] [94/1596] OK FI_PN_BILL_LIC
[2026-07-13 11:34:52] [95/1596] Dumping FI_PN_BILL_LIC_MAIN ...
[2026-07-13 11:34:52] [95/1596] OK FI_PN_BILL_LIC_MAIN
[2026-07-13 11:34:52] [96/1596] Dumping FI_PN_BUNCH_DTL_FAMILY ...
[2026-07-13 11:34:52] [96/1596] OK FI_PN_BUNCH_DTL_FAMILY
[2026-07-13 11:34:52] [97/1596] Dumping FI_PN_BUNCH_HDR_FAMILY ...
[2026-07-13 11:34:52] [97/1596] OK FI_PN_BUNCH_HDR_FAMILY
[2026-07-13 11:34:52] [98/1596] Dumping FI_PN_CAL_ARREAR2P2 ...
[2026-07-13 11:34:52] [98/1596] OK FI_PN_CAL_ARREAR2P2
[2026-07-13 11:34:52] [99/1596] Dumping FI_PN_CAL_ARREAR2P2_BAK ...
[2026-07-13 11:34:52] [99/1596] OK FI_PN_CAL_ARREAR2P2_BAK
[2026-07-13 11:34:52] [100/1596] Dumping FI_PN_CASE_TYP_MAST ...
[2026-07-13 11:34:53] [100/1596] OK FI_PN_CASE_TYP_MAST
[2026-07-13 11:34:53] [101/1596] Dumping FI_PN_CONTRI_OUTDOOR ...
[2026-07-13 11:34:53] [101/1596] OK FI_PN_CONTRI_OUTDOOR
[2026-07-13 11:34:53] [102/1596] Dumping FI_PN_CONTR_GRAT_MASTER ...
[2026-07-13 11:34:53] [102/1596] OK FI_PN_CONTR_GRAT_MASTER
[2026-07-13 11:34:53] [103/1596] Dumping FI_PN_CONTR_GRAT_MASTER_BKP ...
[2026-07-13 11:34:53] [103/1596] OK FI_PN_CONTR_GRAT_MASTER_BKP
[2026-07-13 11:34:53] [104/1596] Dumping FI_PN_CONTR_MASTER ...
[2026-07-13 11:34:53] [104/1596] OK FI_PN_CONTR_MASTER
[2026-07-13 11:34:53] [105/1596] Dumping FI_PN_CON_FAM_EMP_NULL ...
[2026-07-13 11:34:53] [105/1596] OK FI_PN_CON_FAM_EMP_NULL
[2026-07-13 11:34:53] [106/1596] Dumping FI_PN_CON_REV_PAYSCALE ...
[2026-07-13 11:34:53] [106/1596] OK FI_PN_CON_REV_PAYSCALE
[2026-07-13 11:34:53] [107/1596] Dumping FI_PN_CURRENT_CPI ...
[2026-07-13 11:34:53] [107/1596] OK FI_PN_CURRENT_CPI
[2026-07-13 11:34:53] [108/1596] Dumping FI_PN_CURR_EMP_HDC ...
[2026-07-13 11:34:53] [108/1596] OK FI_PN_CURR_EMP_HDC
[2026-07-13 11:34:53] [109/1596] Dumping FI_PN_CURR_EMP_KDS ...
[2026-07-13 11:34:54] [109/1596] OK FI_PN_CURR_EMP_KDS
[2026-07-13 11:34:54] [110/1596] Dumping FI_PN_CVO_DATA ...
[2026-07-13 11:34:54] [110/1596] FAIL FI_PN_CVO_DATA: (1062, "Duplicate entry 'LIC-2681-LIC' for key 'fi_pn_cvo_data.PRIMARY'")
[2026-07-13 11:34:54] [111/1596] Dumping FI_PN_CVO_DATA_TAN ...
[2026-07-13 11:34:56] [111/1596] OK FI_PN_CVO_DATA_TAN
[2026-07-13 11:34:56] [112/1596] Dumping FI_PN_DA_CAL_DTL ...
[2026-07-13 11:34:56] [112/1596] OK FI_PN_DA_CAL_DTL
[2026-07-13 11:34:56] [113/1596] Dumping FI_PN_DA_CAL_HDR ...
[2026-07-13 11:34:56] [113/1596] OK FI_PN_DA_CAL_HDR
[2026-07-13 11:34:56] [114/1596] Dumping FI_PN_DA_DIFF ...
[2026-07-13 11:34:56] [114/1596] FAIL FI_PN_DA_DIFF: (3730, "Cannot drop table 'fi_pn_da_diff' referenced by a foreign key constraint 'FK_DA_DIFF' on table 'fi_pn_da_diff_dtl'.")
[2026-07-13 11:34:56] [115/1596] Dumping FI_PN_DA_DIFF_2024 ...
[2026-07-13 11:34:56] [115/1596] OK FI_PN_DA_DIFF_2024
[2026-07-13 11:34:56] [116/1596] Dumping FI_PN_DA_DIFF_2024_LIC ...
[2026-07-13 11:34:57] [116/1596] OK FI_PN_DA_DIFF_2024_LIC
[2026-07-13 11:34:57] [117/1596] Dumping FI_PN_DA_DIFF_2024_NOTPAID ...
[2026-07-13 11:34:57] [117/1596] OK FI_PN_DA_DIFF_2024_NOTPAID
[2026-07-13 11:34:57] [118/1596] Dumping FI_PN_DA_DIFF_2024_SUM ...
[2026-07-13 11:34:58] [118/1596] OK FI_PN_DA_DIFF_2024_SUM
[2026-07-13 11:34:58] [119/1596] Dumping FI_PN_DA_DIFF_DTL ...
[2026-07-13 11:34:59] [119/1596] OK FI_PN_DA_DIFF_DTL
[2026-07-13 11:34:59] [120/1596] Dumping FI_PN_DA_DIFF_DTL_LIC ...
[2026-07-13 11:35:00] [120/1596] FAIL FI_PN_DA_DIFF_DTL_LIC: (1062, "Duplicate entry 'HDC/G/PENS/03403-2020-11' for key 'fi_pn_da_diff_dtl_lic.PRIMARY'")
[2026-07-13 11:35:00] [121/1596] Dumping FI_PN_DA_DIFF_LIC ...
[2026-07-13 11:35:00] [121/1596] FAIL FI_PN_DA_DIFF_LIC: (1062, "Duplicate entry 'HDC/G/Pens/05581' for key 'fi_pn_da_diff_lic.PRIMARY'")
[2026-07-13 11:35:00] [122/1596] Dumping FI_PN_DA_RECOV ...
[2026-07-13 11:35:01] [122/1596] OK FI_PN_DA_RECOV
[2026-07-13 11:35:01] [123/1596] Dumping FI_PN_DEATH_ARR_BILL ...
[2026-07-13 11:35:01] [123/1596] OK FI_PN_DEATH_ARR_BILL
[2026-07-13 11:35:01] [124/1596] Dumping FI_PN_DEATH_ARR_BILL_BKP ...
[2026-07-13 11:35:01] [124/1596] OK FI_PN_DEATH_ARR_BILL_BKP
[2026-07-13 11:35:01] [125/1596] Dumping FI_PN_DEATH_ARR_BILL_HIST ...
[2026-07-13 11:35:01] [125/1596] OK FI_PN_DEATH_ARR_BILL_HIST
[2026-07-13 11:35:01] [126/1596] Dumping FI_PN_DEATH_ARR_BILL_LIC ...
[2026-07-13 11:35:01] [126/1596] OK FI_PN_DEATH_ARR_BILL_LIC
[2026-07-13 11:35:01] [127/1596] Dumping FI_PN_DEATH_ARR_BILL_SANDIP ...
[2026-07-13 11:35:02] [127/1596] OK FI_PN_DEATH_ARR_BILL_SANDIP
[2026-07-13 11:35:02] [128/1596] Dumping FI_PN_DEATH_LIC_NOMN ...
[2026-07-13 11:35:02] [128/1596] OK FI_PN_DEATH_LIC_NOMN
[2026-07-13 11:35:02] [129/1596] Dumping FI_PN_DEATH_LOAD ...
[2026-07-13 11:35:02] [129/1596] OK FI_PN_DEATH_LOAD
[2026-07-13 11:35:02] [130/1596] Dumping FI_PN_DEATH_PART1 ...
[2026-07-13 11:35:02] [130/1596] OK FI_PN_DEATH_PART1
[2026-07-13 11:35:02] [131/1596] Dumping FI_PN_DEATH_PART2 ...
[2026-07-13 11:35:02] [131/1596] OK FI_PN_DEATH_PART2
[2026-07-13 11:35:02] [132/1596] Dumping FI_PN_DEC_2023 ...
[2026-07-13 11:35:02] [132/1596] OK FI_PN_DEC_2023
[2026-07-13 11:35:02] [133/1596] Dumping FI_PN_DEC_DATA ...
[2026-07-13 11:35:02] [133/1596] OK FI_PN_DEC_DATA
[2026-07-13 11:35:02] [134/1596] Dumping FI_PN_DEC_DATA_LOAD ...
[2026-07-13 11:35:03] [134/1596] OK FI_PN_DEC_DATA_LOAD
[2026-07-13 11:35:03] [135/1596] Dumping FI_PN_DEPEND_DAUGHTER ...
[2026-07-13 11:35:03] [135/1596] OK FI_PN_DEPEND_DAUGHTER
[2026-07-13 11:35:03] [136/1596] Dumping FI_PN_DPS_DATA_INS_PENSION ...
[2026-07-13 11:35:03] [136/1596] OK FI_PN_DPS_DATA_INS_PENSION
[2026-07-13 11:35:03] [137/1596] Dumping FI_PN_ECS_TRAN ...
[2026-07-13 11:35:03] [137/1596] OK FI_PN_ECS_TRAN
[2026-07-13 11:35:03] [138/1596] Dumping FI_PN_FAMILY_277 ...
[2026-07-13 11:35:03] [138/1596] FAIL FI_PN_FAMILY_277: (3730, "Cannot drop table 'fi_pn_family_277' referenced by a foreign key constraint 'FK_FAMILY_277_HDR' on table 'fi_pn_family_277_dtl'.")
[2026-07-13 11:35:03] [139/1596] Dumping FI_PN_FAMILY_277_DTL ...
[2026-07-13 11:35:03] [139/1596] OK FI_PN_FAMILY_277_DTL
[2026-07-13 11:35:03] [140/1596] Dumping FI_PN_FAMILY_277_UPGRADE ...
[2026-07-13 11:35:03] [140/1596] FAIL FI_PN_FAMILY_277_UPGRADE: (3730, "Cannot drop table 'fi_pn_family_277_upgrade' referenced by a foreign key constraint 'FK_UPG_HDR' on table 'fi_pn_family_277_upgrade_dtl'.")
[2026-07-13 11:35:03] [141/1596] Dumping FI_PN_FAMILY_277_UPGRADE_DTL ...
[2026-07-13 11:35:04] [141/1596] OK FI_PN_FAMILY_277_UPGRADE_DTL
[2026-07-13 11:35:04] [142/1596] Dumping FI_PN_FAMILY_CASE_UPD ...
[2026-07-13 11:35:04] [142/1596] OK FI_PN_FAMILY_CASE_UPD
[2026-07-13 11:35:04] [143/1596] Dumping FI_PN_FAMILY_LOAD ...
[2026-07-13 11:35:04] [143/1596] OK FI_PN_FAMILY_LOAD
[2026-07-13 11:35:04] [144/1596] Dumping FI_PN_FAMILY_STAT ...
[2026-07-13 11:35:05] [144/1596] OK FI_PN_FAMILY_STAT
[2026-07-13 11:35:05] [145/1596] Dumping FI_PN_FAMILY_UPDATE ...
[2026-07-13 11:35:05] [145/1596] OK FI_PN_FAMILY_UPDATE
[2026-07-13 11:35:05] [146/1596] Dumping FI_PN_FIRST_MONTH_FPENSION_BK ...
[2026-07-13 11:35:07] [146/1596] OK FI_PN_FIRST_MONTH_FPENSION_BK
[2026-07-13 11:35:07] [147/1596] Dumping FI_PN_FIRST_SLAB_RECOVERY ...
[2026-07-13 11:35:07] [147/1596] OK FI_PN_FIRST_SLAB_RECOVERY
[2026-07-13 11:35:07] [148/1596] Dumping FI_PN_FPEN_AMT ...
[2026-07-13 11:35:07] [148/1596] OK FI_PN_FPEN_AMT
[2026-07-13 11:35:07] [149/1596] Dumping FI_PN_FPEN_DOCU_ENT ...
[2026-07-13 11:35:07] [149/1596] OK FI_PN_FPEN_DOCU_ENT
[2026-07-13 11:35:07] [150/1596] Dumping FI_PN_FPEN_DTL_ENT ...
[2026-07-13 11:35:07] [150/1596] FAIL FI_PN_FPEN_DTL_ENT: (1264, "Out of range value for column 'PH_NO' at row 1")
[2026-07-13 11:35:07] [151/1596] Dumping FI_PN_FPEN_HDR_ENT ...
[2026-07-13 11:35:07] [151/1596] FAIL FI_PN_FPEN_HDR_ENT: (1264, "Out of range value for column 'PH_NO' at row 1")
[2026-07-13 11:35:07] [152/1596] Dumping FI_PN_FULL_PEN_DTL ...
[2026-07-13 11:35:08] [152/1596] OK FI_PN_FULL_PEN_DTL
[2026-07-13 11:35:08] [153/1596] Dumping FI_PN_FULL_PEN_DTL_198 ...
[2026-07-13 11:35:08] [153/1596] OK FI_PN_FULL_PEN_DTL_198
[2026-07-13 11:35:08] [154/1596] Dumping FI_PN_FULL_PEN_HDR ...
[2026-07-13 11:35:08] [154/1596] OK FI_PN_FULL_PEN_HDR
[2026-07-13 11:35:08] [155/1596] Dumping FI_PN_FULL_PEN_HDR_198 ...
[2026-07-13 11:35:08] [155/1596] OK FI_PN_FULL_PEN_HDR_198
[2026-07-13 11:35:08] [156/1596] Dumping FI_PN_GRAT_ARREAR ...
[2026-07-13 11:35:09] [156/1596] OK FI_PN_GRAT_ARREAR
[2026-07-13 11:35:09] [157/1596] Dumping FI_PN_GRAT_ARREAR_EARN ...
[2026-07-13 11:35:09] [157/1596] OK FI_PN_GRAT_ARREAR_EARN
[2026-07-13 11:35:09] [158/1596] Dumping FI_PN_HDC_DATA_UPD1 ...
[2026-07-13 11:35:09] [158/1596] OK FI_PN_HDC_DATA_UPD1
[2026-07-13 11:35:09] [159/1596] Dumping FI_PN_HDC_DATA_UPD2 ...
[2026-07-13 11:35:09] [159/1596] OK FI_PN_HDC_DATA_UPD2
[2026-07-13 11:35:09] [160/1596] Dumping FI_PN_HDC_LOAD ...
[2026-07-13 11:35:09] [160/1596] OK FI_PN_HDC_LOAD
[2026-07-13 11:35:09] [161/1596] Dumping FI_PN_HDR_OFFI2_DEATH ...
[2026-07-13 11:35:09] [161/1596] OK FI_PN_HDR_OFFI2_DEATH
[2026-07-13 11:35:09] [162/1596] Dumping FI_PN_HDR_THIRD_DEATH ...
[2026-07-13 11:35:09] [162/1596] OK FI_PN_HDR_THIRD_DEATH
[2026-07-13 11:35:09] [163/1596] Dumping FI_PN_HOSP_1 ...
[2026-07-13 11:35:09] [163/1596] OK FI_PN_HOSP_1
[2026-07-13 11:35:09] [164/1596] Dumping FI_PN_HOSP_2 ...
[2026-07-13 11:35:10] [164/1596] OK FI_PN_HOSP_2
[2026-07-13 11:35:10] [165/1596] Dumping FI_PN_HOSP_200824 ...
[2026-07-13 11:35:10] [165/1596] OK FI_PN_HOSP_200824
[2026-07-13 11:35:10] [166/1596] Dumping FI_PN_HOSP_DEPEND ...
[2026-07-13 11:35:10] [166/1596] OK FI_PN_HOSP_DEPEND
[2026-07-13 11:35:10] [167/1596] Dumping FI_PN_HOSP_DEPEND_1 ...
[2026-07-13 11:35:10] [167/1596] OK FI_PN_HOSP_DEPEND_1
[2026-07-13 11:35:10] [168/1596] Dumping FI_PN_HOSP_DEPEND_2 ...
[2026-07-13 11:35:10] [168/1596] OK FI_PN_HOSP_DEPEND_2
[2026-07-13 11:35:10] [169/1596] Dumping FI_PN_HOSP_DUPLICATE_CASE ...
[2026-07-13 11:35:10] [169/1596] OK FI_PN_HOSP_DUPLICATE_CASE
[2026-07-13 11:35:10] [170/1596] Dumping FI_PN_HOSP_DUP_CASE ...
[2026-07-13 11:35:10] [170/1596] OK FI_PN_HOSP_DUP_CASE
[2026-07-13 11:35:10] [171/1596] Dumping FI_PN_HOSP_DUP_CASE_1 ...
[2026-07-13 11:35:10] [171/1596] OK FI_PN_HOSP_DUP_CASE_1
[2026-07-13 11:35:10] [172/1596] Dumping FI_PN_HOSP_EXCLUSIVE ...
[2026-07-13 11:35:11] [172/1596] OK FI_PN_HOSP_EXCLUSIVE
[2026-07-13 11:35:11] [173/1596] Dumping FI_PN_HOSP_EXCLUSIVE_1 ...
[2026-07-13 11:35:11] [173/1596] OK FI_PN_HOSP_EXCLUSIVE_1
[2026-07-13 11:35:11] [174/1596] Dumping FI_PN_HOSP_EXCLUSIVE_2 ...
[2026-07-13 11:35:11] [174/1596] OK FI_PN_HOSP_EXCLUSIVE_2
[2026-07-13 11:35:11] [175/1596] Dumping FI_PN_HOSP_FAMILY ...
[2026-07-13 11:35:11] [175/1596] OK FI_PN_HOSP_FAMILY
[2026-07-13 11:35:11] [176/1596] Dumping FI_PN_HOSP_MED_BENEFIT ...
[2026-07-13 11:35:12] [176/1596] OK FI_PN_HOSP_MED_BENEFIT
[2026-07-13 11:35:12] [177/1596] Dumping FI_PN_HOSP_MED_BENEFIT_UPDT ...
[2026-07-13 11:35:12] [177/1596] OK FI_PN_HOSP_MED_BENEFIT_UPDT
[2026-07-13 11:35:12] [178/1596] Dumping FI_PN_HOSP_MED_BENEFIT_UPDT2 ...
[2026-07-13 11:35:12] [178/1596] OK FI_PN_HOSP_MED_BENEFIT_UPDT2
[2026-07-13 11:35:12] [179/1596] Dumping FI_PN_HOSP_MED_UPDT_DOD ...
[2026-07-13 11:35:12] [179/1596] OK FI_PN_HOSP_MED_UPDT_DOD
[2026-07-13 11:35:12] [180/1596] Dumping FI_PN_HOSP_PAHARI ...
[2026-07-13 11:35:13] [180/1596] OK FI_PN_HOSP_PAHARI
[2026-07-13 11:35:13] [181/1596] Dumping FI_PN_HOSP_RE_CASE ...
[2026-07-13 11:35:13] [181/1596] OK FI_PN_HOSP_RE_CASE
[2026-07-13 11:35:13] [182/1596] Dumping FI_PN_HOSP_RE_CASE_1 ...
[2026-07-13 11:35:13] [182/1596] OK FI_PN_HOSP_RE_CASE_1
[2026-07-13 11:35:13] [183/1596] Dumping FI_PN_HOSP_SHANJIV ...
[2026-07-13 11:35:14] [183/1596] OK FI_PN_HOSP_SHANJIV
[2026-07-13 11:35:14] [184/1596] Dumping FI_PN_HOSP_SHANJIV_1 ...
[2026-07-13 11:35:14] [184/1596] OK FI_PN_HOSP_SHANJIV_1
[2026-07-13 11:35:14] [185/1596] Dumping FI_PN_HOSP_WRONG_CASE ...
[2026-07-13 11:35:15] [185/1596] OK FI_PN_HOSP_WRONG_CASE
[2026-07-13 11:35:15] [186/1596] Dumping FI_PN_INTERIM_RLF_CHART ...
[2026-07-13 11:35:15] [186/1596] OK FI_PN_INTERIM_RLF_CHART
[2026-07-13 11:35:15] [187/1596] Dumping FI_PN_INTERIM_RLF_MASTER ...
[2026-07-13 11:35:15] [187/1596] OK FI_PN_INTERIM_RLF_MASTER
[2026-07-13 11:35:15] [188/1596] Dumping FI_PN_IT_CAL_2010_11 ...
[2026-07-13 11:35:16] [188/1596] OK FI_PN_IT_CAL_2010_11
[2026-07-13 11:35:16] [189/1596] Dumping FI_PN_IT_CAL_2011_12 ...
[2026-07-13 11:35:18] [189/1596] OK FI_PN_IT_CAL_2011_12
[2026-07-13 11:35:18] [190/1596] Dumping FI_PN_IT_CAL_2011_12_HIS ...
[2026-07-13 11:35:18] [190/1596] OK FI_PN_IT_CAL_2011_12_HIS
[2026-07-13 11:35:18] [191/1596] Dumping FI_PN_IT_CAL_2012_13 ...
[2026-07-13 11:35:20] [191/1596] OK FI_PN_IT_CAL_2012_13
[2026-07-13 11:35:20] [192/1596] Dumping FI_PN_IT_CAL_2012_13_BK ...
[2026-07-13 11:35:21] [192/1596] OK FI_PN_IT_CAL_2012_13_BK
[2026-07-13 11:35:21] [193/1596] Dumping FI_PN_IT_CAL_2013_14 ...
[2026-07-13 11:35:22] [193/1596] OK FI_PN_IT_CAL_2013_14
[2026-07-13 11:35:22] [194/1596] Dumping FI_PN_IT_CAL_2014_15 ...
[2026-07-13 11:35:24] [194/1596] OK FI_PN_IT_CAL_2014_15
[2026-07-13 11:35:24] [195/1596] Dumping FI_PN_IT_CAL_2015_16 ...
[2026-07-13 11:35:25] [195/1596] OK FI_PN_IT_CAL_2015_16
[2026-07-13 11:35:25] [196/1596] Dumping FI_PN_IT_CAL_2016_17 ...
[2026-07-13 11:35:25] [196/1596] OK FI_PN_IT_CAL_2016_17
[2026-07-13 11:35:25] [197/1596] Dumping FI_PN_IT_CAL_2016_17_AS_1718 ...
[2026-07-13 11:35:27] [197/1596] OK FI_PN_IT_CAL_2016_17_AS_1718
[2026-07-13 11:35:27] [198/1596] Dumping FI_PN_IT_CAL_2016_17_AS_1920 ...
[2026-07-13 11:35:28] [198/1596] OK FI_PN_IT_CAL_2016_17_AS_1920
[2026-07-13 11:35:28] [199/1596] Dumping FI_PN_IT_CAL_2016_17_AS_2021 ...
[2026-07-13 11:35:28] [199/1596] OK FI_PN_IT_CAL_2016_17_AS_2021
[2026-07-13 11:35:28] [200/1596] Dumping FI_PN_IT_CAL_2016_17_BKP ...
[2026-07-13 11:35:29] [200/1596] OK FI_PN_IT_CAL_2016_17_BKP
[2026-07-13 11:35:29] [201/1596] Dumping FI_PN_IT_CAL_2016_17_OLD ...
[2026-07-13 11:35:31] [201/1596] OK FI_PN_IT_CAL_2016_17_OLD
[2026-07-13 11:35:31] [202/1596] Dumping FI_PN_IT_CAL_2017_18 ...
[2026-07-13 11:35:32] [202/1596] OK FI_PN_IT_CAL_2017_18
[2026-07-13 11:35:32] [203/1596] Dumping FI_PN_IT_CAL_2021_22 ...
[2026-07-13 11:35:32] [203/1596] OK FI_PN_IT_CAL_2021_22
[2026-07-13 11:35:32] [204/1596] Dumping FI_PN_IT_CAL_2022_23 ...
[2026-07-13 11:35:33] [204/1596] OK FI_PN_IT_CAL_2022_23
[2026-07-13 11:35:33] [205/1596] Dumping FI_PN_IT_CAL_2023_24 ...
[2026-07-13 11:35:33] [205/1596] OK FI_PN_IT_CAL_2023_24
[2026-07-13 11:35:33] [206/1596] Dumping FI_PN_JUL24_LC_NO ...
[2026-07-13 11:35:33] [206/1596] OK FI_PN_JUL24_LC_NO
[2026-07-13 11:35:33] [207/1596] Dumping FI_PN_JUN24_LC_NO ...
[2026-07-13 11:35:33] [207/1596] OK FI_PN_JUN24_LC_NO
[2026-07-13 11:35:33] [208/1596] Dumping FI_PN_KDS_COUNT ...
[2026-07-13 11:35:33] [208/1596] OK FI_PN_KDS_COUNT
[2026-07-13 11:35:33] [209/1596] Dumping FI_PN_LATEST ...
[2026-07-13 11:35:33] [209/1596] OK FI_PN_LATEST
[2026-07-13 11:35:33] [210/1596] Dumping FI_PN_LC_NO_MAR22 ...
[2026-07-13 11:35:34] [210/1596] OK FI_PN_LC_NO_MAR22
[2026-07-13 11:35:34] [211/1596] Dumping FI_PN_LICI_1995_2004 ...
[2026-07-13 11:35:34] [211/1596] OK FI_PN_LICI_1995_2004
[2026-07-13 11:35:34] [212/1596] Dumping FI_PN_LIC_11012021 ...
[2026-07-13 11:35:36] [212/1596] OK FI_PN_LIC_11012021
[2026-07-13 11:35:36] [213/1596] Dumping FI_PN_LIC_AGE_RATE ...
[2026-07-13 11:35:36] [213/1596] OK FI_PN_LIC_AGE_RATE
[2026-07-13 11:35:36] [214/1596] Dumping FI_PN_LIC_AGE_RATE_OLD ...
[2026-07-13 11:35:37] [214/1596] OK FI_PN_LIC_AGE_RATE_OLD
[2026-07-13 11:35:37] [215/1596] Dumping FI_PN_LIC_BASIC_DIFF ...
[2026-07-13 11:35:37] [215/1596] OK FI_PN_LIC_BASIC_DIFF
[2026-07-13 11:35:37] [216/1596] Dumping FI_PN_LIC_BILL_GEN ...
[2026-07-13 11:35:37] [216/1596] OK FI_PN_LIC_BILL_GEN
[2026-07-13 11:35:37] [217/1596] Dumping FI_PN_LIC_COMMU_2015_TMP ...
[2026-07-13 11:35:37] [217/1596] OK FI_PN_LIC_COMMU_2015_TMP
[2026-07-13 11:35:37] [218/1596] Dumping FI_PN_LIC_COMM_AGE_RATE ...
[2026-07-13 11:35:37] [218/1596] OK FI_PN_LIC_COMM_AGE_RATE
[2026-07-13 11:35:37] [219/1596] Dumping FI_PN_LIC_COUNT ...
[2026-07-13 11:35:37] [219/1596] OK FI_PN_LIC_COUNT
[2026-07-13 11:35:37] [220/1596] Dumping FI_PN_LIC_DATA_DTLS ...
[2026-07-13 11:35:37] [220/1596] OK FI_PN_LIC_DATA_DTLS
[2026-07-13 11:35:37] [221/1596] Dumping FI_PN_LIC_DA_AMT ...
[2026-07-13 11:35:37] [221/1596] OK FI_PN_LIC_DA_AMT
[2026-07-13 11:35:37] [222/1596] Dumping FI_PN_LIC_DEATH_BILL ...
[2026-07-13 11:35:37] [222/1596] OK FI_PN_LIC_DEATH_BILL
[2026-07-13 11:35:37] [223/1596] Dumping FI_PN_LIC_DETAILS_DATA ...
[2026-07-13 11:35:38] [223/1596] OK FI_PN_LIC_DETAILS_DATA
[2026-07-13 11:35:38] [224/1596] Dumping FI_PN_LIC_FAMILY ...
[2026-07-13 11:35:38] [224/1596] OK FI_PN_LIC_FAMILY
[2026-07-13 11:35:38] [225/1596] Dumping FI_PN_LIC_GOPAL_2015_TMP ...
[2026-07-13 11:35:38] [225/1596] OK FI_PN_LIC_GOPAL_2015_TMP
[2026-07-13 11:35:38] [226/1596] Dumping FI_PN_LIC_GRAT_2015_TMP ...
[2026-07-13 11:35:38] [226/1596] OK FI_PN_LIC_GRAT_2015_TMP
[2026-07-13 11:35:38] [227/1596] Dumping FI_PN_LIC_GRAT_COMM_AGE_RATE ...
[2026-07-13 11:35:38] [227/1596] OK FI_PN_LIC_GRAT_COMM_AGE_RATE
[2026-07-13 11:35:38] [228/1596] Dumping FI_PN_LIC_GRAT_MASTER ...
[2026-07-13 11:35:38] [228/1596] OK FI_PN_LIC_GRAT_MASTER
[2026-07-13 11:35:38] [229/1596] Dumping FI_PN_LIC_HDC ...
[2026-07-13 11:35:38] [229/1596] OK FI_PN_LIC_HDC
[2026-07-13 11:35:38] [230/1596] Dumping FI_PN_LIC_HDC_JUN19 ...
[2026-07-13 11:35:39] [230/1596] OK FI_PN_LIC_HDC_JUN19
[2026-07-13 11:35:39] [231/1596] Dumping FI_PN_LIC_LOAD ...
[2026-07-13 11:35:39] [231/1596] OK FI_PN_LIC_LOAD
[2026-07-13 11:35:39] [232/1596] Dumping FI_PN_LIC_MASTER ...
[2026-07-13 11:35:39] [232/1596] FAIL FI_PN_LIC_MASTER: (1264, "Out of range value for column 'MOBILE_NO' at row 54")
[2026-07-13 11:35:39] [233/1596] Dumping FI_PN_LIC_MASTER10012017 ...
[2026-07-13 11:35:40] [233/1596] OK FI_PN_LIC_MASTER10012017
[2026-07-13 11:35:40] [234/1596] Dumping FI_PN_LIC_MASTER_06102016 ...
[2026-07-13 11:35:40] [234/1596] OK FI_PN_LIC_MASTER_06102016
[2026-07-13 11:35:40] [235/1596] Dumping FI_PN_LIC_MASTER_072015 ...
[2026-07-13 11:35:41] [235/1596] OK FI_PN_LIC_MASTER_072015
[2026-07-13 11:35:41] [236/1596] Dumping FI_PN_LIC_MASTER_09022026 ...
[2026-07-13 11:35:41] [236/1596] FAIL FI_PN_LIC_MASTER_09022026: (1264, "Out of range value for column 'MOBILE_NO' at row 56")
[2026-07-13 11:35:41] [237/1596] Dumping FI_PN_LIC_MASTER_09042015 ...
[2026-07-13 11:35:42] [237/1596] OK FI_PN_LIC_MASTER_09042015
[2026-07-13 11:35:42] [238/1596] Dumping FI_PN_LIC_MASTER_101025 ...
[2026-07-13 11:35:42] [238/1596] FAIL FI_PN_LIC_MASTER_101025: (1264, "Out of range value for column 'MOBILE_NO' at row 27")
[2026-07-13 11:35:42] [239/1596] Dumping FI_PN_LIC_MASTER_120416 ...
[2026-07-13 11:35:43] [239/1596] OK FI_PN_LIC_MASTER_120416
[2026-07-13 11:35:43] [240/1596] Dumping FI_PN_LIC_MASTER_140725 ...
[2026-07-13 11:35:43] [240/1596] FAIL FI_PN_LIC_MASTER_140725: (1264, "Out of range value for column 'MOBILE_NO' at row 14")
[2026-07-13 11:35:43] [241/1596] Dumping FI_PN_LIC_MASTER_16102020 ...
[2026-07-13 11:35:46] [241/1596] OK FI_PN_LIC_MASTER_16102020
[2026-07-13 11:35:46] [242/1596] Dumping FI_PN_LIC_MASTER_17042017 ...
[2026-07-13 11:35:47] [242/1596] OK FI_PN_LIC_MASTER_17042017
[2026-07-13 11:35:47] [243/1596] Dumping FI_PN_LIC_MASTER_18012021 ...
[2026-07-13 11:35:49] [243/1596] OK FI_PN_LIC_MASTER_18012021
[2026-07-13 11:35:49] [244/1596] Dumping FI_PN_LIC_MASTER_ANN_UPDT ...
[2026-07-13 11:35:49] [244/1596] OK FI_PN_LIC_MASTER_ANN_UPDT
[2026-07-13 11:35:49] [245/1596] Dumping FI_PN_LIC_MASTER_ANN_UPDT_2 ...
[2026-07-13 11:35:50] [245/1596] OK FI_PN_LIC_MASTER_ANN_UPDT_2
[2026-07-13 11:35:50] [246/1596] Dumping FI_PN_LIC_MASTER_AS ...
[2026-07-13 11:35:50] [246/1596] OK FI_PN_LIC_MASTER_AS
[2026-07-13 11:35:50] [247/1596] Dumping FI_PN_LIC_MASTER_BANK_BACK ...
[2026-07-13 11:35:51] [247/1596] OK FI_PN_LIC_MASTER_BANK_BACK
[2026-07-13 11:35:51] [248/1596] Dumping FI_PN_LIC_MASTER_H ...
[2026-07-13 11:35:52] [248/1596] OK FI_PN_LIC_MASTER_H
[2026-07-13 11:35:52] [249/1596] Dumping FI_PN_LIC_MASTER_HALDIA ...
[2026-07-13 11:35:52] [249/1596] OK FI_PN_LIC_MASTER_HALDIA
[2026-07-13 11:35:52] [250/1596] Dumping FI_PN_LIC_MASTER_HALDIA1125 ...
[2026-07-13 11:35:52] [250/1596] FAIL FI_PN_LIC_MASTER_HALDIA1125: (1264, "Out of range value for column 'MOBILE_NO' at row 51")
[2026-07-13 11:35:52] [251/1596] Dumping FI_PN_LIC_MONTHLY_BILL ...
[2026-07-13 11:35:52] [251/1596] OK FI_PN_LIC_MONTHLY_BILL
[2026-07-13 11:35:52] [252/1596] Dumping FI_PN_LIC_MONTHLY_BILL_ALL ...
[2026-07-13 11:35:53] [252/1596] OK FI_PN_LIC_MONTHLY_BILL_ALL
[2026-07-13 11:35:53] [253/1596] Dumping FI_PN_LIC_MONTHLY_BILL_BACK ...
[2026-07-13 11:35:53] [253/1596] OK FI_PN_LIC_MONTHLY_BILL_BACK
[2026-07-13 11:35:53] [254/1596] Dumping FI_PN_LIC_MONTHLY_BILL_OCT ...
[2026-07-13 11:35:54] [254/1596] OK FI_PN_LIC_MONTHLY_BILL_OCT
[2026-07-13 11:35:54] [255/1596] Dumping FI_PN_LIC_MONTHLY_BILL_TEMP ...
[2026-07-13 11:35:54] [255/1596] OK FI_PN_LIC_MONTHLY_BILL_TEMP
[2026-07-13 11:35:54] [256/1596] Dumping FI_PN_LIC_MONTHLY_BILL_TT ...
[2026-07-13 11:35:55] [256/1596] OK FI_PN_LIC_MONTHLY_BILL_TT
[2026-07-13 11:35:55] [257/1596] Dumping FI_PN_LIC_OCT10 ...
[2026-07-13 11:35:55] [257/1596] OK FI_PN_LIC_OCT10
[2026-07-13 11:35:55] [258/1596] Dumping FI_PN_LIC_PENSIONER_MAST ...
[2026-07-13 11:35:55] [258/1596] OK FI_PN_LIC_PENSIONER_MAST
[2026-07-13 11:35:55] [259/1596] Dumping FI_PN_LIC_RESTORE ...
[2026-07-13 11:35:55] [259/1596] OK FI_PN_LIC_RESTORE
[2026-07-13 11:35:55] [260/1596] Dumping FI_PN_LIC_RESTORE_120120222 ...
[2026-07-13 11:35:55] [260/1596] OK FI_PN_LIC_RESTORE_120120222
[2026-07-13 11:35:55] [261/1596] Dumping FI_PN_LIC_REV ...
[2026-07-13 11:35:55] [261/1596] OK FI_PN_LIC_REV
[2026-07-13 11:35:55] [262/1596] Dumping FI_PN_LIC_TO_NABA ...
[2026-07-13 11:35:55] [262/1596] OK FI_PN_LIC_TO_NABA
[2026-07-13 11:35:55] [263/1596] Dumping FI_PN_LIC_VS_PORT ...
[2026-07-13 11:35:56] [263/1596] OK FI_PN_LIC_VS_PORT
[2026-07-13 11:35:56] [264/1596] Dumping FI_PN_MD_BANKMAP ...
[2026-07-13 11:35:56] [264/1596] OK FI_PN_MD_BANKMAP
[2026-07-13 11:35:56] [265/1596] Dumping FI_PN_MD_COMMRATE_RUPEE ...
[2026-07-13 11:35:56] [265/1596] OK FI_PN_MD_COMMRATE_RUPEE
[2026-07-13 11:35:56] [266/1596] Dumping FI_PN_MD_COMMRATE_RUPEE_BKP ...
[2026-07-13 11:35:56] [266/1596] OK FI_PN_MD_COMMRATE_RUPEE_BKP
[2026-07-13 11:35:56] [267/1596] Dumping FI_PN_MD_DCRGRATUITY_CLAIMDTL ...
[2026-07-13 11:35:56] [267/1596] OK FI_PN_MD_DCRGRATUITY_CLAIMDTL
[2026-07-13 11:35:56] [268/1596] Dumping FI_PN_MD_DEATH_GRATCHART ...
[2026-07-13 11:35:56] [268/1596] OK FI_PN_MD_DEATH_GRATCHART
[2026-07-13 11:35:56] [269/1596] Dumping FI_PN_MD_EDBILLTYPE_MAP ...
[2026-07-13 11:35:56] [269/1596] OK FI_PN_MD_EDBILLTYPE_MAP
[2026-07-13 11:35:56] [270/1596] Dumping FI_PN_MD_EXG_CIRCULAR ...
[2026-07-13 11:35:56] [270/1596] OK FI_PN_MD_EXG_CIRCULAR
[2026-07-13 11:35:56] [271/1596] Dumping FI_PN_MD_FPEN_APPCN ...
[2026-07-13 11:35:57] [271/1596] OK FI_PN_MD_FPEN_APPCN
[2026-07-13 11:35:57] [272/1596] Dumping FI_PN_MD_FPEN_APPCN_BK ...
[2026-07-13 11:35:58] [272/1596] OK FI_PN_MD_FPEN_APPCN_BK
[2026-07-13 11:35:58] [273/1596] Dumping FI_PN_MD_FPEN_CIRCULAR ...
[2026-07-13 11:35:58] [273/1596] OK FI_PN_MD_FPEN_CIRCULAR
[2026-07-13 11:35:58] [274/1596] Dumping FI_PN_MD_FPEN_CIRCULARBS ...
[2026-07-13 11:35:58] [274/1596] OK FI_PN_MD_FPEN_CIRCULARBS
[2026-07-13 11:35:58] [275/1596] Dumping FI_PN_MD_JRNLTYPE ...
[2026-07-13 11:35:58] [275/1596] OK FI_PN_MD_JRNLTYPE
[2026-07-13 11:35:58] [276/1596] Dumping FI_PN_MD_MAXADM_GRATUITY ...
[2026-07-13 11:35:58] [276/1596] OK FI_PN_MD_MAXADM_GRATUITY
[2026-07-13 11:35:58] [277/1596] Dumping FI_PN_MD_OLDBILL ...
[2026-07-13 11:35:59] [277/1596] OK FI_PN_MD_OLDBILL
[2026-07-13 11:35:59] [278/1596] Dumping FI_PN_MD_OLDBILL_H ...
[2026-07-13 11:35:59] [278/1596] OK FI_PN_MD_OLDBILL_H
[2026-07-13 11:35:59] [279/1596] Dumping FI_PN_MD_OLDBILL_PARAM ...
[2026-07-13 11:35:59] [279/1596] OK FI_PN_MD_OLDBILL_PARAM
[2026-07-13 11:35:59] [280/1596] Dumping FI_PN_MD_PAYSCALE ...
[2026-07-13 11:35:59] [280/1596] OK FI_PN_MD_PAYSCALE
[2026-07-13 11:35:59] [281/1596] Dumping FI_PN_MD_PENSION_PROPOSAL ...
[2026-07-13 11:36:00] [281/1596] OK FI_PN_MD_PENSION_PROPOSAL
[2026-07-13 11:36:00] [282/1596] Dumping FI_PN_MD_PENSION_PROPOSAL_H ...
[2026-07-13 11:36:00] [282/1596] OK FI_PN_MD_PENSION_PROPOSAL_H
[2026-07-13 11:36:00] [283/1596] Dumping FI_PN_MEDICAL_ALLOWANCE ...
[2026-07-13 11:36:01] [283/1596] OK FI_PN_MEDICAL_ALLOWANCE
[2026-07-13 11:36:01] [284/1596] Dumping FI_PN_MEDICAL_ALLOWANCE_HIST ...
[2026-07-13 11:36:01] [284/1596] OK FI_PN_MEDICAL_ALLOWANCE_HIST
[2026-07-13 11:36:01] [285/1596] Dumping FI_PN_MH_ACP_FAM_LIC ...
[2026-07-13 11:36:01] [285/1596] OK FI_PN_MH_ACP_FAM_LIC
[2026-07-13 11:36:01] [286/1596] Dumping FI_PN_MH_ADA_RATE ...
[2026-07-13 11:36:01] [286/1596] OK FI_PN_MH_ADA_RATE
[2026-07-13 11:36:01] [287/1596] Dumping FI_PN_MH_ADA_RATE_BKP ...
[2026-07-13 11:36:01] [287/1596] OK FI_PN_MH_ADA_RATE_BKP
[2026-07-13 11:36:01] [288/1596] Dumping FI_PN_MH_APPLICATION ...
[2026-07-13 11:36:02] [288/1596] OK FI_PN_MH_APPLICATION
[2026-07-13 11:36:02] [289/1596] Dumping FI_PN_MH_APPLICATION_BKP ...
[2026-07-13 11:36:02] [289/1596] OK FI_PN_MH_APPLICATION_BKP
[2026-07-13 11:36:02] [290/1596] Dumping FI_PN_MH_ARREAR2P2 ...
[2026-07-13 11:36:02] [290/1596] OK FI_PN_MH_ARREAR2P2
[2026-07-13 11:36:02] [291/1596] Dumping FI_PN_MH_ARREAR2P2_ACP ...
[2026-07-13 11:36:02] [291/1596] OK FI_PN_MH_ARREAR2P2_ACP
[2026-07-13 11:36:02] [292/1596] Dumping FI_PN_MH_ARREAR2P2_ACP_LIC ...
[2026-07-13 11:36:02] [292/1596] OK FI_PN_MH_ARREAR2P2_ACP_LIC
[2026-07-13 11:36:02] [293/1596] Dumping FI_PN_MH_ARREAR2P2_ACP_LIC_BKP ...
[2026-07-13 11:36:02] [293/1596] OK FI_PN_MH_ARREAR2P2_ACP_LIC_BKP
[2026-07-13 11:36:02] [294/1596] Dumping FI_PN_MH_ARREAR2P2_ACP_LIC_FAM ...
[2026-07-13 11:36:02] [294/1596] OK FI_PN_MH_ARREAR2P2_ACP_LIC_FAM
[2026-07-13 11:36:02] [295/1596] Dumping FI_PN_MH_ARREAR2P2_ACP_LIC_OLD ...
[2026-07-13 11:36:02] [295/1596] OK FI_PN_MH_ARREAR2P2_ACP_LIC_OLD
[2026-07-13 11:36:02] [296/1596] Dumping FI_PN_MH_ARREAR2P2_BACK ...
[2026-07-13 11:36:02] [296/1596] OK FI_PN_MH_ARREAR2P2_BACK
[2026-07-13 11:36:02] [297/1596] Dumping FI_PN_MH_BASE_CPI ...
[2026-07-13 11:36:02] [297/1596] OK FI_PN_MH_BASE_CPI
[2026-07-13 11:36:02] [298/1596] Dumping FI_PN_MH_BILLTYPE ...
[2026-07-13 11:36:03] [298/1596] OK FI_PN_MH_BILLTYPE
[2026-07-13 11:36:03] [299/1596] Dumping FI_PN_MH_BILL_PRINT ...
[2026-07-13 11:36:03] [299/1596] OK FI_PN_MH_BILL_PRINT
[2026-07-13 11:36:03] [300/1596] Dumping FI_PN_MH_BILL_PRINT_2022 ...
[2026-07-13 11:36:03] [300/1596] OK FI_PN_MH_BILL_PRINT_2022
[2026-07-13 11:36:03] [301/1596] Dumping FI_PN_MH_BILL_PRINT_DEAD ...
[2026-07-13 11:36:03] [301/1596] OK FI_PN_MH_BILL_PRINT_DEAD
[2026-07-13 11:36:03] [302/1596] Dumping FI_PN_MH_CALC_DA ...
[2026-07-13 11:36:03] [302/1596] OK FI_PN_MH_CALC_DA
[2026-07-13 11:36:03] [303/1596] Dumping FI_PN_MH_COMMRATE_RUPEE ...
[2026-07-13 11:36:03] [303/1596] OK FI_PN_MH_COMMRATE_RUPEE
[2026-07-13 11:36:03] [304/1596] Dumping FI_PN_MH_CONSOLIDATION ...
[2026-07-13 11:36:03] [304/1596] OK FI_PN_MH_CONSOLIDATION
[2026-07-13 11:36:03] [305/1596] Dumping FI_PN_MH_DCRGRATUITY_CLAIM ...
[2026-07-13 11:36:03] [305/1596] OK FI_PN_MH_DCRGRATUITY_CLAIM
[2026-07-13 11:36:03] [306/1596] Dumping FI_PN_MH_DEATH2P2_ACP_LIC ...
[2026-07-13 11:36:03] [306/1596] OK FI_PN_MH_DEATH2P2_ACP_LIC
[2026-07-13 11:36:03] [307/1596] Dumping FI_PN_MH_DEATH2P2_ACP_LIC_BKP ...
[2026-07-13 11:36:03] [307/1596] OK FI_PN_MH_DEATH2P2_ACP_LIC_BKP
[2026-07-13 11:36:03] [308/1596] Dumping FI_PN_MH_DEATH_GRATCHART ...
[2026-07-13 11:36:03] [308/1596] OK FI_PN_MH_DEATH_GRATCHART
[2026-07-13 11:36:03] [309/1596] Dumping FI_PN_MH_EARNDEDN ...
[2026-07-13 11:36:04] [309/1596] OK FI_PN_MH_EARNDEDN
[2026-07-13 11:36:04] [310/1596] Dumping FI_PN_MH_EARNDEDNLT ...
[2026-07-13 11:36:04] [310/1596] OK FI_PN_MH_EARNDEDNLT
[2026-07-13 11:36:04] [311/1596] Dumping FI_PN_MH_EARNDEDN_PENELIGBLE ...
[2026-07-13 11:36:04] [311/1596] OK FI_PN_MH_EARNDEDN_PENELIGBLE
[2026-07-13 11:36:04] [312/1596] Dumping FI_PN_MH_EARNDEDN_TEST ...
[2026-07-13 11:36:04] [312/1596] OK FI_PN_MH_EARNDEDN_TEST
[2026-07-13 11:36:04] [313/1596] Dumping FI_PN_MH_ERNDEDNMAP ...
[2026-07-13 11:36:04] [313/1596] OK FI_PN_MH_ERNDEDNMAP
[2026-07-13 11:36:04] [314/1596] Dumping FI_PN_MH_EXGRATIA_HOLDER ...
[2026-07-13 11:36:04] [314/1596] OK FI_PN_MH_EXGRATIA_HOLDER
[2026-07-13 11:36:04] [315/1596] Dumping FI_PN_MH_EXG_CIRCULAR ...
[2026-07-13 11:36:04] [315/1596] OK FI_PN_MH_EXG_CIRCULAR
[2026-07-13 11:36:04] [316/1596] Dumping FI_PN_MH_FAMILYPENSIONER ...
[2026-07-13 11:36:06] [316/1596] OK FI_PN_MH_FAMILYPENSIONER
[2026-07-13 11:36:06] [317/1596] Dumping FI_PN_MH_FAMILYPENSIONER_1709 ...
[2026-07-13 11:36:07] [317/1596] OK FI_PN_MH_FAMILYPENSIONER_1709
[2026-07-13 11:36:07] [318/1596] Dumping FI_PN_MH_FAMILYPENSIONER_BKP ...
[2026-07-13 11:36:08] [318/1596] OK FI_PN_MH_FAMILYPENSIONER_BKP
[2026-07-13 11:36:08] [319/1596] Dumping FI_PN_MH_FAMILYPENSIONER_PREV ...
[2026-07-13 11:36:09] [319/1596] OK FI_PN_MH_FAMILYPENSIONER_PREV
[2026-07-13 11:36:09] [320/1596] Dumping FI_PN_MH_FAMILY_ACP_LIC ...
[2026-07-13 11:36:09] [320/1596] OK FI_PN_MH_FAMILY_ACP_LIC
[2026-07-13 11:36:09] [321/1596] Dumping FI_PN_MH_FPEN_CACLAIM ...
[2026-07-13 11:36:11] [321/1596] OK FI_PN_MH_FPEN_CACLAIM
[2026-07-13 11:36:11] [322/1596] Dumping FI_PN_MH_FPEN_CACLAIM_ARPAN ...
[2026-07-13 11:36:11] [322/1596] OK FI_PN_MH_FPEN_CACLAIM_ARPAN
[2026-07-13 11:36:11] [323/1596] Dumping FI_PN_MH_FPEN_CACLAIM_BK ...
[2026-07-13 11:36:11] [323/1596] OK FI_PN_MH_FPEN_CACLAIM_BK
[2026-07-13 11:36:11] [324/1596] Dumping FI_PN_MH_FPEN_CIRCULAR ...
[2026-07-13 11:36:11] [324/1596] OK FI_PN_MH_FPEN_CIRCULAR
[2026-07-13 11:36:11] [325/1596] Dumping FI_PN_MH_JRNLTYPE ...
[2026-07-13 11:36:11] [325/1596] OK FI_PN_MH_JRNLTYPE
[2026-07-13 11:36:11] [326/1596] Dumping FI_PN_MH_LETTER ...
[2026-07-13 11:36:11] [326/1596] OK FI_PN_MH_LETTER
[2026-07-13 11:36:11] [327/1596] Dumping FI_PN_MH_LETTER_H ...
[2026-07-13 11:36:11] [327/1596] OK FI_PN_MH_LETTER_H
[2026-07-13 11:36:11] [328/1596] Dumping FI_PN_MH_MACP_FAMILY ...
[2026-07-13 11:36:12] [328/1596] OK FI_PN_MH_MACP_FAMILY
[2026-07-13 11:36:12] [329/1596] Dumping FI_PN_MH_MACP_NORMAL ...
[2026-07-13 11:36:12] [329/1596] OK FI_PN_MH_MACP_NORMAL
[2026-07-13 11:36:12] [330/1596] Dumping FI_PN_MH_OLDBILL ...
[2026-07-13 11:36:14] [330/1596] OK FI_PN_MH_OLDBILL
[2026-07-13 11:36:14] [331/1596] Dumping FI_PN_MH_OLDBILL_H ...
[2026-07-13 11:36:14] [331/1596] OK FI_PN_MH_OLDBILL_H
[2026-07-13 11:36:14] [332/1596] Dumping FI_PN_MH_OLDBILL_PARAM ...
[2026-07-13 11:36:15] [332/1596] OK FI_PN_MH_OLDBILL_PARAM
[2026-07-13 11:36:15] [333/1596] Dumping FI_PN_MH_PAYSCALE ...
[2026-07-13 11:36:15] [333/1596] OK FI_PN_MH_PAYSCALE
[2026-07-13 11:36:15] [334/1596] Dumping FI_PN_MH_PENFPEN_DEATH ...
[2026-07-13 11:36:15] [334/1596] OK FI_PN_MH_PENFPEN_DEATH
[2026-07-13 11:36:15] [335/1596] Dumping FI_PN_MH_PENSIONER ...
[2026-07-13 11:36:17] [335/1596] OK FI_PN_MH_PENSIONER
[2026-07-13 11:36:17] [336/1596] Dumping FI_PN_MH_PENSIONER_01012007 ...
[2026-07-13 11:36:18] [336/1596] OK FI_PN_MH_PENSIONER_01012007
[2026-07-13 11:36:18] [337/1596] Dumping FI_PN_MH_PENSIONER_EXC ...
[2026-07-13 11:36:18] [337/1596] OK FI_PN_MH_PENSIONER_EXC
[2026-07-13 11:36:18] [338/1596] Dumping FI_PN_MH_PENSIONER_PREV ...
[2026-07-13 11:36:18] [338/1596] OK FI_PN_MH_PENSIONER_PREV
[2026-07-13 11:36:18] [339/1596] Dumping FI_PN_MH_PENSIONER_REV ...
[2026-07-13 11:36:18] [339/1596] OK FI_PN_MH_PENSIONER_REV
[2026-07-13 11:36:18] [340/1596] Dumping FI_PN_MH_PENSION_PROPOSAL ...
[2026-07-13 11:36:19] [340/1596] OK FI_PN_MH_PENSION_PROPOSAL
[2026-07-13 11:36:19] [341/1596] Dumping FI_PN_MH_PENSION_PROPOSAL_H ...
[2026-07-13 11:36:19] [341/1596] OK FI_PN_MH_PENSION_PROPOSAL_H
[2026-07-13 11:36:19] [342/1596] Dumping FI_PN_MH_PENSION_PROPOSAL_PREV ...
[2026-07-13 11:36:20] [342/1596] OK FI_PN_MH_PENSION_PROPOSAL_PREV
[2026-07-13 11:36:20] [343/1596] Dumping FI_PN_MH_PEN_CAL ...
[2026-07-13 11:36:20] [343/1596] OK FI_PN_MH_PEN_CAL
[2026-07-13 11:36:20] [344/1596] Dumping FI_PN_MH_PMTHSETUP ...
[2026-07-13 11:36:20] [344/1596] OK FI_PN_MH_PMTHSETUP
[2026-07-13 11:36:20] [345/1596] Dumping FI_PN_MH_RELIEF_RATE ...
[2026-07-13 11:36:20] [345/1596] OK FI_PN_MH_RELIEF_RATE
[2026-07-13 11:36:20] [346/1596] Dumping FI_PN_MH_SCALEMAP ...
[2026-07-13 11:36:20] [346/1596] OK FI_PN_MH_SCALEMAP
[2026-07-13 11:36:20] [347/1596] Dumping FI_PN_MH_SERVICE_GRATCHART ...
[2026-07-13 11:36:20] [347/1596] OK FI_PN_MH_SERVICE_GRATCHART
[2026-07-13 11:36:20] [348/1596] Dumping FI_PN_MH_UOM ...
[2026-07-13 11:36:20] [348/1596] OK FI_PN_MH_UOM
[2026-07-13 11:36:20] [349/1596] Dumping FI_PN_MONTHLY_BILL_STAT ...
[2026-07-13 11:36:21] [349/1596] OK FI_PN_MONTHLY_BILL_STAT
[2026-07-13 11:36:21] [350/1596] Dumping FI_PN_MONTHLY_PENSION ...
[2026-07-13 11:37:02] [350/1596] OK FI_PN_MONTHLY_PENSION
[2026-07-13 11:37:02] [351/1596] Dumping FI_PN_MONTHLY_PENSION_NEW ...
[2026-07-13 11:37:04] [351/1596] OK FI_PN_MONTHLY_PENSION_NEW
[2026-07-13 11:37:04] [352/1596] Dumping FI_PN_MTHWISE_PEN ...
[2026-07-13 11:37:58] [352/1596] OK FI_PN_MTHWISE_PEN
[2026-07-13 11:37:58] [353/1596] Dumping FI_PN_MTHWISE_PEN_GRP ...
[2026-07-13 11:38:02] [353/1596] OK FI_PN_MTHWISE_PEN_GRP
[2026-07-13 11:38:02] [354/1596] Dumping FI_PN_MTHWISE_PEN_NET ...
[2026-07-13 11:38:28] [354/1596] OK FI_PN_MTHWISE_PEN_NET
[2026-07-13 11:38:28] [355/1596] Dumping FI_PN_MTHWISE_PEN_NET_LIC ...
[2026-07-13 11:38:30] [355/1596] OK FI_PN_MTHWISE_PEN_NET_LIC
[2026-07-13 11:38:30] [356/1596] Dumping FI_PN_MTH_BILL_ALLOC ...
[2026-07-13 11:38:30] [356/1596] OK FI_PN_MTH_BILL_ALLOC
[2026-07-13 11:38:30] [357/1596] Dumping FI_PN_NABA_ERP ...
[2026-07-13 11:38:30] [357/1596] OK FI_PN_NABA_ERP
[2026-07-13 11:38:30] [358/1596] Dumping FI_PN_NABA_LOAD ...
[2026-07-13 11:38:30] [358/1596] OK FI_PN_NABA_LOAD
[2026-07-13 11:38:30] [359/1596] Dumping FI_PN_NEW_DAPCT ...
[2026-07-13 11:38:30] [359/1596] OK FI_PN_NEW_DAPCT
[2026-07-13 11:38:30] [360/1596] Dumping FI_PN_NEW_DAPCT_2022 ...
[2026-07-13 11:38:31] [360/1596] OK FI_PN_NEW_DAPCT_2022
[2026-07-13 11:38:31] [361/1596] Dumping FI_PN_NEW_PAY ...
[2026-07-13 11:38:31] [361/1596] OK FI_PN_NEW_PAY
[2026-07-13 11:38:31] [362/1596] Dumping FI_PN_NEW_PAY_BK ...
[2026-07-13 11:38:31] [362/1596] OK FI_PN_NEW_PAY_BK
[2026-07-13 11:38:31] [363/1596] Dumping FI_PN_NEW_REQ1 ...
[2026-07-13 11:38:31] [363/1596] OK FI_PN_NEW_REQ1
[2026-07-13 11:38:31] [364/1596] Dumping FI_PN_NON_LIC_FAMILY ...
[2026-07-13 11:38:31] [364/1596] OK FI_PN_NON_LIC_FAMILY
[2026-07-13 11:38:31] [365/1596] Dumping FI_PN_NPS_PENSIONER ...
[2026-07-13 11:38:31] [365/1596] OK FI_PN_NPS_PENSIONER
[2026-07-13 11:38:31] [366/1596] Dumping FI_PN_OCT_RESTOR ...
[2026-07-13 11:38:31] [366/1596] OK FI_PN_OCT_RESTOR
[2026-07-13 11:38:31] [367/1596] Dumping FI_PN_OLDAGE_ARREAR ...
[2026-07-13 11:38:32] [367/1596] OK FI_PN_OLDAGE_ARREAR
[2026-07-13 11:38:32] [368/1596] Dumping FI_PN_OLDAGE_ARREAR_WEB ...
[2026-07-13 11:38:35] [368/1596] OK FI_PN_OLDAGE_ARREAR_WEB
[2026-07-13 11:38:35] [369/1596] Dumping FI_PN_PAYMENT2022 ...
[2026-07-13 11:38:35] [369/1596] OK FI_PN_PAYMENT2022
[2026-07-13 11:38:35] [370/1596] Dumping FI_PN_PAYMENTWORK2022 ...
[2026-07-13 11:38:36] [370/1596] OK FI_PN_PAYMENTWORK2022
[2026-07-13 11:38:36] [371/1596] Dumping FI_PN_PAY_SHEET_2022 ...
[2026-07-13 11:38:36] [371/1596] OK FI_PN_PAY_SHEET_2022
[2026-07-13 11:38:36] [372/1596] Dumping FI_PN_PAY_SHEET_2022SUM ...
[2026-07-13 11:38:37] [372/1596] OK FI_PN_PAY_SHEET_2022SUM
[2026-07-13 11:38:37] [373/1596] Dumping FI_PN_PEN_CAL ...
[2026-07-13 11:38:37] [373/1596] OK FI_PN_PEN_CAL
[2026-07-13 11:38:37] [374/1596] Dumping FI_PN_PEN_CAL_BKP ...
[2026-07-13 11:38:38] [374/1596] OK FI_PN_PEN_CAL_BKP
[2026-07-13 11:38:38] [375/1596] Dumping FI_PN_PEN_CAL_HIST ...
[2026-07-13 11:38:38] [375/1596] OK FI_PN_PEN_CAL_HIST
[2026-07-13 11:38:38] [376/1596] Dumping FI_PN_PEN_DTL_50CS ...
[2026-07-13 11:38:38] [376/1596] OK FI_PN_PEN_DTL_50CS
[2026-07-13 11:38:38] [377/1596] Dumping FI_PN_PEN_HDR_50CS ...
[2026-07-13 11:38:38] [377/1596] OK FI_PN_PEN_HDR_50CS
[2026-07-13 11:38:38] [378/1596] Dumping FI_PN_PORT_PENSIONER ...
[2026-07-13 11:38:38] [378/1596] OK FI_PN_PORT_PENSIONER
[2026-07-13 11:38:38] [379/1596] Dumping FI_PN_PRADIP ...
[2026-07-13 11:38:38] [379/1596] OK FI_PN_PRADIP
[2026-07-13 11:38:38] [380/1596] Dumping FI_PN_RESTORE_FEB19 ...
[2026-07-13 11:38:39] [380/1596] OK FI_PN_RESTORE_FEB19
[2026-07-13 11:38:39] [381/1596] Dumping FI_PN_RESTORE_FEB19_2 ...
[2026-07-13 11:38:39] [381/1596] OK FI_PN_RESTORE_FEB19_2
[2026-07-13 11:38:39] [382/1596] Dumping FI_PN_REVERT ...
[2026-07-13 11:38:39] [382/1596] OK FI_PN_REVERT
[2026-07-13 11:38:39] [383/1596] Dumping FI_PN_REV_PEN_ARR ...
[2026-07-13 11:38:54] [383/1596] OK FI_PN_REV_PEN_ARR
[2026-07-13 11:38:54] [384/1596] Dumping FI_PN_REV_SALOUT ...
[2026-07-13 11:38:54] [384/1596] OK FI_PN_REV_SALOUT
[2026-07-13 11:38:54] [385/1596] Dumping FI_PN_ROLL ...
[2026-07-13 11:38:54] [385/1596] OK FI_PN_ROLL
[2026-07-13 11:38:54] [386/1596] Dumping FI_PN_SANDIP ...
[2026-07-13 11:38:55] [386/1596] OK FI_PN_SANDIP
[2026-07-13 11:38:55] [387/1596] Dumping FI_PN_SBI_BAD_DATA ...
[2026-07-13 11:38:55] [387/1596] OK FI_PN_SBI_BAD_DATA
[2026-07-13 11:38:55] [388/1596] Dumping FI_PN_SBI_DUP_DATA ...
[2026-07-13 11:38:56] [388/1596] OK FI_PN_SBI_DUP_DATA
[2026-07-13 11:38:56] [389/1596] Dumping FI_PN_SBI_ERROR ...
[2026-07-13 11:38:56] [389/1596] OK FI_PN_SBI_ERROR
[2026-07-13 11:38:56] [390/1596] Dumping FI_PN_SBI_INIT_DATA ...
[2026-07-13 11:38:56] [390/1596] OK FI_PN_SBI_INIT_DATA
[2026-07-13 11:38:56] [391/1596] Dumping FI_PN_SBI_INIT_DATA_HIST ...
[2026-07-13 11:38:57] [391/1596] OK FI_PN_SBI_INIT_DATA_HIST
[2026-07-13 11:38:57] [392/1596] Dumping FI_PN_SBI_JULY_DATA ...
[2026-07-13 11:38:58] [392/1596] OK FI_PN_SBI_JULY_DATA
[2026-07-13 11:38:58] [393/1596] Dumping FI_PN_SBI_LIC_TEXT ...
[2026-07-13 11:38:58] [393/1596] OK FI_PN_SBI_LIC_TEXT
[2026-07-13 11:38:58] [394/1596] Dumping FI_PN_SBI_PREV_DATA ...
[2026-07-13 11:39:04] [394/1596] OK FI_PN_SBI_PREV_DATA
[2026-07-13 11:39:04] [395/1596] Dumping FI_PN_SBI_RAW_DATA ...
[2026-07-13 11:39:05] [395/1596] OK FI_PN_SBI_RAW_DATA
[2026-07-13 11:39:05] [396/1596] Dumping FI_PN_SBI_RAW_DATA_HIST ...
[2026-07-13 11:39:05] [396/1596] OK FI_PN_SBI_RAW_DATA_HIST
[2026-07-13 11:39:05] [397/1596] Dumping FI_PN_SCALE_MAP ...
[2026-07-13 11:39:05] [397/1596] OK FI_PN_SCALE_MAP
[2026-07-13 11:39:05] [398/1596] Dumping FI_PN_SCALE_MAP_OFFI ...
[2026-07-13 11:39:05] [398/1596] OK FI_PN_SCALE_MAP_OFFI
[2026-07-13 11:39:05] [399/1596] Dumping FI_PN_SLNO_GEN ...
[2026-07-13 11:39:05] [399/1596] OK FI_PN_SLNO_GEN
[2026-07-13 11:39:05] [400/1596] Dumping FI_PN_TD_17092014_FPENSION ...
[2026-07-13 11:39:05] [400/1596] OK FI_PN_TD_17092014_FPENSION
[2026-07-13 11:39:05] [401/1596] Dumping FI_PN_TD_2P2_ARREAR ...
[2026-07-13 11:39:06] [401/1596] OK FI_PN_TD_2P2_ARREAR
[2026-07-13 11:39:06] [402/1596] Dumping FI_PN_TD_ACP_FAM_LIC ...
[2026-07-13 11:39:06] [402/1596] OK FI_PN_TD_ACP_FAM_LIC
[2026-07-13 11:39:06] [403/1596] Dumping FI_PN_TD_ANNUITY ...
[2026-07-13 11:39:06] [403/1596] OK FI_PN_TD_ANNUITY
[2026-07-13 11:39:06] [404/1596] Dumping FI_PN_TD_ARREAR2P2 ...
[2026-07-13 11:39:06] [404/1596] OK FI_PN_TD_ARREAR2P2
[2026-07-13 11:39:06] [405/1596] Dumping FI_PN_TD_ARREAR2P2_ACP ...
[2026-07-13 11:39:06] [405/1596] OK FI_PN_TD_ARREAR2P2_ACP
[2026-07-13 11:39:06] [406/1596] Dumping FI_PN_TD_ARREAR2P2_ACP_LIC ...
[2026-07-13 11:39:06] [406/1596] OK FI_PN_TD_ARREAR2P2_ACP_LIC
[2026-07-13 11:39:06] [407/1596] Dumping FI_PN_TD_ARREAR2P2_ACP_LIC_BKP ...
[2026-07-13 11:39:06] [407/1596] OK FI_PN_TD_ARREAR2P2_ACP_LIC_BKP
[2026-07-13 11:39:06] [408/1596] Dumping FI_PN_TD_ARREAR2P2_ACP_LIC_FAM ...
[2026-07-13 11:39:07] [408/1596] OK FI_PN_TD_ARREAR2P2_ACP_LIC_FAM
[2026-07-13 11:39:07] [409/1596] Dumping FI_PN_TD_ARREAR2P2_ACP_LIC_OLD ...
[2026-07-13 11:39:07] [409/1596] OK FI_PN_TD_ARREAR2P2_ACP_LIC_OLD
[2026-07-13 11:39:07] [410/1596] Dumping FI_PN_TD_ARREAR_CON ...
[2026-07-13 11:39:14] [410/1596] OK FI_PN_TD_ARREAR_CON
[2026-07-13 11:39:14] [411/1596] Dumping FI_PN_TD_ARREAR_CON_DEATH ...
[2026-07-13 11:39:15] [411/1596] OK FI_PN_TD_ARREAR_CON_DEATH
[2026-07-13 11:39:15] [412/1596] Dumping FI_PN_TD_ARREAR_CON_FAM ...
[2026-07-13 11:39:22] [412/1596] OK FI_PN_TD_ARREAR_CON_FAM
[2026-07-13 11:39:22] [413/1596] Dumping FI_PN_TD_ARREAR_CON_HIS ...
[2026-07-13 11:39:28] [413/1596] OK FI_PN_TD_ARREAR_CON_HIS
[2026-07-13 11:39:28] [414/1596] Dumping FI_PN_TD_ARREAR_CON_LIC ...
[2026-07-13 11:39:29] [414/1596] OK FI_PN_TD_ARREAR_CON_LIC
[2026-07-13 11:39:29] [415/1596] Dumping FI_PN_TD_ARREAR_CON_REPROC ...
[2026-07-13 11:39:29] [415/1596] OK FI_PN_TD_ARREAR_CON_REPROC
[2026-07-13 11:39:29] [416/1596] Dumping FI_PN_TD_ARREAR_LIC_DEATH ...
[2026-07-13 11:39:29] [416/1596] OK FI_PN_TD_ARREAR_LIC_DEATH
[2026-07-13 11:39:29] [417/1596] Dumping FI_PN_TD_ARREAR_WEB ...
[2026-07-13 11:39:43] [417/1596] OK FI_PN_TD_ARREAR_WEB
[2026-07-13 11:39:43] [418/1596] Dumping FI_PN_TD_ARR_CON_SC ...
[2026-07-13 11:39:43] [418/1596] OK FI_PN_TD_ARR_CON_SC
[2026-07-13 11:39:43] [419/1596] Dumping FI_PN_TD_BASIC_CHANGE_ARR ...
[2026-07-13 11:39:45] [419/1596] OK FI_PN_TD_BASIC_CHANGE_ARR
[2026-07-13 11:39:45] [420/1596] Dumping FI_PN_TD_BASIC_CHANGE_ARR_126 ...
[2026-07-13 11:39:45] [420/1596] OK FI_PN_TD_BASIC_CHANGE_ARR_126
[2026-07-13 11:39:45] [421/1596] Dumping FI_PN_TD_BILLALOC ...
[2026-07-13 11:39:46] [421/1596] OK FI_PN_TD_BILLALOC
[2026-07-13 11:39:46] [422/1596] Dumping FI_PN_TD_BILLPASS ...
[2026-07-13 11:39:47] [422/1596] OK FI_PN_TD_BILLPASS
[2026-07-13 11:39:47] [423/1596] Dumping FI_PN_TD_BILLPASS_BACKUP ...
[2026-07-13 11:39:47] [423/1596] OK FI_PN_TD_BILLPASS_BACKUP
[2026-07-13 11:39:47] [424/1596] Dumping FI_PN_TD_COMBILL ...
[2026-07-13 11:39:47] [424/1596] OK FI_PN_TD_COMBILL
[2026-07-13 11:39:47] [425/1596] Dumping FI_PN_TD_CON_CPI_N ...
[2026-07-13 11:39:48] [425/1596] OK FI_PN_TD_CON_CPI_N
[2026-07-13 11:39:48] [426/1596] Dumping FI_PN_TD_CON_DEATH ...
[2026-07-13 11:39:48] [426/1596] OK FI_PN_TD_CON_DEATH
[2026-07-13 11:39:48] [427/1596] Dumping FI_PN_TD_CON_DEATH_LIC ...
[2026-07-13 11:39:48] [427/1596] OK FI_PN_TD_CON_DEATH_LIC
[2026-07-13 11:39:48] [428/1596] Dumping FI_PN_TD_CON_DEATH_TEST ...
[2026-07-13 11:39:48] [428/1596] OK FI_PN_TD_CON_DEATH_TEST
[2026-07-13 11:39:48] [429/1596] Dumping FI_PN_TD_CON_FAM_MULTI ...
[2026-07-13 11:39:49] [429/1596] OK FI_PN_TD_CON_FAM_MULTI
[2026-07-13 11:39:49] [430/1596] Dumping FI_PN_TD_CON_FAM_MULTI_LIC ...
[2026-07-13 11:39:49] [430/1596] OK FI_PN_TD_CON_FAM_MULTI_LIC
[2026-07-13 11:39:49] [431/1596] Dumping FI_PN_TD_CON_LIC_DEATH ...
[2026-07-13 11:39:49] [431/1596] OK FI_PN_TD_CON_LIC_DEATH
[2026-07-13 11:39:49] [432/1596] Dumping FI_PN_TD_CON_LIC_NORMAL ...
[2026-07-13 11:39:50] [432/1596] FAIL FI_PN_TD_CON_LIC_NORMAL: (1062, "Duplicate entry 'LIC-1888 -2017-04-01 00:00:00' for key 'fi_pn_td_con_lic_normal.PRIMARY'")
[2026-07-13 11:39:50] [433/1596] Dumping FI_PN_TD_CON_LIC_NORMAL_COPY ...
[2026-07-13 11:39:51] [433/1596] OK FI_PN_TD_CON_LIC_NORMAL_COPY
[2026-07-13 11:39:51] [434/1596] Dumping FI_PN_TD_CON_LIC_NORMAL_RANO ...
[2026-07-13 11:39:51] [434/1596] OK FI_PN_TD_CON_LIC_NORMAL_RANO
[2026-07-13 11:39:51] [435/1596] Dumping FI_PN_TD_CON_NORMAL ...
[2026-07-13 11:40:02] [435/1596] OK FI_PN_TD_CON_NORMAL
[2026-07-13 11:40:02] [436/1596] Dumping FI_PN_TD_CON_NORMAL_1 ...
[2026-07-13 11:40:05] [436/1596] OK FI_PN_TD_CON_NORMAL_1
[2026-07-13 11:40:05] [437/1596] Dumping FI_PN_TD_CON_NORMAL_2 ...
[2026-07-13 11:40:07] [437/1596] OK FI_PN_TD_CON_NORMAL_2
[2026-07-13 11:40:07] [438/1596] Dumping FI_PN_TD_CON_NORMAL_3 ...
[2026-07-13 11:40:10] [438/1596] OK FI_PN_TD_CON_NORMAL_3
[2026-07-13 11:40:10] [439/1596] Dumping FI_PN_TD_CON_NORMAL_4 ...
[2026-07-13 11:40:11] [439/1596] OK FI_PN_TD_CON_NORMAL_4
[2026-07-13 11:40:11] [440/1596] Dumping FI_PN_TD_CON_NORMAL_5 ...
[2026-07-13 11:40:11] [440/1596] OK FI_PN_TD_CON_NORMAL_5
[2026-07-13 11:40:11] [441/1596] Dumping FI_PN_TD_CON_NORMAL_SPL ...
[2026-07-13 11:40:11] [441/1596] OK FI_PN_TD_CON_NORMAL_SPL
[2026-07-13 11:40:11] [442/1596] Dumping FI_PN_TD_CON_NORMAL_TC ...
[2026-07-13 11:40:11] [442/1596] OK FI_PN_TD_CON_NORMAL_TC
[2026-07-13 11:40:11] [443/1596] Dumping FI_PN_TD_DEATH2P2_ACP_LIC ...
[2026-07-13 11:40:11] [443/1596] OK FI_PN_TD_DEATH2P2_ACP_LIC
[2026-07-13 11:40:11] [444/1596] Dumping FI_PN_TD_DEATH2P2_ACP_LIC_BKP ...
[2026-07-13 11:40:12] [444/1596] OK FI_PN_TD_DEATH2P2_ACP_LIC_BKP
[2026-07-13 11:40:12] [445/1596] Dumping FI_PN_TD_DECEASED_OLDAGE ...
[2026-07-13 11:40:12] [445/1596] OK FI_PN_TD_DECEASED_OLDAGE
[2026-07-13 11:40:12] [446/1596] Dumping FI_PN_TD_EXGRATIA_BILL ...
[2026-07-13 11:40:12] [446/1596] OK FI_PN_TD_EXGRATIA_BILL
[2026-07-13 11:40:12] [447/1596] Dumping FI_PN_TD_EXG_BCK ...
[2026-07-13 11:40:12] [447/1596] OK FI_PN_TD_EXG_BCK
[2026-07-13 11:40:12] [448/1596] Dumping FI_PN_TD_FAMILY_ACP_LIC ...
[2026-07-13 11:40:12] [448/1596] OK FI_PN_TD_FAMILY_ACP_LIC
[2026-07-13 11:40:12] [449/1596] Dumping FI_PN_TD_FAM_LIC_DEATH ...
[2026-07-13 11:40:12] [449/1596] OK FI_PN_TD_FAM_LIC_DEATH
[2026-07-13 11:40:12] [450/1596] Dumping FI_PN_TD_FIRST_MONTH_EXG ...
[2026-07-13 11:40:12] [450/1596] OK FI_PN_TD_FIRST_MONTH_EXG
[2026-07-13 11:40:12] [451/1596] Dumping FI_PN_TD_FIRST_MONTH_FPEN ...
[2026-07-13 11:40:15] [451/1596] OK FI_PN_TD_FIRST_MONTH_FPEN
[2026-07-13 11:40:15] [452/1596] Dumping FI_PN_TD_FIRST_MONTH_FPENSION ...
[2026-07-13 11:40:20] [452/1596] OK FI_PN_TD_FIRST_MONTH_FPENSION
[2026-07-13 11:40:20] [453/1596] Dumping FI_PN_TD_FIRST_MONTH_PENSION ...
[2026-07-13 11:40:24] [453/1596] OK FI_PN_TD_FIRST_MONTH_PENSION
[2026-07-13 11:40:25] [454/1596] Dumping FI_PN_TD_FIRST_MONTH_PENSIONB ...
[2026-07-13 11:40:25] [454/1596] OK FI_PN_TD_FIRST_MONTH_PENSIONB
[2026-07-13 11:40:25] [455/1596] Dumping FI_PN_TD_FIRST_MONTH_PEN_EXC ...
[2026-07-13 11:40:25] [455/1596] OK FI_PN_TD_FIRST_MONTH_PEN_EXC
[2026-07-13 11:40:25] [456/1596] Dumping FI_PN_TD_FIRST_MONTH_PEN_REV ...
[2026-07-13 11:40:26] [456/1596] OK FI_PN_TD_FIRST_MONTH_PEN_REV
[2026-07-13 11:40:26] [457/1596] Dumping FI_PN_TD_FIRST_MONTH_TEST ...
[2026-07-13 11:40:28] [457/1596] OK FI_PN_TD_FIRST_MONTH_TEST
[2026-07-13 11:40:28] [458/1596] Dumping FI_PN_TD_FIRST_MTH_EXG_BKUP ...
[2026-07-13 11:40:28] [458/1596] OK FI_PN_TD_FIRST_MTH_EXG_BKUP
[2026-07-13 11:40:28] [459/1596] Dumping FI_PN_TD_FIRST_MTH_FPEN_BKUP ...
[2026-07-13 11:40:29] [459/1596] OK FI_PN_TD_FIRST_MTH_FPEN_BKUP
[2026-07-13 11:40:29] [460/1596] Dumping FI_PN_TD_FIRST_MTH_PEN_BKUP ...
[2026-07-13 11:40:31] [460/1596] OK FI_PN_TD_FIRST_MTH_PEN_BKUP
[2026-07-13 11:40:31] [461/1596] Dumping FI_PN_TD_G20_BILL ...
[2026-07-13 11:40:31] [461/1596] OK FI_PN_TD_G20_BILL
[2026-07-13 11:40:31] [462/1596] Dumping FI_PN_TD_G20_BILL_SU ...
[2026-07-13 11:40:31] [462/1596] OK FI_PN_TD_G20_BILL_SU
[2026-07-13 11:40:31] [463/1596] Dumping FI_PN_TD_GRAD_VOUCHER ...
[2026-07-13 11:40:31] [463/1596] OK FI_PN_TD_GRAD_VOUCHER
[2026-07-13 11:40:31] [464/1596] Dumping FI_PN_TD_INT_DEDUCTION ...
[2026-07-13 11:40:31] [464/1596] OK FI_PN_TD_INT_DEDUCTION
[2026-07-13 11:40:31] [465/1596] Dumping FI_PN_TD_JV ...
[2026-07-13 11:40:33] [465/1596] OK FI_PN_TD_JV
[2026-07-13 11:40:33] [466/1596] Dumping FI_PN_TD_JV_BKP ...
[2026-07-13 11:40:34] [466/1596] OK FI_PN_TD_JV_BKP
[2026-07-13 11:40:34] [467/1596] Dumping FI_PN_TD_KOPT_BANK ...
[2026-07-13 11:40:34] [467/1596] OK FI_PN_TD_KOPT_BANK
[2026-07-13 11:40:34] [468/1596] Dumping FI_PN_TD_LC_PENSIONER ...
[2026-07-13 11:40:34] [468/1596] OK FI_PN_TD_LC_PENSIONER
[2026-07-13 11:40:34] [469/1596] Dumping FI_PN_TD_MACP_FAMILY ...
[2026-07-13 11:40:35] [469/1596] OK FI_PN_TD_MACP_FAMILY
[2026-07-13 11:40:35] [470/1596] Dumping FI_PN_TD_MACP_LIC_FAMILY ...
[2026-07-13 11:40:35] [470/1596] OK FI_PN_TD_MACP_LIC_FAMILY
[2026-07-13 11:40:35] [471/1596] Dumping FI_PN_TD_MACP_LIC_NORMAL ...
[2026-07-13 11:40:35] [471/1596] OK FI_PN_TD_MACP_LIC_NORMAL
[2026-07-13 11:40:35] [472/1596] Dumping FI_PN_TD_MACP_NORMAL ...
[2026-07-13 11:40:35] [472/1596] OK FI_PN_TD_MACP_NORMAL
[2026-07-13 11:40:35] [473/1596] Dumping FI_PN_TD_MONTHLY_EXG ...
[2026-07-13 11:40:35] [473/1596] OK FI_PN_TD_MONTHLY_EXG
[2026-07-13 11:40:35] [474/1596] Dumping FI_PN_TD_NOM_LT_PENSION ...
[2026-07-13 11:40:36] [474/1596] OK FI_PN_TD_NOM_LT_PENSION
[2026-07-13 11:40:36] [475/1596] Dumping FI_PN_TD_NOM_LT_PENSION_BKP ...
[2026-07-13 11:40:36] [475/1596] OK FI_PN_TD_NOM_LT_PENSION_BKP
[2026-07-13 11:40:36] [476/1596] Dumping FI_PN_TD_NOM_LT_PENSION_HIST ...
[2026-07-13 11:40:36] [476/1596] OK FI_PN_TD_NOM_LT_PENSION_HIST
[2026-07-13 11:40:36] [477/1596] Dumping FI_PN_TD_NOM_LT_PENSION_SANDIP ...
[2026-07-13 11:40:36] [477/1596] OK FI_PN_TD_NOM_LT_PENSION_SANDIP
[2026-07-13 11:40:36] [478/1596] Dumping FI_PN_TD_OFFICER_CONS ...
[2026-07-13 11:40:37] [478/1596] OK FI_PN_TD_OFFICER_CONS
[2026-07-13 11:40:37] [479/1596] Dumping FI_PN_TD_OFFICER_CONS_BKP ...
[2026-07-13 11:40:37] [479/1596] OK FI_PN_TD_OFFICER_CONS_BKP
[2026-07-13 11:40:37] [480/1596] Dumping FI_PN_TD_OFFICER_CONS_BKP_BKP ...
[2026-07-13 11:40:37] [480/1596] OK FI_PN_TD_OFFICER_CONS_BKP_BKP
[2026-07-13 11:40:37] [481/1596] Dumping FI_PN_TD_OFFICER_CONS_LIC ...
[2026-07-13 11:40:37] [481/1596] OK FI_PN_TD_OFFICER_CONS_LIC
[2026-07-13 11:40:37] [482/1596] Dumping FI_PN_TD_OFFICER_CONS_LIC_HIST ...
[2026-07-13 11:40:37] [482/1596] OK FI_PN_TD_OFFICER_CONS_LIC_HIST
[2026-07-13 11:40:37] [483/1596] Dumping FI_PN_TD_OFFICER_CONS_SPC ...
[2026-07-13 11:40:37] [483/1596] OK FI_PN_TD_OFFICER_CONS_SPC
[2026-07-13 11:40:37] [484/1596] Dumping FI_PN_TD_OFFI_SPL_PEN ...
[2026-07-13 11:40:37] [484/1596] OK FI_PN_TD_OFFI_SPL_PEN
[2026-07-13 11:40:37] [485/1596] Dumping FI_PN_TD_OFFI_SPL_PEN_OLD ...
[2026-07-13 11:40:38] [485/1596] OK FI_PN_TD_OFFI_SPL_PEN_OLD
[2026-07-13 11:40:38] [486/1596] Dumping FI_PN_TD_OLDAGE_ARREAR ...
[2026-07-13 11:40:44] [486/1596] OK FI_PN_TD_OLDAGE_ARREAR
[2026-07-13 11:40:44] [487/1596] Dumping FI_PN_TD_OLDAGE_ARREAR1 ...
[2026-07-13 11:40:45] [487/1596] OK FI_PN_TD_OLDAGE_ARREAR1
[2026-07-13 11:40:45] [488/1596] Dumping FI_PN_TD_OLDAGE_ARREAR2 ...
[2026-07-13 11:40:45] [488/1596] OK FI_PN_TD_OLDAGE_ARREAR2
[2026-07-13 11:40:45] [489/1596] Dumping FI_PN_TD_OLDAGE_ARREAR3 ...
[2026-07-13 11:40:45] [489/1596] OK FI_PN_TD_OLDAGE_ARREAR3
[2026-07-13 11:40:45] [490/1596] Dumping FI_PN_TD_OLDAGE_ARREAR_TAN ...
[2026-07-13 11:40:52] [490/1596] OK FI_PN_TD_OLDAGE_ARREAR_TAN
[2026-07-13 11:40:52] [491/1596] Dumping FI_PN_TD_PEN_CAL ...
[2026-07-13 11:40:52] [491/1596] OK FI_PN_TD_PEN_CAL
[2026-07-13 11:40:52] [492/1596] Dumping FI_PN_TD_REV_ARR ...
[2026-07-13 11:40:52] [492/1596] OK FI_PN_TD_REV_ARR
[2026-07-13 11:40:52] [493/1596] Dumping FI_PN_TD_REV_ARR_BACK ...
[2026-07-13 11:40:53] [493/1596] OK FI_PN_TD_REV_ARR_BACK
[2026-07-13 11:40:53] [494/1596] Dumping FI_PN_TD_REV_ARR_BKP ...
[2026-07-13 11:40:53] [494/1596] OK FI_PN_TD_REV_ARR_BKP
[2026-07-13 11:40:53] [495/1596] Dumping FI_PN_TD_REV_ARR_FAMILY ...
[2026-07-13 11:40:53] [495/1596] OK FI_PN_TD_REV_ARR_FAMILY
[2026-07-13 11:40:53] [496/1596] Dumping FI_PN_TD_SALOUT ...
[2026-07-13 11:40:56] [496/1596] OK FI_PN_TD_SALOUT
[2026-07-13 11:40:56] [497/1596] Dumping FI_PN_TD_SALOUT_EXC ...
[2026-07-13 11:40:56] [497/1596] OK FI_PN_TD_SALOUT_EXC
[2026-07-13 11:40:56] [498/1596] Dumping FI_PN_TD_SEPCOM ...
[2026-07-13 11:40:56] [498/1596] OK FI_PN_TD_SEPCOM
[2026-07-13 11:40:56] [499/1596] Dumping FI_PN_TD_SPL_CASES ...
[2026-07-13 11:40:57] [499/1596] OK FI_PN_TD_SPL_CASES
[2026-07-13 11:40:57] [500/1596] Dumping FI_PN_TD_SPL_CASES_LIC_1695 ...
[2026-07-13 11:40:57] [500/1596] OK FI_PN_TD_SPL_CASES_LIC_1695
[2026-07-13 11:40:57] [501/1596] Dumping FI_PN_TD_VOUCHER ...
[2026-07-13 11:40:57] [501/1596] OK FI_PN_TD_VOUCHER
[2026-07-13 11:40:57] [502/1596] Dumping FI_PN_TD_VOUCHER_HIST ...
[2026-07-13 11:40:57] [502/1596] OK FI_PN_TD_VOUCHER_HIST
[2026-07-13 11:40:57] [503/1596] Dumping FI_PN_TD_WAGE_REV_DEATH ...
[2026-07-13 11:40:57] [503/1596] OK FI_PN_TD_WAGE_REV_DEATH
[2026-07-13 11:40:57] [504/1596] Dumping FI_PN_TD_WAGE_REV_FAMILY ...
[2026-07-13 11:40:57] [504/1596] OK FI_PN_TD_WAGE_REV_FAMILY
[2026-07-13 11:40:57] [505/1596] Dumping FI_PN_TD_WAGE_REV_NORMAL ...
[2026-07-13 11:40:57] [505/1596] OK FI_PN_TD_WAGE_REV_NORMAL
[2026-07-13 11:40:57] [506/1596] Dumping FI_PN_TD_WAGE_REV_NORMAL_BKP ...
[2026-07-13 11:40:58] [506/1596] OK FI_PN_TD_WAGE_REV_NORMAL_BKP
[2026-07-13 11:40:58] [507/1596] Dumping FI_PN_TH_17092014_FPENSION ...
[2026-07-13 11:40:58] [507/1596] OK FI_PN_TH_17092014_FPENSION
[2026-07-13 11:40:58] [508/1596] Dumping FI_PN_TH_ACP_FAM_LIC ...
[2026-07-13 11:40:58] [508/1596] OK FI_PN_TH_ACP_FAM_LIC
[2026-07-13 11:40:58] [509/1596] Dumping FI_PN_TH_ARREAR2P2 ...
[2026-07-13 11:40:58] [509/1596] OK FI_PN_TH_ARREAR2P2
[2026-07-13 11:40:58] [510/1596] Dumping FI_PN_TH_ARREAR2P2_ACP ...
[2026-07-13 11:40:58] [510/1596] OK FI_PN_TH_ARREAR2P2_ACP
[2026-07-13 11:40:58] [511/1596] Dumping FI_PN_TH_ARREAR2P2_ACP_LIC ...
[2026-07-13 11:40:58] [511/1596] OK FI_PN_TH_ARREAR2P2_ACP_LIC
[2026-07-13 11:40:58] [512/1596] Dumping FI_PN_TH_ARREAR2P2_ACP_LIC_BKP ...
[2026-07-13 11:40:58] [512/1596] OK FI_PN_TH_ARREAR2P2_ACP_LIC_BKP
[2026-07-13 11:40:58] [513/1596] Dumping FI_PN_TH_ARREAR2P2_ACP_LIC_FAM ...
[2026-07-13 11:40:58] [513/1596] OK FI_PN_TH_ARREAR2P2_ACP_LIC_FAM
[2026-07-13 11:40:58] [514/1596] Dumping FI_PN_TH_ARREAR2P2_ACP_LIC_OLD ...
[2026-07-13 11:40:58] [514/1596] OK FI_PN_TH_ARREAR2P2_ACP_LIC_OLD
[2026-07-13 11:40:58] [515/1596] Dumping FI_PN_TH_ARREAR2P2_BACK ...
[2026-07-13 11:40:58] [515/1596] OK FI_PN_TH_ARREAR2P2_BACK
[2026-07-13 11:40:58] [516/1596] Dumping FI_PN_TH_ARREAR2P2_TEMP ...
[2026-07-13 11:40:58] [516/1596] OK FI_PN_TH_ARREAR2P2_TEMP
[2026-07-13 11:40:58] [517/1596] Dumping FI_PN_TH_ARREAR_CON ...
[2026-07-13 11:40:59] [517/1596] OK FI_PN_TH_ARREAR_CON
[2026-07-13 11:40:59] [518/1596] Dumping FI_PN_TH_ARREAR_CON_DEATH ...
[2026-07-13 11:41:00] [518/1596] OK FI_PN_TH_ARREAR_CON_DEATH
[2026-07-13 11:41:00] [519/1596] Dumping FI_PN_TH_ARREAR_CON_FAM ...
[2026-07-13 11:41:00] [519/1596] OK FI_PN_TH_ARREAR_CON_FAM
[2026-07-13 11:41:00] [520/1596] Dumping FI_PN_TH_ARREAR_CON_HIS ...
[2026-07-13 11:41:01] [520/1596] OK FI_PN_TH_ARREAR_CON_HIS
[2026-07-13 11:41:01] [521/1596] Dumping FI_PN_TH_ARREAR_CON_LIC ...
[2026-07-13 11:41:01] [521/1596] OK FI_PN_TH_ARREAR_CON_LIC
[2026-07-13 11:41:01] [522/1596] Dumping FI_PN_TH_ARREAR_LIC_DEATH ...
[2026-07-13 11:41:01] [522/1596] OK FI_PN_TH_ARREAR_LIC_DEATH
[2026-07-13 11:41:01] [523/1596] Dumping FI_PN_TH_ARREAR_WEB ...
[2026-07-13 11:41:03] [523/1596] OK FI_PN_TH_ARREAR_WEB
[2026-07-13 11:41:03] [524/1596] Dumping FI_PN_TH_ARR_CON_FAM_SC ...
[2026-07-13 11:41:03] [524/1596] OK FI_PN_TH_ARR_CON_FAM_SC
[2026-07-13 11:41:03] [525/1596] Dumping FI_PN_TH_ARR_CON_SC ...
[2026-07-13 11:41:04] [525/1596] OK FI_PN_TH_ARR_CON_SC
[2026-07-13 11:41:04] [526/1596] Dumping FI_PN_TH_BANKRECOV ...
[2026-07-13 11:41:04] [526/1596] OK FI_PN_TH_BANKRECOV
[2026-07-13 11:41:04] [527/1596] Dumping FI_PN_TH_BANKRECOV_H ...
[2026-07-13 11:41:04] [527/1596] OK FI_PN_TH_BANKRECOV_H
[2026-07-13 11:41:04] [528/1596] Dumping FI_PN_TH_BASIC_CHANGE_ARR ...
[2026-07-13 11:41:04] [528/1596] OK FI_PN_TH_BASIC_CHANGE_ARR
[2026-07-13 11:41:04] [529/1596] Dumping FI_PN_TH_BASIC_CHANGE_ARR_126 ...
[2026-07-13 11:41:04] [529/1596] OK FI_PN_TH_BASIC_CHANGE_ARR_126
[2026-07-13 11:41:04] [530/1596] Dumping FI_PN_TH_BILLPASS ...
[2026-07-13 11:41:06] [530/1596] OK FI_PN_TH_BILLPASS
[2026-07-13 11:41:06] [531/1596] Dumping FI_PN_TH_COMBILL ...
[2026-07-13 11:41:06] [531/1596] OK FI_PN_TH_COMBILL
[2026-07-13 11:41:06] [532/1596] Dumping FI_PN_TH_CON_CPI_N ...
[2026-07-13 11:41:06] [532/1596] OK FI_PN_TH_CON_CPI_N
[2026-07-13 11:41:06] [533/1596] Dumping FI_PN_TH_CON_DEATH ...
[2026-07-13 11:41:06] [533/1596] OK FI_PN_TH_CON_DEATH
[2026-07-13 11:41:06] [534/1596] Dumping FI_PN_TH_CON_DEATH_LIC ...
[2026-07-13 11:41:06] [534/1596] OK FI_PN_TH_CON_DEATH_LIC
[2026-07-13 11:41:06] [535/1596] Dumping FI_PN_TH_CON_DEATH_TEST ...
[2026-07-13 11:41:06] [535/1596] OK FI_PN_TH_CON_DEATH_TEST
[2026-07-13 11:41:06] [536/1596] Dumping FI_PN_TH_CON_FAM_MULTI ...
[2026-07-13 11:41:07] [536/1596] OK FI_PN_TH_CON_FAM_MULTI
[2026-07-13 11:41:07] [537/1596] Dumping FI_PN_TH_CON_FAM_MULTI_LIC ...
[2026-07-13 11:41:07] [537/1596] OK FI_PN_TH_CON_FAM_MULTI_LIC
[2026-07-13 11:41:07] [538/1596] Dumping FI_PN_TH_CON_LIC_DEATH ...
[2026-07-13 11:41:07] [538/1596] OK FI_PN_TH_CON_LIC_DEATH
[2026-07-13 11:41:07] [539/1596] Dumping FI_PN_TH_CON_LIC_NORMAL ...
[2026-07-13 11:41:07] [539/1596] FAIL FI_PN_TH_CON_LIC_NORMAL: (1062, "Duplicate entry 'LIC-1888 ' for key 'fi_pn_th_con_lic_normal.PRIMARY'")
[2026-07-13 11:41:07] [540/1596] Dumping FI_PN_TH_CON_LIC_NORMAL_COPY ...
[2026-07-13 11:41:07] [540/1596] OK FI_PN_TH_CON_LIC_NORMAL_COPY
[2026-07-13 11:41:07] [541/1596] Dumping FI_PN_TH_CON_NORMAL ...
[2026-07-13 11:41:08] [541/1596] OK FI_PN_TH_CON_NORMAL
[2026-07-13 11:41:08] [542/1596] Dumping FI_PN_TH_CON_NORMAL_1 ...
[2026-07-13 11:41:09] [542/1596] OK FI_PN_TH_CON_NORMAL_1
[2026-07-13 11:41:09] [543/1596] Dumping FI_PN_TH_CON_NORMAL_2 ...
[2026-07-13 11:41:09] [543/1596] OK FI_PN_TH_CON_NORMAL_2
[2026-07-13 11:41:09] [544/1596] Dumping FI_PN_TH_CON_NORMAL_3 ...
[2026-07-13 11:41:09] [544/1596] OK FI_PN_TH_CON_NORMAL_3
[2026-07-13 11:41:09] [545/1596] Dumping FI_PN_TH_CON_NORMAL_4 ...
[2026-07-13 11:41:09] [545/1596] OK FI_PN_TH_CON_NORMAL_4
[2026-07-13 11:41:09] [546/1596] Dumping FI_PN_TH_CON_NORMAL_5 ...
[2026-07-13 11:41:09] [546/1596] OK FI_PN_TH_CON_NORMAL_5
[2026-07-13 11:41:09] [547/1596] Dumping FI_PN_TH_CON_NORMAL_SPL ...
[2026-07-13 11:41:10] [547/1596] OK FI_PN_TH_CON_NORMAL_SPL
[2026-07-13 11:41:10] [548/1596] Dumping FI_PN_TH_DEATH2P2_ACP_LIC ...
[2026-07-13 11:41:10] [548/1596] OK FI_PN_TH_DEATH2P2_ACP_LIC
[2026-07-13 11:41:10] [549/1596] Dumping FI_PN_TH_DEATH2P2_ACP_LIC_BKP ...
[2026-07-13 11:41:10] [549/1596] OK FI_PN_TH_DEATH2P2_ACP_LIC_BKP
[2026-07-13 11:41:10] [550/1596] Dumping FI_PN_TH_DECEASED_OLDAGE ...
[2026-07-13 11:41:10] [550/1596] OK FI_PN_TH_DECEASED_OLDAGE
[2026-07-13 11:41:10] [551/1596] Dumping FI_PN_TH_DED_PEN_CAL ...
[2026-07-13 11:41:10] [551/1596] OK FI_PN_TH_DED_PEN_CAL
[2026-07-13 11:41:10] [552/1596] Dumping FI_PN_TH_ERRLOG_SU ...
[2026-07-13 11:41:10] [552/1596] OK FI_PN_TH_ERRLOG_SU
[2026-07-13 11:41:10] [553/1596] Dumping FI_PN_TH_ERROR_LOG ...
[2026-07-13 11:41:10] [553/1596] OK FI_PN_TH_ERROR_LOG
[2026-07-13 11:41:10] [554/1596] Dumping FI_PN_TH_ERROR_LOG_REV ...
[2026-07-13 11:41:10] [554/1596] OK FI_PN_TH_ERROR_LOG_REV
[2026-07-13 11:41:10] [555/1596] Dumping FI_PN_TH_ERROR_PEN_CAL ...
[2026-07-13 11:41:10] [555/1596] OK FI_PN_TH_ERROR_PEN_CAL
[2026-07-13 11:41:10] [556/1596] Dumping FI_PN_TH_EXGRATIA_BILL ...
[2026-07-13 11:41:10] [556/1596] OK FI_PN_TH_EXGRATIA_BILL
[2026-07-13 11:41:10] [557/1596] Dumping FI_PN_TH_EXG_BCK ...
[2026-07-13 11:41:10] [557/1596] OK FI_PN_TH_EXG_BCK
[2026-07-13 11:41:10] [558/1596] Dumping FI_PN_TH_EXG_TMP ...
[2026-07-13 11:41:11] [558/1596] OK FI_PN_TH_EXG_TMP
[2026-07-13 11:41:11] [559/1596] Dumping FI_PN_TH_FAMILY_ACP_LIC ...
[2026-07-13 11:41:11] [559/1596] OK FI_PN_TH_FAMILY_ACP_LIC
[2026-07-13 11:41:11] [560/1596] Dumping FI_PN_TH_FAM_LIC_DEATH ...
[2026-07-13 11:41:11] [560/1596] OK FI_PN_TH_FAM_LIC_DEATH
[2026-07-13 11:41:11] [561/1596] Dumping FI_PN_TH_FIRST_MONTH_EXG ...
[2026-07-13 11:41:11] [561/1596] OK FI_PN_TH_FIRST_MONTH_EXG
[2026-07-13 11:41:11] [562/1596] Dumping FI_PN_TH_FIRST_MONTH_FPEN ...
[2026-07-13 11:41:13] [562/1596] OK FI_PN_TH_FIRST_MONTH_FPEN
[2026-07-13 11:41:13] [563/1596] Dumping FI_PN_TH_FIRST_MONTH_FPENSION ...
[2026-07-13 11:41:16] [563/1596] OK FI_PN_TH_FIRST_MONTH_FPENSION
[2026-07-13 11:41:16] [564/1596] Dumping FI_PN_TH_FIRST_MONTH_FPENSIOQL ...
[2026-07-13 11:41:18] [564/1596] OK FI_PN_TH_FIRST_MONTH_FPENSIOQL
[2026-07-13 11:41:18] [565/1596] Dumping FI_PN_TH_FIRST_MONTH_PENSION ...
[2026-07-13 11:41:21] [565/1596] OK FI_PN_TH_FIRST_MONTH_PENSION
[2026-07-13 11:41:21] [566/1596] Dumping FI_PN_TH_FIRST_MONTH_PEN_EXC ...
[2026-07-13 11:41:21] [566/1596] OK FI_PN_TH_FIRST_MONTH_PEN_EXC
[2026-07-13 11:41:21] [567/1596] Dumping FI_PN_TH_FIRST_MONTH_PEN_REV ...
[2026-07-13 11:41:21] [567/1596] OK FI_PN_TH_FIRST_MONTH_PEN_REV
[2026-07-13 11:41:21] [568/1596] Dumping FI_PN_TH_FIRST_MONTH_TEST ...
[2026-07-13 11:41:23] [568/1596] OK FI_PN_TH_FIRST_MONTH_TEST
[2026-07-13 11:41:23] [569/1596] Dumping FI_PN_TH_FIRST_MTH_EXG_BKUP ...
[2026-07-13 11:41:23] [569/1596] OK FI_PN_TH_FIRST_MTH_EXG_BKUP
[2026-07-13 11:41:23] [570/1596] Dumping FI_PN_TH_FPENSION_BILL ...
[2026-07-13 11:41:24] [570/1596] OK FI_PN_TH_FPENSION_BILL
[2026-07-13 11:41:24] [571/1596] Dumping FI_PN_TH_FPENSION_TMP ...
[2026-07-13 11:41:24] [571/1596] OK FI_PN_TH_FPENSION_TMP
[2026-07-13 11:41:24] [572/1596] Dumping FI_PN_TH_G20_BILL ...
[2026-07-13 11:41:24] [572/1596] OK FI_PN_TH_G20_BILL
[2026-07-13 11:41:24] [573/1596] Dumping FI_PN_TH_GRAD_VOUCHER ...
[2026-07-13 11:41:24] [573/1596] OK FI_PN_TH_GRAD_VOUCHER
[2026-07-13 11:41:24] [574/1596] Dumping FI_PN_TH_INTMNTH_DEDN ...
[2026-07-13 11:41:24] [574/1596] OK FI_PN_TH_INTMNTH_DEDN
[2026-07-13 11:41:24] [575/1596] Dumping FI_PN_TH_INTMNTH_DEDN_REV ...
[2026-07-13 11:41:24] [575/1596] OK FI_PN_TH_INTMNTH_DEDN_REV
[2026-07-13 11:41:24] [576/1596] Dumping FI_PN_TH_INT_DEDUCTION ...
[2026-07-13 11:41:24] [576/1596] OK FI_PN_TH_INT_DEDUCTION
[2026-07-13 11:41:24] [577/1596] Dumping FI_PN_TH_JV ...
[2026-07-13 11:41:25] [577/1596] OK FI_PN_TH_JV
[2026-07-13 11:41:25] [578/1596] Dumping FI_PN_TH_JV_BKP ...
[2026-07-13 11:41:25] [578/1596] OK FI_PN_TH_JV_BKP
[2026-07-13 11:41:25] [579/1596] Dumping FI_PN_TH_LC_PENSIONER ...
[2026-07-13 11:41:25] [579/1596] OK FI_PN_TH_LC_PENSIONER
[2026-07-13 11:41:25] [580/1596] Dumping FI_PN_TH_MACP_FAMILY ...
[2026-07-13 11:41:25] [580/1596] OK FI_PN_TH_MACP_FAMILY
[2026-07-13 11:41:25] [581/1596] Dumping FI_PN_TH_MACP_LIC_FAMILY ...
[2026-07-13 11:41:26] [581/1596] OK FI_PN_TH_MACP_LIC_FAMILY
[2026-07-13 11:41:26] [582/1596] Dumping FI_PN_TH_MACP_LIC_NORMAL ...
[2026-07-13 11:41:26] [582/1596] OK FI_PN_TH_MACP_LIC_NORMAL
[2026-07-13 11:41:26] [583/1596] Dumping FI_PN_TH_MACP_NORMAL ...
[2026-07-13 11:41:26] [583/1596] OK FI_PN_TH_MACP_NORMAL
[2026-07-13 11:41:26] [584/1596] Dumping FI_PN_TH_MONTHLY_EXG ...
[2026-07-13 11:41:26] [584/1596] OK FI_PN_TH_MONTHLY_EXG
[2026-07-13 11:41:26] [585/1596] Dumping FI_PN_TH_NOM_LT_PENSION ...
[2026-07-13 11:41:26] [585/1596] OK FI_PN_TH_NOM_LT_PENSION
[2026-07-13 11:41:26] [586/1596] Dumping FI_PN_TH_NOM_LT_PENSION_BK ...
[2026-07-13 11:41:26] [586/1596] OK FI_PN_TH_NOM_LT_PENSION_BK
[2026-07-13 11:41:26] [587/1596] Dumping FI_PN_TH_NOM_LT_PENSION_BKP ...
[2026-07-13 11:41:27] [587/1596] OK FI_PN_TH_NOM_LT_PENSION_BKP
[2026-07-13 11:41:27] [588/1596] Dumping FI_PN_TH_NOM_LT_PENSION_HIST ...
[2026-07-13 11:41:27] [588/1596] OK FI_PN_TH_NOM_LT_PENSION_HIST
[2026-07-13 11:41:27] [589/1596] Dumping FI_PN_TH_NOM_LT_PENSION_RAW ...
[2026-07-13 11:41:27] [589/1596] OK FI_PN_TH_NOM_LT_PENSION_RAW
[2026-07-13 11:41:27] [590/1596] Dumping FI_PN_TH_NOM_LT_PENSION_SANDIP ...
[2026-07-13 11:41:27] [590/1596] OK FI_PN_TH_NOM_LT_PENSION_SANDIP
[2026-07-13 11:41:27] [591/1596] Dumping FI_PN_TH_OFFICER_CONS ...
[2026-07-13 11:41:27] [591/1596] OK FI_PN_TH_OFFICER_CONS
[2026-07-13 11:41:27] [592/1596] Dumping FI_PN_TH_OFFICER_CONS_BKP ...
[2026-07-13 11:41:27] [592/1596] OK FI_PN_TH_OFFICER_CONS_BKP
[2026-07-13 11:41:27] [593/1596] Dumping FI_PN_TH_OFFICER_CONS_BKP_BKP ...
[2026-07-13 11:41:27] [593/1596] OK FI_PN_TH_OFFICER_CONS_BKP_BKP
[2026-07-13 11:41:27] [594/1596] Dumping FI_PN_TH_OFFICER_CONS_LIC ...
[2026-07-13 11:41:27] [594/1596] OK FI_PN_TH_OFFICER_CONS_LIC
[2026-07-13 11:41:27] [595/1596] Dumping FI_PN_TH_OFFICER_CONS_LIC_HIST ...
[2026-07-13 11:41:27] [595/1596] OK FI_PN_TH_OFFICER_CONS_LIC_HIST
[2026-07-13 11:41:27] [596/1596] Dumping FI_PN_TH_OFFICER_CONS_NEW ...
[2026-07-13 11:41:28] [596/1596] OK FI_PN_TH_OFFICER_CONS_NEW
[2026-07-13 11:41:28] [597/1596] Dumping FI_PN_TH_OFFI_SPL_PEN ...
[2026-07-13 11:41:28] [597/1596] OK FI_PN_TH_OFFI_SPL_PEN
[2026-07-13 11:41:28] [598/1596] Dumping FI_PN_TH_OFFI_SPL_PEN_BKP ...
[2026-07-13 11:41:28] [598/1596] OK FI_PN_TH_OFFI_SPL_PEN_BKP
[2026-07-13 11:41:28] [599/1596] Dumping FI_PN_TH_OFFI_SPL_PEN_OLD ...
[2026-07-13 11:41:28] [599/1596] OK FI_PN_TH_OFFI_SPL_PEN_OLD
[2026-07-13 11:41:28] [600/1596] Dumping FI_PN_TH_OLDAGE_ARREAR ...
[2026-07-13 11:41:28] [600/1596] OK FI_PN_TH_OLDAGE_ARREAR
[2026-07-13 11:41:28] [601/1596] Dumping FI_PN_TH_OLDAGE_ARREAR1 ...
[2026-07-13 11:41:28] [601/1596] OK FI_PN_TH_OLDAGE_ARREAR1
[2026-07-13 11:41:28] [602/1596] Dumping FI_PN_TH_OLDAGE_ARREAR2 ...
[2026-07-13 11:41:28] [602/1596] OK FI_PN_TH_OLDAGE_ARREAR2
[2026-07-13 11:41:28] [603/1596] Dumping FI_PN_TH_OLDAGE_ARREAR3 ...
[2026-07-13 11:41:28] [603/1596] OK FI_PN_TH_OLDAGE_ARREAR3
[2026-07-13 11:41:28] [604/1596] Dumping FI_PN_TH_PENSION_BILL ...
[2026-07-13 11:41:29] [604/1596] OK FI_PN_TH_PENSION_BILL
[2026-07-13 11:41:29] [605/1596] Dumping FI_PN_TH_PENSION_BILL_ARPAN ...
[2026-07-13 11:41:30] [605/1596] OK FI_PN_TH_PENSION_BILL_ARPAN
[2026-07-13 11:41:30] [606/1596] Dumping FI_PN_TH_PENSION_BILL_BKP ...
[2026-07-13 11:41:30] [606/1596] OK FI_PN_TH_PENSION_BILL_BKP
[2026-07-13 11:41:30] [607/1596] Dumping FI_PN_TH_PENSION_BILL_EXC ...
[2026-07-13 11:41:30] [607/1596] OK FI_PN_TH_PENSION_BILL_EXC
[2026-07-13 11:41:30] [608/1596] Dumping FI_PN_TH_PENSION_TMP ...
[2026-07-13 11:41:31] [608/1596] OK FI_PN_TH_PENSION_TMP
[2026-07-13 11:41:31] [609/1596] Dumping FI_PN_TH_PEN_CAL ...
[2026-07-13 11:41:31] [609/1596] OK FI_PN_TH_PEN_CAL
[2026-07-13 11:41:31] [610/1596] Dumping FI_PN_TH_REV_ARR ...
[2026-07-13 11:41:31] [610/1596] OK FI_PN_TH_REV_ARR
[2026-07-13 11:41:31] [611/1596] Dumping FI_PN_TH_REV_ARR_BKP ...
[2026-07-13 11:41:31] [611/1596] OK FI_PN_TH_REV_ARR_BKP
[2026-07-13 11:41:31] [612/1596] Dumping FI_PN_TH_REV_ARR_FAMILY ...
[2026-07-13 11:41:31] [612/1596] OK FI_PN_TH_REV_ARR_FAMILY
[2026-07-13 11:41:31] [613/1596] Dumping FI_PN_TH_REV_ARR_SANDIP ...
[2026-07-13 11:41:31] [613/1596] OK FI_PN_TH_REV_ARR_SANDIP
[2026-07-13 11:41:31] [614/1596] Dumping FI_PN_TH_SALOUT ...
[2026-07-13 11:41:34] [614/1596] OK FI_PN_TH_SALOUT
[2026-07-13 11:41:34] [615/1596] Dumping FI_PN_TH_SALOUT_EXC ...
[2026-07-13 11:41:35] [615/1596] OK FI_PN_TH_SALOUT_EXC
[2026-07-13 11:41:35] [616/1596] Dumping FI_PN_TH_SEPCOM ...
[2026-07-13 11:41:35] [616/1596] OK FI_PN_TH_SEPCOM
[2026-07-13 11:41:35] [617/1596] Dumping FI_PN_TH_SPL_CASES ...
[2026-07-13 11:41:35] [617/1596] OK FI_PN_TH_SPL_CASES
[2026-07-13 11:41:35] [618/1596] Dumping FI_PN_TH_SYSTEM_MGR ...
[2026-07-13 11:41:35] [618/1596] OK FI_PN_TH_SYSTEM_MGR
[2026-07-13 11:41:35] [619/1596] Dumping FI_PN_TH_VOUCHER ...
[2026-07-13 11:41:35] [619/1596] OK FI_PN_TH_VOUCHER
[2026-07-13 11:41:35] [620/1596] Dumping FI_PN_TH_VOUCHER_HIST ...
[2026-07-13 11:41:35] [620/1596] OK FI_PN_TH_VOUCHER_HIST
[2026-07-13 11:41:35] [621/1596] Dumping FI_PN_TH_WAGE_REV_DEATH ...
[2026-07-13 11:41:35] [621/1596] OK FI_PN_TH_WAGE_REV_DEATH
[2026-07-13 11:41:35] [622/1596] Dumping FI_PN_TH_WAGE_REV_FAMILY ...
[2026-07-13 11:41:35] [622/1596] OK FI_PN_TH_WAGE_REV_FAMILY
[2026-07-13 11:41:35] [623/1596] Dumping FI_PN_TH_WAGE_REV_NORMAL ...
[2026-07-13 11:41:35] [623/1596] OK FI_PN_TH_WAGE_REV_NORMAL
[2026-07-13 11:41:35] [624/1596] Dumping FI_PN_TH_WAGE_REV_NORMAL_BKP ...
[2026-07-13 11:41:36] [624/1596] OK FI_PN_TH_WAGE_REV_NORMAL_BKP
[2026-07-13 11:41:36] [625/1596] Dumping FI_PN_TQS_FAM_PENSIONER ...
[2026-07-13 11:41:36] [625/1596] OK FI_PN_TQS_FAM_PENSIONER
[2026-07-13 11:41:36] [626/1596] Dumping FI_PN_TQS_FAM_PENSIONER_DTL ...
[2026-07-13 11:41:36] [626/1596] OK FI_PN_TQS_FAM_PENSIONER_DTL
[2026-07-13 11:41:36] [627/1596] Dumping FI_PN_TQS_PENSIONER ...
[2026-07-13 11:41:36] [627/1596] OK FI_PN_TQS_PENSIONER
[2026-07-13 11:41:36] [628/1596] Dumping FI_PN_TQS_PENSIONER_DTL ...
[2026-07-13 11:41:36] [628/1596] OK FI_PN_TQS_PENSIONER_DTL
[2026-07-13 11:41:36] [629/1596] Dumping FI_PN_TRANSFER_BANK_RATHIN ...
[2026-07-13 11:41:36] [629/1596] OK FI_PN_TRANSFER_BANK_RATHIN
[2026-07-13 11:41:36] [630/1596] Dumping FI_PN_TRANSFER_BANK_TEXT ...
[2026-07-13 11:41:36] [630/1596] OK FI_PN_TRANSFER_BANK_TEXT
[2026-07-13 11:41:36] [631/1596] Dumping FI_PN_UNPAID_DATA ...
[2026-07-13 11:41:37] [631/1596] OK FI_PN_UNPAID_DATA
[2026-07-13 11:41:37] [632/1596] Dumping FI_PN_VOU_PARTICULARS ...
[2026-07-13 11:41:37] [632/1596] OK FI_PN_VOU_PARTICULARS
[2026-07-13 11:41:37] [633/1596] Dumping FI_PN_VOU_TYPE ...
[2026-07-13 11:41:37] [633/1596] OK FI_PN_VOU_TYPE
[2026-07-13 11:41:37] [634/1596] Dumping FI_PN_WAGE_2017_DTL ...
[2026-07-13 11:41:37] [634/1596] OK FI_PN_WAGE_2017_DTL
[2026-07-13 11:41:37] [635/1596] Dumping FI_PN_WAGE_2017_DTL_BUNCH ...
[2026-07-13 11:41:37] [635/1596] OK FI_PN_WAGE_2017_DTL_BUNCH
[2026-07-13 11:41:37] [636/1596] Dumping FI_PN_WAGE_2017_DTL_BUNCH_BKP ...
[2026-07-13 11:41:38] [636/1596] OK FI_PN_WAGE_2017_DTL_BUNCH_BKP
[2026-07-13 11:41:38] [637/1596] Dumping FI_PN_WAGE_2017_DTL_OFFI1 ...
[2026-07-13 11:41:38] [637/1596] OK FI_PN_WAGE_2017_DTL_OFFI1
[2026-07-13 11:41:38] [638/1596] Dumping FI_PN_WAGE_2017_DTL_OFFI2 ...
[2026-07-13 11:41:39] [638/1596] OK FI_PN_WAGE_2017_DTL_OFFI2
[2026-07-13 11:41:39] [639/1596] Dumping FI_PN_WAGE_2017_DTL_SEC ...
[2026-07-13 11:41:39] [639/1596] OK FI_PN_WAGE_2017_DTL_SEC
[2026-07-13 11:41:39] [640/1596] Dumping FI_PN_WAGE_2017_DTL_SEC_DEL ...
[2026-07-13 11:41:40] [640/1596] OK FI_PN_WAGE_2017_DTL_SEC_DEL
[2026-07-13 11:41:40] [641/1596] Dumping FI_PN_WAGE_2017_DTL_SEC_SINGLE ...
[2026-07-13 11:41:40] [641/1596] OK FI_PN_WAGE_2017_DTL_SEC_SINGLE
[2026-07-13 11:41:40] [642/1596] Dumping FI_PN_WAGE_2017_DTL_THIRD ...
[2026-07-13 11:41:52] [642/1596] OK FI_PN_WAGE_2017_DTL_THIRD
[2026-07-13 11:41:52] [643/1596] Dumping FI_PN_WAGE_2017_DTL_THIRD_126 ...
[2026-07-13 11:41:52] [643/1596] OK FI_PN_WAGE_2017_DTL_THIRD_126
[2026-07-13 11:41:52] [644/1596] Dumping FI_PN_WAGE_2017_DTL_THIRD_EX ...
[2026-07-13 11:41:52] [644/1596] OK FI_PN_WAGE_2017_DTL_THIRD_EX
[2026-07-13 11:41:52] [645/1596] Dumping FI_PN_WAGE_2017_DTL_THIRD_LCNO ...
[2026-07-13 11:41:52] [645/1596] OK FI_PN_WAGE_2017_DTL_THIRD_LCNO
[2026-07-13 11:41:52] [646/1596] Dumping FI_PN_WAGE_2017_HDR ...
[2026-07-13 11:41:53] [646/1596] OK FI_PN_WAGE_2017_HDR
[2026-07-13 11:41:53] [647/1596] Dumping FI_PN_WAGE_2017_HDR_BUNCH ...
[2026-07-13 11:41:53] [647/1596] OK FI_PN_WAGE_2017_HDR_BUNCH
[2026-07-13 11:41:53] [648/1596] Dumping FI_PN_WAGE_2017_HDR_OFFI1 ...
[2026-07-13 11:41:53] [648/1596] OK FI_PN_WAGE_2017_HDR_OFFI1
[2026-07-13 11:41:53] [649/1596] Dumping FI_PN_WAGE_2017_HDR_OFFI2 ...
[2026-07-13 11:41:53] [649/1596] OK FI_PN_WAGE_2017_HDR_OFFI2
[2026-07-13 11:41:53] [650/1596] Dumping FI_PN_WAGE_2017_HDR_SEC ...
[2026-07-13 11:41:53] [650/1596] OK FI_PN_WAGE_2017_HDR_SEC
[2026-07-13 11:41:53] [651/1596] Dumping FI_PN_WAGE_2017_HDR_SEC_DEL ...
[2026-07-13 11:41:54] [651/1596] OK FI_PN_WAGE_2017_HDR_SEC_DEL
[2026-07-13 11:41:54] [652/1596] Dumping FI_PN_WAGE_2017_HDR_TAN ...
[2026-07-13 11:41:54] [652/1596] OK FI_PN_WAGE_2017_HDR_TAN
[2026-07-13 11:41:54] [653/1596] Dumping FI_PN_WAGE_2017_HDR_TANU ...
[2026-07-13 11:41:54] [653/1596] OK FI_PN_WAGE_2017_HDR_TANU
[2026-07-13 11:41:54] [654/1596] Dumping FI_PN_WAGE_2017_HDR_THIRD ...
[2026-07-13 11:41:56] [654/1596] OK FI_PN_WAGE_2017_HDR_THIRD
[2026-07-13 11:41:56] [655/1596] Dumping FI_PN_WAGE_2017_HDR_THIRD_126 ...
[2026-07-13 11:41:56] [655/1596] OK FI_PN_WAGE_2017_HDR_THIRD_126
[2026-07-13 11:41:56] [656/1596] Dumping FI_PN_WAGE_2017_HDR_THIRD_2022 ...
[2026-07-13 11:41:56] [656/1596] OK FI_PN_WAGE_2017_HDR_THIRD_2022
[2026-07-13 11:41:56] [657/1596] Dumping FI_PN_WAGE_2017_HDR_THIRD_DEL ...
[2026-07-13 11:41:56] [657/1596] OK FI_PN_WAGE_2017_HDR_THIRD_DEL
[2026-07-13 11:41:56] [658/1596] Dumping FI_PN_WAGE_2017_HDR_THIRD_LCNO ...
[2026-07-13 11:41:57] [658/1596] OK FI_PN_WAGE_2017_HDR_THIRD_LCNO
[2026-07-13 11:41:57] [659/1596] Dumping FI_PN_WAGE_2022_DTL ...
[2026-07-13 11:41:57] [659/1596] OK FI_PN_WAGE_2022_DTL
[2026-07-13 11:41:57] [660/1596] Dumping FI_PN_WAGE_2022_DTL_280425 ...
[2026-07-13 11:41:57] [660/1596] OK FI_PN_WAGE_2022_DTL_280425
[2026-07-13 11:41:57] [661/1596] Dumping FI_PN_WAGE_2022_DTL_A ...
[2026-07-13 11:41:57] [661/1596] OK FI_PN_WAGE_2022_DTL_A
[2026-07-13 11:41:57] [662/1596] Dumping FI_PN_WAGE_2022_DTL_BKUP ...
[2026-07-13 11:41:57] [662/1596] OK FI_PN_WAGE_2022_DTL_BKUP
[2026-07-13 11:41:57] [663/1596] Dumping FI_PN_WAGE_2022_DTL_BKUP230625 ...
[2026-07-13 11:41:58] [663/1596] OK FI_PN_WAGE_2022_DTL_BKUP230625
[2026-07-13 11:41:58] [664/1596] Dumping FI_PN_WAGE_2022_DTL_DEATH ...
[2026-07-13 11:41:58] [664/1596] OK FI_PN_WAGE_2022_DTL_DEATH
[2026-07-13 11:41:58] [665/1596] Dumping FI_PN_WAGE_2022_DTL_FEB25 ...
[2026-07-13 11:41:58] [665/1596] OK FI_PN_WAGE_2022_DTL_FEB25
[2026-07-13 11:41:58] [666/1596] Dumping FI_PN_WAGE_2022_DTL_JUN25 ...
[2026-07-13 11:41:58] [666/1596] OK FI_PN_WAGE_2022_DTL_JUN25
[2026-07-13 11:41:58] [667/1596] Dumping FI_PN_WAGE_2022_DTL_PALAS ...
[2026-07-13 11:41:58] [667/1596] OK FI_PN_WAGE_2022_DTL_PALAS
[2026-07-13 11:41:58] [668/1596] Dumping FI_PN_WAGE_2022_DTL_PAL_280425 ...
[2026-07-13 11:41:58] [668/1596] OK FI_PN_WAGE_2022_DTL_PAL_280425
[2026-07-13 11:41:58] [669/1596] Dumping FI_PN_WAGE_2022_DTL_THIRD ...
[2026-07-13 11:42:09] [669/1596] OK FI_PN_WAGE_2022_DTL_THIRD
[2026-07-13 11:42:09] [670/1596] Dumping FI_PN_WAGE_2022_DTL_THIRD_BKP ...
[2026-07-13 11:42:20] [670/1596] OK FI_PN_WAGE_2022_DTL_THIRD_BKP
[2026-07-13 11:42:20] [671/1596] Dumping FI_PN_WAGE_2022_HDR ...
[2026-07-13 11:42:20] [671/1596] OK FI_PN_WAGE_2022_HDR
[2026-07-13 11:42:20] [672/1596] Dumping FI_PN_WAGE_2022_HDR_1 ...
[2026-07-13 11:42:20] [672/1596] OK FI_PN_WAGE_2022_HDR_1
[2026-07-13 11:42:20] [673/1596] Dumping FI_PN_WAGE_2022_HDR_120525 ...
[2026-07-13 11:42:20] [673/1596] OK FI_PN_WAGE_2022_HDR_120525
[2026-07-13 11:42:20] [674/1596] Dumping FI_PN_WAGE_2022_HDR_280425 ...
[2026-07-13 11:42:20] [674/1596] OK FI_PN_WAGE_2022_HDR_280425
[2026-07-13 11:42:20] [675/1596] Dumping FI_PN_WAGE_2022_HDR_BKUP ...
[2026-07-13 11:42:20] [675/1596] OK FI_PN_WAGE_2022_HDR_BKUP
[2026-07-13 11:42:20] [676/1596] Dumping FI_PN_WAGE_2022_HDR_BKUP230625 ...
[2026-07-13 11:42:21] [676/1596] OK FI_PN_WAGE_2022_HDR_BKUP230625
[2026-07-13 11:42:21] [677/1596] Dumping FI_PN_WAGE_2022_HDR_FEB25 ...
[2026-07-13 11:42:21] [677/1596] OK FI_PN_WAGE_2022_HDR_FEB25
[2026-07-13 11:42:21] [678/1596] Dumping FI_PN_WAGE_2022_HDR_JUN25 ...
[2026-07-13 11:42:21] [678/1596] OK FI_PN_WAGE_2022_HDR_JUN25
[2026-07-13 11:42:21] [679/1596] Dumping FI_PN_WAGE_2022_HDR_PALAS ...
[2026-07-13 11:42:21] [679/1596] OK FI_PN_WAGE_2022_HDR_PALAS
[2026-07-13 11:42:21] [680/1596] Dumping FI_PN_WAGE_2022_HDR_PAL_280425 ...
[2026-07-13 11:42:21] [680/1596] OK FI_PN_WAGE_2022_HDR_PAL_280425
[2026-07-13 11:42:21] [681/1596] Dumping FI_PN_WAGE_2022_HDR_THIRD ...
[2026-07-13 11:42:23] [681/1596] OK FI_PN_WAGE_2022_HDR_THIRD
[2026-07-13 11:42:23] [682/1596] Dumping FI_PN_WAGE_2022_HDR_THIRD_BKP ...
[2026-07-13 11:42:25] [682/1596] OK FI_PN_WAGE_2022_HDR_THIRD_BKP
[2026-07-13 11:42:25] [683/1596] Dumping FI_PN_WAGE_2022_HDR_THIRD_DONE ...
[2026-07-13 11:42:25] [683/1596] OK FI_PN_WAGE_2022_HDR_THIRD_DONE
[2026-07-13 11:42:25] [684/1596] Dumping FI_PN_WAGE_2022_HDR_TRD_020925 ...
[2026-07-13 11:42:27] [684/1596] OK FI_PN_WAGE_2022_HDR_TRD_020925
[2026-07-13 11:42:27] [685/1596] Dumping FI_PN_WAGE_2022_HDR_TRD_220825 ...
[2026-07-13 11:42:29] [685/1596] OK FI_PN_WAGE_2022_HDR_TRD_220825
[2026-07-13 11:42:29] [686/1596] Dumping FI_PN_WAGE_2022_HDR_TRD_RET ...
[2026-07-13 11:42:29] [686/1596] OK FI_PN_WAGE_2022_HDR_TRD_RET
[2026-07-13 11:42:29] [687/1596] Dumping FI_PN_WAGE_DTL_BUNCH_BKP_2208 ...
[2026-07-13 11:42:29] [687/1596] OK FI_PN_WAGE_DTL_BUNCH_BKP_2208
[2026-07-13 11:42:29] [688/1596] Dumping FI_PN_WAGE_SEC_BACKUP ...
[2026-07-13 11:42:29] [688/1596] OK FI_PN_WAGE_SEC_BACKUP
[2026-07-13 11:42:29] [689/1596] Dumping FI_PN_WRC_2017 ...
[2026-07-13 11:42:29] [689/1596] OK FI_PN_WRC_2017
[2026-07-13 11:42:29] [690/1596] Dumping FI_PR_2017_7PCT_OFFICER ...
[2026-07-13 11:42:29] [690/1596] OK FI_PR_2017_7PCT_OFFICER
[2026-07-13 11:42:29] [691/1596] Dumping FI_PR_50_1 ...
[2026-07-13 11:42:29] [691/1596] OK FI_PR_50_1
[2026-07-13 11:42:29] [692/1596] Dumping FI_PR_50_2 ...
[2026-07-13 11:42:29] [692/1596] OK FI_PR_50_2
[2026-07-13 11:42:29] [693/1596] Dumping FI_PR_50_3 ...
[2026-07-13 11:42:29] [693/1596] OK FI_PR_50_3
[2026-07-13 11:42:29] [694/1596] Dumping FI_PR_50_4 ...
[2026-07-13 11:42:29] [694/1596] OK FI_PR_50_4
[2026-07-13 11:42:29] [695/1596] Dumping FI_PR_55_1 ...
[2026-07-13 11:42:30] [695/1596] OK FI_PR_55_1
[2026-07-13 11:42:30] [696/1596] Dumping FI_PR_55_2 ...
[2026-07-13 11:42:30] [696/1596] OK FI_PR_55_2
[2026-07-13 11:42:30] [697/1596] Dumping FI_PR_55_3 ...
[2026-07-13 11:42:30] [697/1596] OK FI_PR_55_3
[2026-07-13 11:42:30] [698/1596] Dumping FI_PR_55_3_052017 ...
[2026-07-13 11:42:30] [698/1596] OK FI_PR_55_3_052017
[2026-07-13 11:42:30] [699/1596] Dumping FI_PR_55_4 ...
[2026-07-13 11:42:30] [699/1596] OK FI_PR_55_4
[2026-07-13 11:42:30] [700/1596] Dumping FI_PR_55_4_052017 ...
[2026-07-13 11:42:30] [700/1596] OK FI_PR_55_4_052017
[2026-07-13 11:42:30] [701/1596] Dumping FI_PR_AA ...
[2026-07-13 11:42:30] [701/1596] OK FI_PR_AA
[2026-07-13 11:42:30] [702/1596] Dumping FI_PR_ALLOWANCE_RATE ...
[2026-07-13 11:42:30] [702/1596] OK FI_PR_ALLOWANCE_RATE
[2026-07-13 11:42:30] [703/1596] Dumping FI_PR_ARR_BASIC_DA_HRA_0708 ...
[2026-07-13 11:42:34] [703/1596] OK FI_PR_ARR_BASIC_DA_HRA_0708
[2026-07-13 11:42:34] [704/1596] Dumping FI_PR_ARR_CAL_97 ...
[2026-07-13 11:42:34] [704/1596] OK FI_PR_ARR_CAL_97
[2026-07-13 11:42:34] [705/1596] Dumping FI_PR_ARR_CAL_97_15310 ...
[2026-07-13 11:42:34] [705/1596] OK FI_PR_ARR_CAL_97_15310
[2026-07-13 11:42:34] [706/1596] Dumping FI_PR_ARR_CAL_97_TEMP ...
[2026-07-13 11:42:34] [706/1596] OK FI_PR_ARR_CAL_97_TEMP
[2026-07-13 11:42:34] [707/1596] Dumping FI_PR_ARR_PAYMENT_LIST ...
[2026-07-13 11:42:34] [707/1596] OK FI_PR_ARR_PAYMENT_LIST
[2026-07-13 11:42:34] [708/1596] Dumping FI_PR_AUDIT_CAFE_EMP ...
[2026-07-13 11:42:34] [708/1596] OK FI_PR_AUDIT_CAFE_EMP
[2026-07-13 11:42:34] [709/1596] Dumping FI_PR_AUDIT_QUERY ...
[2026-07-13 11:42:34] [709/1596] OK FI_PR_AUDIT_QUERY
[2026-07-13 11:42:34] [710/1596] Dumping FI_PR_BASIC_01012007_WOB ...
[2026-07-13 11:42:34] [710/1596] OK FI_PR_BASIC_01012007_WOB
[2026-07-13 11:42:34] [711/1596] Dumping FI_PR_BASIC_2007WR_12 ...
[2026-07-13 11:42:34] [711/1596] OK FI_PR_BASIC_2007WR_12
[2026-07-13 11:42:34] [712/1596] Dumping FI_PR_BASIC_2007WR_12_BCK ...
[2026-07-13 11:42:35] [712/1596] OK FI_PR_BASIC_2007WR_12_BCK
[2026-07-13 11:42:35] [713/1596] Dumping FI_PR_BASIC_2007WR_12_BUNCH ...
[2026-07-13 11:42:35] [713/1596] OK FI_PR_BASIC_2007WR_12_BUNCH
[2026-07-13 11:42:35] [714/1596] Dumping FI_PR_BASIC_2007WR_12_BUNCH5 ...
[2026-07-13 11:42:35] [714/1596] OK FI_PR_BASIC_2007WR_12_BUNCH5
[2026-07-13 11:42:35] [715/1596] Dumping FI_PR_BASIC_2007WR_12_BUNCH5_A ...
[2026-07-13 11:42:35] [715/1596] OK FI_PR_BASIC_2007WR_12_BUNCH5_A
[2026-07-13 11:42:35] [716/1596] Dumping FI_PR_BASIC_2007WR_9100 ...
[2026-07-13 11:42:35] [716/1596] OK FI_PR_BASIC_2007WR_9100
[2026-07-13 11:42:35] [717/1596] Dumping FI_PR_BASIC_2007WR_BUNCH5_9100 ...
[2026-07-13 11:42:35] [717/1596] OK FI_PR_BASIC_2007WR_BUNCH5_9100
[2026-07-13 11:42:35] [718/1596] Dumping FI_PR_BASIC_2007WR_BUNCH5_BCK ...
[2026-07-13 11:42:35] [718/1596] OK FI_PR_BASIC_2007WR_BUNCH5_BCK
[2026-07-13 11:42:35] [719/1596] Dumping FI_PR_BASIC_2007WR_BUNCH5_NOV ...
[2026-07-13 11:42:35] [719/1596] OK FI_PR_BASIC_2007WR_BUNCH5_NOV
[2026-07-13 11:42:35] [720/1596] Dumping FI_PR_BASIC_2007WR_FAIC1 ...
[2026-07-13 11:42:35] [720/1596] OK FI_PR_BASIC_2007WR_FAIC1
[2026-07-13 11:42:35] [721/1596] Dumping FI_PR_BASIC_2007WR_FAIC10 ...
[2026-07-13 11:42:36] [721/1596] OK FI_PR_BASIC_2007WR_FAIC10
[2026-07-13 11:42:36] [722/1596] Dumping FI_PR_BASIC_2007WR_FAIC11 ...
[2026-07-13 11:42:36] [722/1596] OK FI_PR_BASIC_2007WR_FAIC11
[2026-07-13 11:42:36] [723/1596] Dumping FI_PR_BASIC_2007WR_FAIC13 ...
[2026-07-13 11:42:36] [723/1596] OK FI_PR_BASIC_2007WR_FAIC13
[2026-07-13 11:42:36] [724/1596] Dumping FI_PR_BASIC_2007WR_FAIC14 ...
[2026-07-13 11:42:36] [724/1596] OK FI_PR_BASIC_2007WR_FAIC14
[2026-07-13 11:42:36] [725/1596] Dumping FI_PR_BASIC_2007WR_FAIC15 ...
[2026-07-13 11:42:36] [725/1596] OK FI_PR_BASIC_2007WR_FAIC15
[2026-07-13 11:42:36] [726/1596] Dumping FI_PR_BASIC_2007WR_FAIC16 ...
[2026-07-13 11:42:36] [726/1596] OK FI_PR_BASIC_2007WR_FAIC16
[2026-07-13 11:42:36] [727/1596] Dumping FI_PR_BASIC_2007WR_FAIC16_BCK ...
[2026-07-13 11:42:36] [727/1596] OK FI_PR_BASIC_2007WR_FAIC16_BCK
[2026-07-13 11:42:36] [728/1596] Dumping FI_PR_BASIC_2007WR_FAIC1_V1 ...
[2026-07-13 11:42:36] [728/1596] OK FI_PR_BASIC_2007WR_FAIC1_V1
[2026-07-13 11:42:36] [729/1596] Dumping FI_PR_BASIC_2007WR_FAIC2 ...
[2026-07-13 11:42:36] [729/1596] OK FI_PR_BASIC_2007WR_FAIC2
[2026-07-13 11:42:36] [730/1596] Dumping FI_PR_BASIC_2007WR_FAIC2_V1 ...
[2026-07-13 11:42:36] [730/1596] OK FI_PR_BASIC_2007WR_FAIC2_V1
[2026-07-13 11:42:36] [731/1596] Dumping FI_PR_BASIC_2007WR_FAIC3 ...
[2026-07-13 11:42:36] [731/1596] OK FI_PR_BASIC_2007WR_FAIC3
[2026-07-13 11:42:36] [732/1596] Dumping FI_PR_BASIC_2007WR_FAIC3_V1 ...
[2026-07-13 11:42:37] [732/1596] OK FI_PR_BASIC_2007WR_FAIC3_V1
[2026-07-13 11:42:37] [733/1596] Dumping FI_PR_BASIC_2007WR_FAIC4 ...
[2026-07-13 11:42:37] [733/1596] OK FI_PR_BASIC_2007WR_FAIC4
[2026-07-13 11:42:37] [734/1596] Dumping FI_PR_BASIC_2007WR_FAIC4_V1 ...
[2026-07-13 11:42:37] [734/1596] OK FI_PR_BASIC_2007WR_FAIC4_V1
[2026-07-13 11:42:37] [735/1596] Dumping FI_PR_BASIC_2007WR_FAIC5 ...
[2026-07-13 11:42:37] [735/1596] OK FI_PR_BASIC_2007WR_FAIC5
[2026-07-13 11:42:37] [736/1596] Dumping FI_PR_BASIC_2007WR_FAIC5_V1 ...
[2026-07-13 11:42:37] [736/1596] OK FI_PR_BASIC_2007WR_FAIC5_V1
[2026-07-13 11:42:37] [737/1596] Dumping FI_PR_BASIC_2007WR_FAIC6 ...
[2026-07-13 11:42:37] [737/1596] OK FI_PR_BASIC_2007WR_FAIC6
[2026-07-13 11:42:37] [738/1596] Dumping FI_PR_BASIC_2007WR_FAIC7 ...
[2026-07-13 11:42:37] [738/1596] OK FI_PR_BASIC_2007WR_FAIC7
[2026-07-13 11:42:37] [739/1596] Dumping FI_PR_BASIC_2007WR_FAIC8 ...
[2026-07-13 11:42:37] [739/1596] OK FI_PR_BASIC_2007WR_FAIC8
[2026-07-13 11:42:37] [740/1596] Dumping FI_PR_BASIC_2007WR_FAIC9 ...
[2026-07-13 11:42:37] [740/1596] OK FI_PR_BASIC_2007WR_FAIC9
[2026-07-13 11:42:37] [741/1596] Dumping FI_PR_BASIC_2007WR_FAIC9_JUL11 ...
[2026-07-13 11:42:38] [741/1596] OK FI_PR_BASIC_2007WR_FAIC9_JUL11
[2026-07-13 11:42:38] [742/1596] Dumping FI_PR_BASIC_2007WR_UPGRD ...
[2026-07-13 11:42:38] [742/1596] OK FI_PR_BASIC_2007WR_UPGRD
[2026-07-13 11:42:38] [743/1596] Dumping FI_PR_BASIC_AMT_CHECK_WOB ...
[2026-07-13 11:42:38] [743/1596] OK FI_PR_BASIC_AMT_CHECK_WOB
[2026-07-13 11:42:38] [744/1596] Dumping FI_PR_BASIC_DEC_2006_OFFICER ...
[2026-07-13 11:42:38] [744/1596] OK FI_PR_BASIC_DEC_2006_OFFICER
[2026-07-13 11:42:38] [745/1596] Dumping FI_PR_BASIC_DEC_2006_OFFICER16 ...
[2026-07-13 11:42:38] [745/1596] OK FI_PR_BASIC_DEC_2006_OFFICER16
[2026-07-13 11:42:38] [746/1596] Dumping FI_PR_BASIC_DEC_2006_OFFICER_M ...
[2026-07-13 11:42:38] [746/1596] OK FI_PR_BASIC_DEC_2006_OFFICER_M
[2026-07-13 11:42:38] [747/1596] Dumping FI_PR_BASIC_DEC_2006_OFF_2016 ...
[2026-07-13 11:42:38] [747/1596] OK FI_PR_BASIC_DEC_2006_OFF_2016
[2026-07-13 11:42:38] [748/1596] Dumping FI_PR_BASIC_DEC_2006_OFF_2022 ...
[2026-07-13 11:42:38] [748/1596] OK FI_PR_BASIC_DEC_2006_OFF_2022
[2026-07-13 11:42:38] [749/1596] Dumping FI_PR_BB ...
[2026-07-13 11:42:38] [749/1596] OK FI_PR_BB
[2026-07-13 11:42:38] [750/1596] Dumping FI_PR_BUDJET_COST_CNTR ...
[2026-07-13 11:42:38] [750/1596] OK FI_PR_BUDJET_COST_CNTR
[2026-07-13 11:42:38] [751/1596] Dumping FI_PR_CHEQUE_DEPOSITE ...
[2026-07-13 11:42:39] [751/1596] OK FI_PR_CHEQUE_DEPOSITE
[2026-07-13 11:42:39] [752/1596] Dumping FI_PR_CLASS3_ACP_EMP ...
[2026-07-13 11:42:39] [752/1596] OK FI_PR_CLASS3_ACP_EMP
[2026-07-13 11:42:39] [753/1596] Dumping FI_PR_COT_ARREAR ...
[2026-07-13 11:42:39] [753/1596] OK FI_PR_COT_ARREAR
[2026-07-13 11:42:39] [754/1596] Dumping FI_PR_COURT_DED_WR2012 ...
[2026-07-13 11:42:39] [754/1596] OK FI_PR_COURT_DED_WR2012
[2026-07-13 11:42:39] [755/1596] Dumping FI_PR_COURT_DED_WR2017 ...
[2026-07-13 11:42:39] [755/1596] OK FI_PR_COURT_DED_WR2017
[2026-07-13 11:42:39] [756/1596] Dumping FI_PR_COURT_DED_WRARR ...
[2026-07-13 11:42:39] [756/1596] OK FI_PR_COURT_DED_WRARR
[2026-07-13 11:42:39] [757/1596] Dumping FI_PR_CPF_ARR ...
[2026-07-13 11:42:39] [757/1596] OK FI_PR_CPF_ARR
[2026-07-13 11:42:39] [758/1596] Dumping FI_PR_DA_ACTUAL_CLAIM ...
[2026-07-13 11:42:43] [758/1596] OK FI_PR_DA_ACTUAL_CLAIM
[2026-07-13 11:42:43] [759/1596] Dumping FI_PR_DA_DIFF_2024 ...
[2026-07-13 11:42:43] [759/1596] OK FI_PR_DA_DIFF_2024
[2026-07-13 11:42:43] [760/1596] Dumping FI_PR_DA_DTL ...
[2026-07-13 11:42:47] [760/1596] OK FI_PR_DA_DTL
[2026-07-13 11:42:47] [761/1596] Dumping FI_PR_DA_RATE_97 ...
[2026-07-13 11:42:47] [761/1596] OK FI_PR_DA_RATE_97
[2026-07-13 11:42:47] [762/1596] Dumping FI_PR_EARNDEDN_ADJ_MINUS ...
[2026-07-13 11:42:47] [762/1596] OK FI_PR_EARNDEDN_ADJ_MINUS
[2026-07-13 11:42:47] [763/1596] Dumping FI_PR_EARNDEDN_LIMIT ...
[2026-07-13 11:42:47] [763/1596] OK FI_PR_EARNDEDN_LIMIT
[2026-07-13 11:42:47] [764/1596] Dumping FI_PR_EARNDEDN_LIMIT_HIST ...
[2026-07-13 11:42:47] [764/1596] OK FI_PR_EARNDEDN_LIMIT_HIST
[2026-07-13 11:42:47] [765/1596] Dumping FI_PR_EARN_COMP ...
[2026-07-13 11:42:47] [765/1596] OK FI_PR_EARN_COMP
[2026-07-13 11:42:47] [766/1596] Dumping FI_PR_EARN_COMP2 ...
[2026-07-13 11:42:48] [766/1596] OK FI_PR_EARN_COMP2
[2026-07-13 11:42:48] [767/1596] Dumping FI_PR_ECS_EMP ...
[2026-07-13 11:42:48] [767/1596] OK FI_PR_ECS_EMP
[2026-07-13 11:42:48] [768/1596] Dumping FI_PR_EMP_BASIC ...
[2026-07-13 11:42:48] [768/1596] OK FI_PR_EMP_BASIC
[2026-07-13 11:42:48] [769/1596] Dumping FI_PR_EMP_BASIC_BEF_2PT2_2007 ...
[2026-07-13 11:42:48] [769/1596] OK FI_PR_EMP_BASIC_BEF_2PT2_2007
[2026-07-13 11:42:48] [770/1596] Dumping FI_PR_EMP_BUNCH_DIFF ...
[2026-07-13 11:42:48] [770/1596] OK FI_PR_EMP_BUNCH_DIFF
[2026-07-13 11:42:48] [771/1596] Dumping FI_PR_EMP_SPECIFIC_EARN ...
[2026-07-13 11:42:49] [771/1596] OK FI_PR_EMP_SPECIFIC_EARN
[2026-07-13 11:42:49] [772/1596] Dumping FI_PR_ENCASH ...
[2026-07-13 11:42:49] [772/1596] OK FI_PR_ENCASH
[2026-07-13 11:42:49] [773/1596] Dumping FI_PR_FA_EXCL ...
[2026-07-13 11:42:49] [773/1596] OK FI_PR_FA_EXCL
[2026-07-13 11:42:49] [774/1596] Dumping FI_PR_FEST_BAL ...
[2026-07-13 11:42:49] [774/1596] OK FI_PR_FEST_BAL
[2026-07-13 11:42:49] [775/1596] Dumping FI_PR_FEST_BAL_ARP ...
[2026-07-13 11:42:49] [775/1596] OK FI_PR_FEST_BAL_ARP
[2026-07-13 11:42:49] [776/1596] Dumping FI_PR_FEST_DUE_2012 ...
[2026-07-13 11:42:49] [776/1596] OK FI_PR_FEST_DUE_2012
[2026-07-13 11:42:49] [777/1596] Dumping FI_PR_FEST_DUE_2021 ...
[2026-07-13 11:42:50] [777/1596] OK FI_PR_FEST_DUE_2021
[2026-07-13 11:42:50] [778/1596] Dumping FI_PR_FIN_IMPACT_9100 ...
[2026-07-13 11:42:50] [778/1596] OK FI_PR_FIN_IMPACT_9100
[2026-07-13 11:42:50] [779/1596] Dumping FI_PR_FOT_UNIT ...
[2026-07-13 11:42:50] [779/1596] OK FI_PR_FOT_UNIT
[2026-07-13 11:42:50] [780/1596] Dumping FI_PR_FUND_DATA ...
[2026-07-13 11:42:50] [780/1596] OK FI_PR_FUND_DATA
[2026-07-13 11:42:50] [781/1596] Dumping FI_PR_FUND_DATA_1 ...
[2026-07-13 11:42:50] [781/1596] OK FI_PR_FUND_DATA_1
[2026-07-13 11:42:50] [782/1596] Dumping FI_PR_GROSS_MISMATCH ...
[2026-07-13 11:42:51] [782/1596] OK FI_PR_GROSS_MISMATCH
[2026-07-13 11:42:51] [783/1596] Dumping FI_PR_HARDSHIP_DIFF ...
[2026-07-13 11:42:51] [783/1596] OK FI_PR_HARDSHIP_DIFF
[2026-07-13 11:42:51] [784/1596] Dumping FI_PR_INTERIM_ADJ_INS ...
[2026-07-13 11:42:51] [784/1596] OK FI_PR_INTERIM_ADJ_INS
[2026-07-13 11:42:51] [785/1596] Dumping FI_PR_IT_SCRUTINY ...
[2026-07-13 11:42:52] [785/1596] OK FI_PR_IT_SCRUTINY
[2026-07-13 11:42:52] [786/1596] Dumping FI_PR_LB_UNION_022008 ...
[2026-07-13 11:42:53] [786/1596] OK FI_PR_LB_UNION_022008
[2026-07-13 11:42:53] [787/1596] Dumping FI_PR_LEAVE_POST_ERR ...
[2026-07-13 11:42:53] [787/1596] FAIL FI_PR_LEAVE_POST_ERR: (1171, 'All parts of a PRIMARY KEY must be NOT NULL; if you need NULL in a key, use UNIQUE instead')
[2026-07-13 11:42:53] [788/1596] Dumping FI_PR_LEAVE_POST_ERR_PALAS ...
[2026-07-13 11:42:53] [788/1596] OK FI_PR_LEAVE_POST_ERR_PALAS
[2026-07-13 11:42:53] [789/1596] Dumping FI_PR_LEAVE_POST_MAST ...
[2026-07-13 11:42:53] [789/1596] OK FI_PR_LEAVE_POST_MAST
[2026-07-13 11:42:53] [790/1596] Dumping FI_PR_LEAVE_POST_MAST_PALAS ...
[2026-07-13 11:42:53] [790/1596] OK FI_PR_LEAVE_POST_MAST_PALAS
[2026-07-13 11:42:53] [791/1596] Dumping FI_PR_LOCAL_ALLOWANCE_2017 ...
[2026-07-13 11:42:53] [791/1596] OK FI_PR_LOCAL_ALLOWANCE_2017
[2026-07-13 11:42:53] [792/1596] Dumping FI_PR_LV_56J ...
[2026-07-13 11:42:53] [792/1596] OK FI_PR_LV_56J
[2026-07-13 11:42:53] [793/1596] Dumping FI_PR_MACP_ARR_APR2014 ...
[2026-07-13 11:42:53] [793/1596] OK FI_PR_MACP_ARR_APR2014
[2026-07-13 11:42:53] [794/1596] Dumping FI_PR_MACP_ARR_AUG2017 ...
[2026-07-13 11:42:53] [794/1596] OK FI_PR_MACP_ARR_AUG2017
[2026-07-13 11:42:53] [795/1596] Dumping FI_PR_MACP_ARR_DEC2013 ...
[2026-07-13 11:42:53] [795/1596] OK FI_PR_MACP_ARR_DEC2013
[2026-07-13 11:42:53] [796/1596] Dumping FI_PR_MACP_ARR_FEB2014 ...
[2026-07-13 11:42:54] [796/1596] OK FI_PR_MACP_ARR_FEB2014
[2026-07-13 11:42:54] [797/1596] Dumping FI_PR_MACP_ARR_FEB2_2014 ...
[2026-07-13 11:42:54] [797/1596] OK FI_PR_MACP_ARR_FEB2_2014
[2026-07-13 11:42:54] [798/1596] Dumping FI_PR_MACP_ARR_FEB3_2014 ...
[2026-07-13 11:42:54] [798/1596] OK FI_PR_MACP_ARR_FEB3_2014
[2026-07-13 11:42:54] [799/1596] Dumping FI_PR_MACP_ARR_JAN2014 ...
[2026-07-13 11:42:54] [799/1596] OK FI_PR_MACP_ARR_JAN2014
[2026-07-13 11:42:54] [800/1596] Dumping FI_PR_MACP_ARR_MAR2014_RET ...
[2026-07-13 11:42:54] [800/1596] OK FI_PR_MACP_ARR_MAR2014_RET
[2026-07-13 11:42:54] [801/1596] Dumping FI_PR_MACP_ARR_MAR2017 ...
[2026-07-13 11:42:54] [801/1596] OK FI_PR_MACP_ARR_MAR2017
[2026-07-13 11:42:54] [802/1596] Dumping FI_PR_MACP_DEDN ...
[2026-07-13 11:42:54] [802/1596] OK FI_PR_MACP_DEDN
[2026-07-13 11:42:54] [803/1596] Dumping FI_PR_MD_AC_ALLOC ...
[2026-07-13 11:42:54] [803/1596] OK FI_PR_MD_AC_ALLOC
[2026-07-13 11:42:54] [804/1596] Dumping FI_PR_MD_AC_ALLOC_032006 ...
[2026-07-13 11:42:55] [804/1596] OK FI_PR_MD_AC_ALLOC_032006
[2026-07-13 11:42:55] [805/1596] Dumping FI_PR_MD_AC_ALLOC_BAK ...
[2026-07-13 11:42:55] [805/1596] OK FI_PR_MD_AC_ALLOC_BAK
[2026-07-13 11:42:55] [806/1596] Dumping FI_PR_MD_AC_ALLOC_BL ...
[2026-07-13 11:42:55] [806/1596] OK FI_PR_MD_AC_ALLOC_BL
[2026-07-13 11:42:55] [807/1596] Dumping FI_PR_MD_CALC_DA ...
[2026-07-13 11:42:55] [807/1596] OK FI_PR_MD_CALC_DA
[2026-07-13 11:42:55] [808/1596] Dumping FI_PR_MD_CALC_DA_130225 ...
[2026-07-13 11:42:55] [808/1596] OK FI_PR_MD_CALC_DA_130225
[2026-07-13 11:42:55] [809/1596] Dumping FI_PR_MD_CALC_DA_1997WR ...
[2026-07-13 11:42:55] [809/1596] OK FI_PR_MD_CALC_DA_1997WR
[2026-07-13 11:42:55] [810/1596] Dumping FI_PR_MD_CALC_DA_2007WR ...
[2026-07-13 11:42:55] [810/1596] OK FI_PR_MD_CALC_DA_2007WR
[2026-07-13 11:42:55] [811/1596] Dumping FI_PR_MD_CALC_DA_2012WR ...
[2026-07-13 11:42:55] [811/1596] OK FI_PR_MD_CALC_DA_2012WR
[2026-07-13 11:42:55] [812/1596] Dumping FI_PR_MD_CALC_DA_2022 ...
[2026-07-13 11:42:55] [812/1596] OK FI_PR_MD_CALC_DA_2022
[2026-07-13 11:42:55] [813/1596] Dumping FI_PR_MD_CLIMIT ...
[2026-07-13 11:42:56] [813/1596] OK FI_PR_MD_CLIMIT
[2026-07-13 11:42:56] [814/1596] Dumping FI_PR_MD_CLIMIT_1997WR ...
[2026-07-13 11:42:56] [814/1596] OK FI_PR_MD_CLIMIT_1997WR
[2026-07-13 11:42:56] [815/1596] Dumping FI_PR_MD_CLIMIT_2007WR ...
[2026-07-13 11:42:56] [815/1596] OK FI_PR_MD_CLIMIT_2007WR
[2026-07-13 11:42:56] [816/1596] Dumping FI_PR_MD_CRATE ...
[2026-07-13 11:42:56] [816/1596] OK FI_PR_MD_CRATE
[2026-07-13 11:42:56] [817/1596] Dumping FI_PR_MD_CRATE_1997WR ...
[2026-07-13 11:42:56] [817/1596] OK FI_PR_MD_CRATE_1997WR
[2026-07-13 11:42:56] [818/1596] Dumping FI_PR_MD_CRATE_2007WR ...
[2026-07-13 11:42:56] [818/1596] OK FI_PR_MD_CRATE_2007WR
[2026-07-13 11:42:56] [819/1596] Dumping FI_PR_MD_CTRATE ...
[2026-07-13 11:42:56] [819/1596] OK FI_PR_MD_CTRATE
[2026-07-13 11:42:56] [820/1596] Dumping FI_PR_MD_CTRATE_1997WR ...
[2026-07-13 11:42:56] [820/1596] OK FI_PR_MD_CTRATE_1997WR
[2026-07-13 11:42:56] [821/1596] Dumping FI_PR_MD_CTRATE_2007WR ...
[2026-07-13 11:42:56] [821/1596] OK FI_PR_MD_CTRATE_2007WR
[2026-07-13 11:42:56] [822/1596] Dumping FI_PR_MD_DIVFACT ...
[2026-07-13 11:42:56] [822/1596] OK FI_PR_MD_DIVFACT
[2026-07-13 11:42:56] [823/1596] Dumping FI_PR_MD_DIVFACT_1997WR ...
[2026-07-13 11:42:56] [823/1596] OK FI_PR_MD_DIVFACT_1997WR
[2026-07-13 11:42:56] [824/1596] Dumping FI_PR_MD_DIVFACT_2007WR ...
[2026-07-13 11:42:56] [824/1596] OK FI_PR_MD_DIVFACT_2007WR
[2026-07-13 11:42:56] [825/1596] Dumping FI_PR_MD_DRATE ...
[2026-07-13 11:42:57] [825/1596] OK FI_PR_MD_DRATE
[2026-07-13 11:42:57] [826/1596] Dumping FI_PR_MD_DRATE_1997WR ...
[2026-07-13 11:42:57] [826/1596] OK FI_PR_MD_DRATE_1997WR
[2026-07-13 11:42:57] [827/1596] Dumping FI_PR_MD_DRATE_1997WR1 ...
[2026-07-13 11:42:57] [827/1596] OK FI_PR_MD_DRATE_1997WR1
[2026-07-13 11:42:57] [828/1596] Dumping FI_PR_MD_DRATE_2007WR ...
[2026-07-13 11:42:57] [828/1596] OK FI_PR_MD_DRATE_2007WR
[2026-07-13 11:42:57] [829/1596] Dumping FI_PR_MD_DRATE_2007WR_BCK ...
[2026-07-13 11:42:57] [829/1596] OK FI_PR_MD_DRATE_2007WR_BCK
[2026-07-13 11:42:57] [830/1596] Dumping FI_PR_MD_EARNATNDMAP ...
[2026-07-13 11:42:57] [830/1596] OK FI_PR_MD_EARNATNDMAP
[2026-07-13 11:42:57] [831/1596] Dumping FI_PR_MD_ELIGCAT ...
[2026-07-13 11:42:57] [831/1596] OK FI_PR_MD_ELIGCAT
[2026-07-13 11:42:57] [832/1596] Dumping FI_PR_MD_ELIGCAT_12032018 ...
[2026-07-13 11:42:58] [832/1596] OK FI_PR_MD_ELIGCAT_12032018
[2026-07-13 11:42:58] [833/1596] Dumping FI_PR_MD_ELIGCAT_1997WR ...
[2026-07-13 11:42:58] [833/1596] OK FI_PR_MD_ELIGCAT_1997WR
[2026-07-13 11:42:58] [834/1596] Dumping FI_PR_MD_ELIGCAT_1997WR1 ...
[2026-07-13 11:42:58] [834/1596] OK FI_PR_MD_ELIGCAT_1997WR1
[2026-07-13 11:42:58] [835/1596] Dumping FI_PR_MD_ELIGCAT_2007WR ...
[2026-07-13 11:42:58] [835/1596] OK FI_PR_MD_ELIGCAT_2007WR
[2026-07-13 11:42:58] [836/1596] Dumping FI_PR_MD_ELIGCAT_2017WR ...
[2026-07-13 11:42:58] [836/1596] OK FI_PR_MD_ELIGCAT_2017WR
[2026-07-13 11:42:58] [837/1596] Dumping FI_PR_MD_ELIGCAT_MTH ...
[2026-07-13 11:43:08] [837/1596] OK FI_PR_MD_ELIGCAT_MTH
[2026-07-13 11:43:08] [838/1596] Dumping FI_PR_MD_ELIGEMP ...
[2026-07-13 11:43:08] [838/1596] OK FI_PR_MD_ELIGEMP
[2026-07-13 11:43:08] [839/1596] Dumping FI_PR_MD_ELIGEMP_12032018 ...
[2026-07-13 11:43:09] [839/1596] OK FI_PR_MD_ELIGEMP_12032018
[2026-07-13 11:43:09] [840/1596] Dumping FI_PR_MD_ELIGEMP_1997WR ...
[2026-07-13 11:43:09] [840/1596] OK FI_PR_MD_ELIGEMP_1997WR
[2026-07-13 11:43:09] [841/1596] Dumping FI_PR_MD_ELIGEMP_1997WR1 ...
[2026-07-13 11:43:10] [841/1596] OK FI_PR_MD_ELIGEMP_1997WR1
[2026-07-13 11:43:10] [842/1596] Dumping FI_PR_MD_ELIGEMP_2007WR ...
[2026-07-13 11:43:11] [842/1596] OK FI_PR_MD_ELIGEMP_2007WR
[2026-07-13 11:43:11] [843/1596] Dumping FI_PR_MD_ELIGEMP_2017WR ...
[2026-07-13 11:43:11] [843/1596] OK FI_PR_MD_ELIGEMP_2017WR
[2026-07-13 11:43:11] [844/1596] Dumping FI_PR_MD_ELIGEMP_MTH ...
[2026-07-13 11:43:42] [844/1596] OK FI_PR_MD_ELIGEMP_MTH
[2026-07-13 11:43:42] [845/1596] Dumping FI_PR_MD_ELIMIT ...
[2026-07-13 11:43:42] [845/1596] OK FI_PR_MD_ELIMIT
[2026-07-13 11:43:42] [846/1596] Dumping FI_PR_MD_ELIMIT_1997WR ...
[2026-07-13 11:43:42] [846/1596] OK FI_PR_MD_ELIMIT_1997WR
[2026-07-13 11:43:42] [847/1596] Dumping FI_PR_MD_ELIMIT_2007WR ...
[2026-07-13 11:43:42] [847/1596] OK FI_PR_MD_ELIMIT_2007WR
[2026-07-13 11:43:42] [848/1596] Dumping FI_PR_MD_ERATE ...
[2026-07-13 11:43:42] [848/1596] OK FI_PR_MD_ERATE
[2026-07-13 11:43:42] [849/1596] Dumping FI_PR_MD_ERATE_1997WR ...
[2026-07-13 11:43:42] [849/1596] OK FI_PR_MD_ERATE_1997WR
[2026-07-13 11:43:42] [850/1596] Dumping FI_PR_MD_ERATE_1997WR1 ...
[2026-07-13 11:43:43] [850/1596] OK FI_PR_MD_ERATE_1997WR1
[2026-07-13 11:43:43] [851/1596] Dumping FI_PR_MD_ERATE_2007WR ...
[2026-07-13 11:43:43] [851/1596] OK FI_PR_MD_ERATE_2007WR
[2026-07-13 11:43:43] [852/1596] Dumping FI_PR_MD_FRATE ...
[2026-07-13 11:43:43] [852/1596] OK FI_PR_MD_FRATE
[2026-07-13 11:43:43] [853/1596] Dumping FI_PR_MD_FRATE_1997WR ...
[2026-07-13 11:43:43] [853/1596] OK FI_PR_MD_FRATE_1997WR
[2026-07-13 11:43:43] [854/1596] Dumping FI_PR_MD_FRATE_1997WR1 ...
[2026-07-13 11:43:43] [854/1596] OK FI_PR_MD_FRATE_1997WR1
[2026-07-13 11:43:43] [855/1596] Dumping FI_PR_MD_FRATE_2007WR ...
[2026-07-13 11:43:43] [855/1596] OK FI_PR_MD_FRATE_2007WR
[2026-07-13 11:43:43] [856/1596] Dumping FI_PR_MD_MBASEVAL ...
[2026-07-13 11:43:43] [856/1596] OK FI_PR_MD_MBASEVAL
[2026-07-13 11:43:43] [857/1596] Dumping FI_PR_MD_MBASEVAL_1997WR ...
[2026-07-13 11:43:43] [857/1596] OK FI_PR_MD_MBASEVAL_1997WR
[2026-07-13 11:43:43] [858/1596] Dumping FI_PR_MD_MBASEVAL_2007WR ...
[2026-07-13 11:43:43] [858/1596] OK FI_PR_MD_MBASEVAL_2007WR
[2026-07-13 11:43:43] [859/1596] Dumping FI_PR_MD_MBASEVAL_ARR ...
[2026-07-13 11:43:43] [859/1596] OK FI_PR_MD_MBASEVAL_ARR
[2026-07-13 11:43:43] [860/1596] Dumping FI_PR_MD_QRENTEMP ...
[2026-07-13 11:43:44] [860/1596] OK FI_PR_MD_QRENTEMP
[2026-07-13 11:43:44] [861/1596] Dumping FI_PR_MD_QRENTEMP_HIS ...
[2026-07-13 11:43:44] [861/1596] OK FI_PR_MD_QRENTEMP_HIS
[2026-07-13 11:43:44] [862/1596] Dumping FI_PR_MD_QRENTEMP_OLD ...
[2026-07-13 11:43:44] [862/1596] OK FI_PR_MD_QRENTEMP_OLD
[2026-07-13 11:43:44] [863/1596] Dumping FI_PR_MD_QRENTRT ...
[2026-07-13 11:43:44] [863/1596] OK FI_PR_MD_QRENTRT
[2026-07-13 11:43:44] [864/1596] Dumping FI_PR_MD_QSUBLOCN ...
[2026-07-13 11:43:44] [864/1596] OK FI_PR_MD_QSUBLOCN
[2026-07-13 11:43:44] [865/1596] Dumping FI_PR_MD_SBASEVAL ...
[2026-07-13 11:43:44] [865/1596] OK FI_PR_MD_SBASEVAL
[2026-07-13 11:43:44] [866/1596] Dumping FI_PR_MD_SBASEVAL_1997WR ...
[2026-07-13 11:43:45] [866/1596] OK FI_PR_MD_SBASEVAL_1997WR
[2026-07-13 11:43:45] [867/1596] Dumping FI_PR_MD_SBASEVAL_2007WR ...
[2026-07-13 11:43:45] [867/1596] OK FI_PR_MD_SBASEVAL_2007WR
[2026-07-13 11:43:45] [868/1596] Dumping FI_PR_MD_STRATE ...
[2026-07-13 11:43:45] [868/1596] OK FI_PR_MD_STRATE
[2026-07-13 11:43:45] [869/1596] Dumping FI_PR_MD_STRATE_1997WR ...
[2026-07-13 11:43:45] [869/1596] OK FI_PR_MD_STRATE_1997WR
[2026-07-13 11:43:45] [870/1596] Dumping FI_PR_MD_STRATE_2007WR ...
[2026-07-13 11:43:45] [870/1596] OK FI_PR_MD_STRATE_2007WR
[2026-07-13 11:43:45] [871/1596] Dumping FI_PR_MEAT_FISH_ARR ...
[2026-07-13 11:43:46] [871/1596] OK FI_PR_MEAT_FISH_ARR
[2026-07-13 11:43:46] [872/1596] Dumping FI_PR_MEAT_FISH_SUMMARY ...
[2026-07-13 11:43:46] [872/1596] OK FI_PR_MEAT_FISH_SUMMARY
[2026-07-13 11:43:46] [873/1596] Dumping FI_PR_MEDICAL_EARNAMTMTH ...
[2026-07-13 11:43:46] [873/1596] OK FI_PR_MEDICAL_EARNAMTMTH
[2026-07-13 11:43:46] [874/1596] Dumping FI_PR_MH_ADA_RATE ...
[2026-07-13 11:43:47] [874/1596] OK FI_PR_MH_ADA_RATE
[2026-07-13 11:43:47] [875/1596] Dumping FI_PR_MH_ADA_RATE_2007WR ...
[2026-07-13 11:43:47] [875/1596] OK FI_PR_MH_ADA_RATE_2007WR
[2026-07-13 11:43:47] [876/1596] Dumping FI_PR_MH_ADA_RATE_OLD ...
[2026-07-13 11:43:47] [876/1596] OK FI_PR_MH_ADA_RATE_OLD
[2026-07-13 11:43:47] [877/1596] Dumping FI_PR_MH_ADJTYPE ...
[2026-07-13 11:43:47] [877/1596] OK FI_PR_MH_ADJTYPE
[2026-07-13 11:43:47] [878/1596] Dumping FI_PR_MH_ARREAR ...
[2026-07-13 11:43:47] [878/1596] OK FI_PR_MH_ARREAR
[2026-07-13 11:43:47] [879/1596] Dumping FI_PR_MH_BILL_PRINT ...
[2026-07-13 11:43:47] [879/1596] OK FI_PR_MH_BILL_PRINT
[2026-07-13 11:43:47] [880/1596] Dumping FI_PR_MH_BILL_PRINT_DEAD ...
[2026-07-13 11:43:47] [880/1596] OK FI_PR_MH_BILL_PRINT_DEAD
[2026-07-13 11:43:47] [881/1596] Dumping FI_PR_MH_CAFE ...
[2026-07-13 11:43:47] [881/1596] OK FI_PR_MH_CAFE
[2026-07-13 11:43:47] [882/1596] Dumping FI_PR_MH_CAFE_FINYR ...
[2026-07-13 11:43:47] [882/1596] OK FI_PR_MH_CAFE_FINYR
[2026-07-13 11:43:47] [883/1596] Dumping FI_PR_MH_CAFE_GROUP ...
[2026-07-13 11:43:47] [883/1596] OK FI_PR_MH_CAFE_GROUP
[2026-07-13 11:43:47] [884/1596] Dumping FI_PR_MH_CALC_DA ...
[2026-07-13 11:43:48] [884/1596] OK FI_PR_MH_CALC_DA
[2026-07-13 11:43:48] [885/1596] Dumping FI_PR_MH_CALC_DA_130225 ...
[2026-07-13 11:43:48] [885/1596] OK FI_PR_MH_CALC_DA_130225
[2026-07-13 11:43:48] [886/1596] Dumping FI_PR_MH_CALC_DA_1997WR ...
[2026-07-13 11:43:48] [886/1596] OK FI_PR_MH_CALC_DA_1997WR
[2026-07-13 11:43:48] [887/1596] Dumping FI_PR_MH_CALC_DA_2007WR ...
[2026-07-13 11:43:48] [887/1596] OK FI_PR_MH_CALC_DA_2007WR
[2026-07-13 11:43:48] [888/1596] Dumping FI_PR_MH_CALC_DA_2012WR ...
[2026-07-13 11:43:48] [888/1596] OK FI_PR_MH_CALC_DA_2012WR
[2026-07-13 11:43:48] [889/1596] Dumping FI_PR_MH_CALC_DA_2022 ...
[2026-07-13 11:43:48] [889/1596] OK FI_PR_MH_CALC_DA_2022
[2026-07-13 11:43:48] [890/1596] Dumping FI_PR_MH_CALC_DA_2022WR ...
[2026-07-13 11:43:48] [890/1596] OK FI_PR_MH_CALC_DA_2022WR
[2026-07-13 11:43:48] [891/1596] Dumping FI_PR_MH_CALC_DA_PALAS ...
[2026-07-13 11:43:48] [891/1596] OK FI_PR_MH_CALC_DA_PALAS
[2026-07-13 11:43:48] [892/1596] Dumping FI_PR_MH_CALC_DA_REV_OFFICER ...
[2026-07-13 11:43:48] [892/1596] OK FI_PR_MH_CALC_DA_REV_OFFICER
[2026-07-13 11:43:48] [893/1596] Dumping FI_PR_MH_COURTS ...
[2026-07-13 11:43:48] [893/1596] OK FI_PR_MH_COURTS
[2026-07-13 11:43:48] [894/1596] Dumping FI_PR_MH_CRDT_CONTRA ...
[2026-07-13 11:43:48] [894/1596] OK FI_PR_MH_CRDT_CONTRA
[2026-07-13 11:43:48] [895/1596] Dumping FI_PR_MH_CRDT_CONTRA_PF ...
[2026-07-13 11:43:49] [895/1596] OK FI_PR_MH_CRDT_CONTRA_PF
[2026-07-13 11:43:49] [896/1596] Dumping FI_PR_MH_ENTRY_LIMIT ...
[2026-07-13 11:43:49] [896/1596] OK FI_PR_MH_ENTRY_LIMIT
[2026-07-13 11:43:49] [897/1596] Dumping FI_PR_MH_ENTRY_LIMIT_AUDIT ...
[2026-07-13 11:43:49] [897/1596] OK FI_PR_MH_ENTRY_LIMIT_AUDIT
[2026-07-13 11:43:49] [898/1596] Dumping FI_PR_MH_ERNDEDNMAP ...
[2026-07-13 11:43:49] [898/1596] OK FI_PR_MH_ERNDEDNMAP
[2026-07-13 11:43:49] [899/1596] Dumping FI_PR_MH_HOD_DEPUTY ...
[2026-07-13 11:43:49] [899/1596] OK FI_PR_MH_HOD_DEPUTY
[2026-07-13 11:43:49] [900/1596] Dumping FI_PR_MH_INTERIM_RELIEF ...
[2026-07-13 11:43:49] [900/1596] OK FI_PR_MH_INTERIM_RELIEF
[2026-07-13 11:43:49] [901/1596] Dumping FI_PR_MH_INTERIM_RELIEF_BACKUP ...
[2026-07-13 11:43:49] [901/1596] OK FI_PR_MH_INTERIM_RELIEF_BACKUP
[2026-07-13 11:43:49] [902/1596] Dumping FI_PR_MH_IT ...
[2026-07-13 11:43:49] [902/1596] OK FI_PR_MH_IT
[2026-07-13 11:43:49] [903/1596] Dumping FI_PR_MH_LEAVE ...
[2026-07-13 11:43:49] [903/1596] OK FI_PR_MH_LEAVE
[2026-07-13 11:43:49] [904/1596] Dumping FI_PR_MH_OT_SANC ...
[2026-07-13 11:43:49] [904/1596] OK FI_PR_MH_OT_SANC
[2026-07-13 11:43:49] [905/1596] Dumping FI_PR_MH_OUTSIDE_PARTY ...
[2026-07-13 11:43:49] [905/1596] OK FI_PR_MH_OUTSIDE_PARTY
[2026-07-13 11:43:49] [906/1596] Dumping FI_PR_MH_PAYSCALE_MAP ...
[2026-07-13 11:43:49] [906/1596] OK FI_PR_MH_PAYSCALE_MAP
[2026-07-13 11:43:49] [907/1596] Dumping FI_PR_MH_PAYSCALE_MAP2017 ...
[2026-07-13 11:43:50] [907/1596] OK FI_PR_MH_PAYSCALE_MAP2017
[2026-07-13 11:43:50] [908/1596] Dumping FI_PR_MH_PAYSCALE_MAP_OFF ...
[2026-07-13 11:43:50] [908/1596] OK FI_PR_MH_PAYSCALE_MAP_OFF
[2026-07-13 11:43:50] [909/1596] Dumping FI_PR_MH_PFCONTRIB ...
[2026-07-13 11:43:50] [909/1596] OK FI_PR_MH_PFCONTRIB
[2026-07-13 11:43:50] [910/1596] Dumping FI_PR_MH_PFRATE ...
[2026-07-13 11:43:50] [910/1596] OK FI_PR_MH_PFRATE
[2026-07-13 11:43:50] [911/1596] Dumping FI_PR_MH_PROFTAX_RT ...
[2026-07-13 11:43:50] [911/1596] OK FI_PR_MH_PROFTAX_RT
[2026-07-13 11:43:50] [912/1596] Dumping FI_PR_MH_QLOCN ...
[2026-07-13 11:43:50] [912/1596] OK FI_PR_MH_QLOCN
[2026-07-13 11:43:50] [913/1596] Dumping FI_PR_MH_QRENT_2020 ...
[2026-07-13 11:43:50] [913/1596] OK FI_PR_MH_QRENT_2020
[2026-07-13 11:43:50] [914/1596] Dumping FI_PR_MH_WRKUNION ...
[2026-07-13 11:43:50] [914/1596] OK FI_PR_MH_WRKUNION
[2026-07-13 11:43:50] [915/1596] Dumping FI_PR_MTH_OT_SANC ...
[2026-07-13 11:43:51] [915/1596] OK FI_PR_MTH_OT_SANC
[2026-07-13 11:43:51] [916/1596] Dumping FI_PR_NETARR_REVOFF ...
[2026-07-13 11:43:51] [916/1596] OK FI_PR_NETARR_REVOFF
[2026-07-13 11:43:51] [917/1596] Dumping FI_PR_NET_PLR_2011 ...
[2026-07-13 11:43:51] [917/1596] OK FI_PR_NET_PLR_2011
[2026-07-13 11:43:51] [918/1596] Dumping FI_PR_NET_PLR_2011_BCK ...
[2026-07-13 11:43:51] [918/1596] OK FI_PR_NET_PLR_2011_BCK
[2026-07-13 11:43:51] [919/1596] Dumping FI_PR_NET_PLR_2011_RET ...
[2026-07-13 11:43:51] [919/1596] OK FI_PR_NET_PLR_2011_RET
[2026-07-13 11:43:51] [920/1596] Dumping FI_PR_NET_PLR_2012 ...
[2026-07-13 11:43:51] [920/1596] OK FI_PR_NET_PLR_2012
[2026-07-13 11:43:51] [921/1596] Dumping FI_PR_NET_PLR_2012_BCK ...
[2026-07-13 11:43:51] [921/1596] OK FI_PR_NET_PLR_2012_BCK
[2026-07-13 11:43:51] [922/1596] Dumping FI_PR_NET_PLR_2012_RET ...
[2026-07-13 11:43:51] [922/1596] OK FI_PR_NET_PLR_2012_RET
[2026-07-13 11:43:51] [923/1596] Dumping FI_PR_ONLINE_FA_NOT_THROUGH ...
[2026-07-13 11:43:51] [923/1596] OK FI_PR_ONLINE_FA_NOT_THROUGH
[2026-07-13 11:43:51] [924/1596] Dumping FI_PR_ONLINE_FA_SUB ...
[2026-07-13 11:43:53] [924/1596] OK FI_PR_ONLINE_FA_SUB
[2026-07-13 11:43:53] [925/1596] Dumping FI_PR_ONLINE_SUPER_USER ...
[2026-07-13 11:43:53] [925/1596] OK FI_PR_ONLINE_SUPER_USER
[2026-07-13 11:43:53] [926/1596] Dumping FI_PR_ONLINE_USER_DTL ...
[2026-07-13 11:43:53] [926/1596] OK FI_PR_ONLINE_USER_DTL
[2026-07-13 11:43:53] [927/1596] Dumping FI_PR_ONLINE_USER_DTL_DEL ...
[2026-07-13 11:43:53] [927/1596] OK FI_PR_ONLINE_USER_DTL_DEL
[2026-07-13 11:43:53] [928/1596] Dumping FI_PR_ONLINE_USER_HDR ...
[2026-07-13 11:43:53] [928/1596] OK FI_PR_ONLINE_USER_HDR
[2026-07-13 11:43:53] [929/1596] Dumping FI_PR_OTHER_PAY_WR2017 ...
[2026-07-13 11:43:53] [929/1596] OK FI_PR_OTHER_PAY_WR2017
[2026-07-13 11:43:53] [930/1596] Dumping FI_PR_OVDN_ARR ...
[2026-07-13 11:43:53] [930/1596] OK FI_PR_OVDN_ARR
[2026-07-13 11:43:53] [931/1596] Dumping FI_PR_OVDN_ARR_1 ...
[2026-07-13 11:43:53] [931/1596] OK FI_PR_OVDN_ARR_1
[2026-07-13 11:43:53] [932/1596] Dumping FI_PR_OVDN_ARR_2011 ...
[2026-07-13 11:43:53] [932/1596] OK FI_PR_OVDN_ARR_2011
[2026-07-13 11:43:53] [933/1596] Dumping FI_PR_OVDN_ARR_BCK ...
[2026-07-13 11:43:54] [933/1596] OK FI_PR_OVDN_ARR_BCK
[2026-07-13 11:43:54] [934/1596] Dumping FI_PR_OVDN_RECOVERY ...
[2026-07-13 11:43:54] [934/1596] OK FI_PR_OVDN_RECOVERY
[2026-07-13 11:43:54] [935/1596] Dumping FI_PR_PF_NPS_DEDUCT ...
[2026-07-13 11:43:54] [935/1596] OK FI_PR_PF_NPS_DEDUCT
[2026-07-13 11:43:54] [936/1596] Dumping FI_PR_PF_NPS_DUE ...
[2026-07-13 11:43:54] [936/1596] OK FI_PR_PF_NPS_DUE
[2026-07-13 11:43:54] [937/1596] Dumping FI_PR_PILOT_31122006 ...
[2026-07-13 11:43:54] [937/1596] OK FI_PR_PILOT_31122006
[2026-07-13 11:43:54] [938/1596] Dumping FI_PR_PILOT_SENIORITY ...
[2026-07-13 11:43:54] [938/1596] OK FI_PR_PILOT_SENIORITY
[2026-07-13 11:43:54] [939/1596] Dumping FI_PR_PLR2011_2012 ...
[2026-07-13 11:43:54] [939/1596] OK FI_PR_PLR2011_2012
[2026-07-13 11:43:54] [940/1596] Dumping FI_PR_PLR_0607_NPL ...
[2026-07-13 11:43:55] [940/1596] OK FI_PR_PLR_0607_NPL
[2026-07-13 11:43:55] [941/1596] Dumping FI_PR_PLR_0708_NPL ...
[2026-07-13 11:43:55] [941/1596] OK FI_PR_PLR_0708_NPL
[2026-07-13 11:43:55] [942/1596] Dumping FI_PR_PLR_DIFF_2020 ...
[2026-07-13 11:43:55] [942/1596] OK FI_PR_PLR_DIFF_2020
[2026-07-13 11:43:55] [943/1596] Dumping FI_PR_PLR_DIFF_2021 ...
[2026-07-13 11:43:55] [943/1596] OK FI_PR_PLR_DIFF_2021
[2026-07-13 11:43:55] [944/1596] Dumping FI_PR_PLR_LV_2006 ...
[2026-07-13 11:43:55] [944/1596] OK FI_PR_PLR_LV_2006
[2026-07-13 11:43:55] [945/1596] Dumping FI_PR_PLR_LV_2007 ...
[2026-07-13 11:43:55] [945/1596] OK FI_PR_PLR_LV_2007
[2026-07-13 11:43:55] [946/1596] Dumping FI_PR_PLR_LV_2008 ...
[2026-07-13 11:43:55] [946/1596] OK FI_PR_PLR_LV_2008
[2026-07-13 11:43:55] [947/1596] Dumping FI_PR_PLR_LV_2008_COMPARE ...
[2026-07-13 11:43:55] [947/1596] OK FI_PR_PLR_LV_2008_COMPARE
[2026-07-13 11:43:55] [948/1596] Dumping FI_PR_PLR_LV_2010 ...
[2026-07-13 11:43:56] [948/1596] OK FI_PR_PLR_LV_2010
[2026-07-13 11:43:56] [949/1596] Dumping FI_PR_PLR_LV_2011 ...
[2026-07-13 11:43:56] [949/1596] OK FI_PR_PLR_LV_2011
[2026-07-13 11:43:56] [950/1596] Dumping FI_PR_PLR_LV_2011_BCK ...
[2026-07-13 11:43:56] [950/1596] OK FI_PR_PLR_LV_2011_BCK
[2026-07-13 11:43:56] [951/1596] Dumping FI_PR_PLR_LV_2011_RET ...
[2026-07-13 11:43:56] [951/1596] OK FI_PR_PLR_LV_2011_RET
[2026-07-13 11:43:56] [952/1596] Dumping FI_PR_PLR_LV_2012 ...
[2026-07-13 11:43:56] [952/1596] OK FI_PR_PLR_LV_2012
[2026-07-13 11:43:56] [953/1596] Dumping FI_PR_PLR_LV_2012_BCK ...
[2026-07-13 11:43:56] [953/1596] OK FI_PR_PLR_LV_2012_BCK
[2026-07-13 11:43:56] [954/1596] Dumping FI_PR_PLR_LV_2012_RET ...
[2026-07-13 11:43:56] [954/1596] OK FI_PR_PLR_LV_2012_RET
[2026-07-13 11:43:56] [955/1596] Dumping FI_PR_PLR_LV_2013 ...
[2026-07-13 11:43:57] [955/1596] OK FI_PR_PLR_LV_2013
[2026-07-13 11:43:57] [956/1596] Dumping FI_PR_PLR_LV_2014 ...
[2026-07-13 11:43:57] [956/1596] OK FI_PR_PLR_LV_2014
[2026-07-13 11:43:57] [957/1596] Dumping FI_PR_PLR_LV_2014_RET ...
[2026-07-13 11:43:57] [957/1596] OK FI_PR_PLR_LV_2014_RET
[2026-07-13 11:43:57] [958/1596] Dumping FI_PR_PLR_LV_2015 ...
[2026-07-13 11:43:57] [958/1596] OK FI_PR_PLR_LV_2015
[2026-07-13 11:43:57] [959/1596] Dumping FI_PR_PLR_LV_2015_RET ...
[2026-07-13 11:43:57] [959/1596] OK FI_PR_PLR_LV_2015_RET
[2026-07-13 11:43:57] [960/1596] Dumping FI_PR_PLR_LV_2016 ...
[2026-07-13 11:43:57] [960/1596] OK FI_PR_PLR_LV_2016
[2026-07-13 11:43:57] [961/1596] Dumping FI_PR_PLR_LV_2017 ...
[2026-07-13 11:43:57] [961/1596] OK FI_PR_PLR_LV_2017
[2026-07-13 11:43:57] [962/1596] Dumping FI_PR_PLR_LV_2018 ...
[2026-07-13 11:43:57] [962/1596] OK FI_PR_PLR_LV_2018
[2026-07-13 11:43:57] [963/1596] Dumping FI_PR_PLR_LV_2019 ...
[2026-07-13 11:43:58] [963/1596] OK FI_PR_PLR_LV_2019
[2026-07-13 11:43:58] [964/1596] Dumping FI_PR_PLR_LV_2019_15398 ...
[2026-07-13 11:43:58] [964/1596] OK FI_PR_PLR_LV_2019_15398
[2026-07-13 11:43:58] [965/1596] Dumping FI_PR_PLR_LV_2020 ...
[2026-07-13 11:43:58] [965/1596] OK FI_PR_PLR_LV_2020
[2026-07-13 11:43:58] [966/1596] Dumping FI_PR_PLR_LV_2021 ...
[2026-07-13 11:43:58] [966/1596] OK FI_PR_PLR_LV_2021
[2026-07-13 11:43:58] [967/1596] Dumping FI_PR_PM_CARES_FUND ...
[2026-07-13 11:43:58] [967/1596] OK FI_PR_PM_CARES_FUND
[2026-07-13 11:43:58] [968/1596] Dumping FI_PR_POST_DETAILS ...
[2026-07-13 11:43:58] [968/1596] OK FI_PR_POST_DETAILS
[2026-07-13 11:43:58] [969/1596] Dumping FI_PR_PROCESS_LOCK ...
[2026-07-13 11:43:58] [969/1596] OK FI_PR_PROCESS_LOCK
[2026-07-13 11:43:58] [970/1596] Dumping FI_PR_PROMOTION_12 ...
[2026-07-13 11:43:58] [970/1596] OK FI_PR_PROMOTION_12
[2026-07-13 11:43:58] [971/1596] Dumping FI_PR_QRENT_DED_WRARR ...
[2026-07-13 11:43:58] [971/1596] OK FI_PR_QRENT_DED_WRARR
[2026-07-13 11:43:58] [972/1596] Dumping FI_PR_QRENT_DED_WRARR_OFF ...
[2026-07-13 11:43:58] [972/1596] OK FI_PR_QRENT_DED_WRARR_OFF
[2026-07-13 11:43:58] [973/1596] Dumping FI_PR_QRENT_DED_WRARR_OFF_BCK ...
[2026-07-13 11:43:59] [973/1596] OK FI_PR_QRENT_DED_WRARR_OFF_BCK
[2026-07-13 11:43:59] [974/1596] Dumping FI_PR_QRENT_TEST ...
[2026-07-13 11:44:01] [974/1596] OK FI_PR_QRENT_TEST
[2026-07-13 11:44:01] [975/1596] Dumping FI_PR_QRENT_TEST_OFF ...
[2026-07-13 11:44:01] [975/1596] OK FI_PR_QRENT_TEST_OFF
[2026-07-13 11:44:01] [976/1596] Dumping FI_PR_QTRS_RENT_INP ...
[2026-07-13 11:44:01] [976/1596] OK FI_PR_QTRS_RENT_INP
[2026-07-13 11:44:01] [977/1596] Dumping FI_PR_QTRS_RENT_OUT ...
[2026-07-13 11:44:01] [977/1596] OK FI_PR_QTRS_RENT_OUT
[2026-07-13 11:44:01] [978/1596] Dumping FI_PR_QTR_NEWRT ...
[2026-07-13 11:44:01] [978/1596] OK FI_PR_QTR_NEWRT
[2026-07-13 11:44:01] [979/1596] Dumping FI_PR_QTR_NEWRT_34 ...
[2026-07-13 11:44:01] [979/1596] OK FI_PR_QTR_NEWRT_34
[2026-07-13 11:44:01] [980/1596] Dumping FI_PR_RET_ARR_WR2017 ...
[2026-07-13 11:44:01] [980/1596] OK FI_PR_RET_ARR_WR2017
[2026-07-13 11:44:01] [981/1596] Dumping FI_PR_RET_III_IV_LOT1 ...
[2026-07-13 11:44:01] [981/1596] OK FI_PR_RET_III_IV_LOT1
[2026-07-13 11:44:01] [982/1596] Dumping FI_PR_RET_III_IV_LOT2 ...
[2026-07-13 11:44:02] [982/1596] OK FI_PR_RET_III_IV_LOT2
[2026-07-13 11:44:02] [983/1596] Dumping FI_PR_RET_III_IV_LOT3 ...
[2026-07-13 11:44:02] [983/1596] OK FI_PR_RET_III_IV_LOT3
[2026-07-13 11:44:02] [984/1596] Dumping FI_PR_REVOFFPROV ...
[2026-07-13 11:44:02] [984/1596] OK FI_PR_REVOFFPROV
[2026-07-13 11:44:02] [985/1596] Dumping FI_PR_RS_EMP_2012 ...
[2026-07-13 11:44:02] [985/1596] OK FI_PR_RS_EMP_2012
[2026-07-13 11:44:02] [986/1596] Dumping FI_PR_SAL_BACKDATA_CREATION ...
[2026-07-13 11:46:12] [986/1596] OK FI_PR_SAL_BACKDATA_CREATION
[2026-07-13 11:46:12] [987/1596] Dumping FI_PR_SAL_BACKDATA_TEMP ...
[2026-07-13 11:46:12] [987/1596] OK FI_PR_SAL_BACKDATA_TEMP
[2026-07-13 11:46:12] [988/1596] Dumping FI_PR_SCALE_MTH ...
[2026-07-13 11:46:12] [988/1596] OK FI_PR_SCALE_MTH
[2026-07-13 11:46:12] [989/1596] Dumping FI_PR_SCALE_YEAR_EMP ...
[2026-07-13 11:46:12] [989/1596] OK FI_PR_SCALE_YEAR_EMP
[2026-07-13 11:46:12] [990/1596] Dumping FI_PR_SEPARATION_DT_NULL ...
[2026-07-13 11:46:12] [990/1596] OK FI_PR_SEPARATION_DT_NULL
[2026-07-13 11:46:12] [991/1596] Dumping FI_PR_SPL_LV_ENCSH ...
[2026-07-13 11:46:12] [991/1596] OK FI_PR_SPL_LV_ENCSH
[2026-07-13 11:46:12] [992/1596] Dumping FI_PR_SPL_LV_ENCSH1 ...
[2026-07-13 11:46:13] [992/1596] OK FI_PR_SPL_LV_ENCSH1
[2026-07-13 11:46:13] [993/1596] Dumping FI_PR_STAG ...
[2026-07-13 11:46:13] [993/1596] OK FI_PR_STAG
[2026-07-13 11:46:13] [994/1596] Dumping FI_PR_STOP_600_DEDN ...
[2026-07-13 11:46:13] [994/1596] OK FI_PR_STOP_600_DEDN
[2026-07-13 11:46:13] [995/1596] Dumping FI_PR_SUPP_ECS ...
[2026-07-13 11:46:13] [995/1596] OK FI_PR_SUPP_ECS
[2026-07-13 11:46:13] [996/1596] Dumping FI_PR_SUPP_ECS_AUDIT ...
[2026-07-13 11:46:13] [996/1596] OK FI_PR_SUPP_ECS_AUDIT
[2026-07-13 11:46:13] [997/1596] Dumping FI_PR_SUP_ENC_CORR ...
[2026-07-13 11:46:13] [997/1596] OK FI_PR_SUP_ENC_CORR
[2026-07-13 11:46:13] [998/1596] Dumping FI_PR_TADA_PARTY_BILL_DTL ...
[2026-07-13 11:46:13] [998/1596] OK FI_PR_TADA_PARTY_BILL_DTL
[2026-07-13 11:46:13] [999/1596] Dumping FI_PR_TADA_PARTY_BILL_HDR ...
[2026-07-13 11:46:13] [999/1596] OK FI_PR_TADA_PARTY_BILL_HDR
[2026-07-13 11:46:13] [1000/1596] Dumping FI_PR_TA_DA_APPROVED_MST ...
[2026-07-13 11:46:13] [1000/1596] OK FI_PR_TA_DA_APPROVED_MST
[2026-07-13 11:46:13] [1001/1596] Dumping FI_PR_TA_DA_CITY_MST ...
[2026-07-13 11:46:13] [1001/1596] OK FI_PR_TA_DA_CITY_MST
[2026-07-13 11:46:13] [1002/1596] Dumping FI_PR_TA_DA_HDR ...
[2026-07-13 11:46:15] [1002/1596] OK FI_PR_TA_DA_HDR
[2026-07-13 11:46:15] [1003/1596] Dumping FI_PR_TA_DA_HDR_DEPUTY ...
[2026-07-13 11:46:15] [1003/1596] OK FI_PR_TA_DA_HDR_DEPUTY
[2026-07-13 11:46:15] [1004/1596] Dumping FI_PR_TA_DTL ...
[2026-07-13 11:46:15] [1004/1596] FAIL FI_PR_TA_DTL: (1171, 'All parts of a PRIMARY KEY must be NOT NULL; if you need NULL in a key, use UNIQUE instead')
[2026-07-13 11:46:15] [1005/1596] Dumping FI_PR_TA_DTL_DEPUTY ...
[2026-07-13 11:46:15] [1005/1596] OK FI_PR_TA_DTL_DEPUTY
[2026-07-13 11:46:15] [1006/1596] Dumping FI_PR_TD_295_STOP_EMP_DTL ...
[2026-07-13 11:46:15] [1006/1596] OK FI_PR_TD_295_STOP_EMP_DTL
[2026-07-13 11:46:15] [1007/1596] Dumping FI_PR_TD_ADV_LV_SAL ...
[2026-07-13 11:46:15] [1007/1596] OK FI_PR_TD_ADV_LV_SAL
[2026-07-13 11:46:15] [1008/1596] Dumping FI_PR_TD_ADV_LV_SALOUT ...
[2026-07-13 11:46:15] [1008/1596] OK FI_PR_TD_ADV_LV_SALOUT
[2026-07-13 11:46:15] [1009/1596] Dumping FI_PR_TD_ADV_LV_SALOUT_PKP ...
[2026-07-13 11:46:15] [1009/1596] OK FI_PR_TD_ADV_LV_SALOUT_PKP
[2026-07-13 11:46:15] [1010/1596] Dumping FI_PR_TD_ADV_LV_SALOUT_PKP1 ...
[2026-07-13 11:46:16] [1010/1596] OK FI_PR_TD_ADV_LV_SALOUT_PKP1
[2026-07-13 11:46:16] [1011/1596] Dumping FI_PR_TD_ARREAR_BONUS ...
[2026-07-13 11:46:17] [1011/1596] OK FI_PR_TD_ARREAR_BONUS
[2026-07-13 11:46:17] [1012/1596] Dumping FI_PR_TD_ARREAR_BONUS200707 ...
[2026-07-13 11:46:18] [1012/1596] OK FI_PR_TD_ARREAR_BONUS200707
[2026-07-13 11:46:18] [1013/1596] Dumping FI_PR_TD_ARREAR_BONUS_110907 ...
[2026-07-13 11:46:19] [1013/1596] OK FI_PR_TD_ARREAR_BONUS_110907
[2026-07-13 11:46:19] [1014/1596] Dumping FI_PR_TD_ARR_2007WR_12 ...
[2026-07-13 11:46:22] [1014/1596] OK FI_PR_TD_ARR_2007WR_12
[2026-07-13 11:46:22] [1015/1596] Dumping FI_PR_TD_ARR_2007WR_12_SUM ...
[2026-07-13 11:46:22] [1015/1596] OK FI_PR_TD_ARR_2007WR_12_SUM
[2026-07-13 11:46:22] [1016/1596] Dumping FI_PR_TD_ARR_2007WR_BACKUP ...
[2026-07-13 11:46:48] [1016/1596] OK FI_PR_TD_ARR_2007WR_BACKUP
[2026-07-13 11:46:48] [1017/1596] Dumping FI_PR_TD_ARR_2007WR_MOD ...
[2026-07-13 11:47:19] [1017/1596] OK FI_PR_TD_ARR_2007WR_MOD
[2026-07-13 11:47:19] [1018/1596] Dumping FI_PR_TD_ARR_2007WR_OF_FAIC ...
[2026-07-13 11:47:36] [1018/1596] OK FI_PR_TD_ARR_2007WR_OF_FAIC
[2026-07-13 11:47:36] [1019/1596] Dumping FI_PR_TD_ARR_2007WR_OF_JUL11 ...
[2026-07-13 11:47:37] [1019/1596] OK FI_PR_TD_ARR_2007WR_OF_JUL11
[2026-07-13 11:47:37] [1020/1596] Dumping FI_PR_TD_ARR_2007WR_SUM ...
[2026-07-13 11:47:38] [1020/1596] OK FI_PR_TD_ARR_2007WR_SUM
[2026-07-13 11:47:38] [1021/1596] Dumping FI_PR_TD_ARR_COMP ...
[2026-07-13 11:50:45] [1021/1596] OK FI_PR_TD_ARR_COMP
[2026-07-13 11:50:45] [1022/1596] Dumping FI_PR_TD_ARR_COMP_2007WR ...
[2026-07-13 11:51:49] [1022/1596] OK FI_PR_TD_ARR_COMP_2007WR
[2026-07-13 11:51:49] [1023/1596] Dumping FI_PR_TD_ARR_COMP_2007WR_BCK2 ...
[2026-07-13 11:52:32] [1023/1596] OK FI_PR_TD_ARR_COMP_2007WR_BCK2
[2026-07-13 11:52:32] [1024/1596] Dumping FI_PR_TD_ARR_COMP_2007WR_BCK3 ...
[2026-07-13 11:53:15] [1024/1596] OK FI_PR_TD_ARR_COMP_2007WR_BCK3
[2026-07-13 11:53:15] [1025/1596] Dumping FI_PR_TD_ARR_COMP_2007WR_I ...
[2026-07-13 11:53:15] [1025/1596] OK FI_PR_TD_ARR_COMP_2007WR_I
[2026-07-13 11:53:15] [1026/1596] Dumping FI_PR_TD_ARR_COMP_2007WR_OFF ...
[2026-07-13 11:53:17] [1026/1596] OK FI_PR_TD_ARR_COMP_2007WR_OFF
[2026-07-13 11:53:17] [1027/1596] Dumping FI_PR_TD_ARR_COMP_2007WR_OFF34 ...
[2026-07-13 11:53:18] [1027/1596] OK FI_PR_TD_ARR_COMP_2007WR_OFF34
[2026-07-13 11:53:18] [1028/1596] Dumping FI_PR_TD_ARR_COMP_2PT2 ...
[2026-07-13 11:53:23] [1028/1596] OK FI_PR_TD_ARR_COMP_2PT2
[2026-07-13 11:53:23] [1029/1596] Dumping FI_PR_TD_ARR_COMP_LA_2007WR ...
[2026-07-13 11:53:25] [1029/1596] OK FI_PR_TD_ARR_COMP_LA_2007WR
[2026-07-13 11:53:25] [1030/1596] Dumping FI_PR_TD_ARR_COMP_LVENC ...
[2026-07-13 11:53:25] [1030/1596] OK FI_PR_TD_ARR_COMP_LVENC
[2026-07-13 11:53:25] [1031/1596] Dumping FI_PR_TD_CAFE_DOC_RECOV ...
[2026-07-13 11:53:25] [1031/1596] OK FI_PR_TD_CAFE_DOC_RECOV
[2026-07-13 11:53:25] [1032/1596] Dumping FI_PR_TD_COURTADJ ...
[2026-07-13 11:53:26] [1032/1596] OK FI_PR_TD_COURTADJ
[2026-07-13 11:53:26] [1033/1596] Dumping FI_PR_TD_DADJDTL ...
[2026-07-13 11:53:27] [1033/1596] OK FI_PR_TD_DADJDTL
[2026-07-13 11:53:27] [1034/1596] Dumping FI_PR_TD_DADJDTL_LOC ...
[2026-07-13 11:53:27] [1034/1596] OK FI_PR_TD_DADJDTL_LOC
[2026-07-13 11:53:27] [1035/1596] Dumping FI_PR_TD_DADJFOR ...
[2026-07-13 11:53:28] [1035/1596] OK FI_PR_TD_DADJFOR
[2026-07-13 11:53:28] [1036/1596] Dumping FI_PR_TD_DADJFOR_LOC ...
[2026-07-13 11:53:29] [1036/1596] OK FI_PR_TD_DADJFOR_LOC
[2026-07-13 11:53:29] [1037/1596] Dumping FI_PR_TD_DA_HRA_ARR ...
[2026-07-13 11:53:33] [1037/1596] OK FI_PR_TD_DA_HRA_ARR
[2026-07-13 11:53:33] [1038/1596] Dumping FI_PR_TD_DEDNSMTH ...
[2026-07-13 11:53:33] [1038/1596] OK FI_PR_TD_DEDNSMTH
[2026-07-13 11:53:33] [1039/1596] Dumping FI_PR_TD_DESIG_STRENGTH ...
[2026-07-13 11:53:33] [1039/1596] OK FI_PR_TD_DESIG_STRENGTH
[2026-07-13 11:53:33] [1040/1596] Dumping FI_PR_TD_DUMM2_SALOUT ...
[2026-07-13 11:53:33] [1040/1596] OK FI_PR_TD_DUMM2_SALOUT
[2026-07-13 11:53:33] [1041/1596] Dumping FI_PR_TD_DUMM3_SALOUT ...
[2026-07-13 11:53:33] [1041/1596] OK FI_PR_TD_DUMM3_SALOUT
[2026-07-13 11:53:33] [1042/1596] Dumping FI_PR_TD_DUMM_SALOUT ...
[2026-07-13 11:53:33] [1042/1596] OK FI_PR_TD_DUMM_SALOUT
[2026-07-13 11:53:33] [1043/1596] Dumping FI_PR_TD_EADJDTL ...
[2026-07-13 11:53:38] [1043/1596] OK FI_PR_TD_EADJDTL
[2026-07-13 11:53:38] [1044/1596] Dumping FI_PR_TD_EADJDTL_AU2007 ...
[2026-07-13 11:53:39] [1044/1596] OK FI_PR_TD_EADJDTL_AU2007
[2026-07-13 11:53:39] [1045/1596] Dumping FI_PR_TD_EADJDTL_BISU ...
[2026-07-13 11:53:39] [1045/1596] OK FI_PR_TD_EADJDTL_BISU
[2026-07-13 11:53:39] [1046/1596] Dumping FI_PR_TD_EADJDTL_H ...
[2026-07-13 11:53:40] [1046/1596] OK FI_PR_TD_EADJDTL_H
[2026-07-13 11:53:40] [1047/1596] Dumping FI_PR_TD_EADJDTL_LOC ...
[2026-07-13 11:53:41] [1047/1596] OK FI_PR_TD_EADJDTL_LOC
[2026-07-13 11:53:41] [1048/1596] Dumping FI_PR_TD_EADJFOR ...
[2026-07-13 11:53:44] [1048/1596] OK FI_PR_TD_EADJFOR
[2026-07-13 11:53:44] [1049/1596] Dumping FI_PR_TD_EADJFOR_LOC ...
[2026-07-13 11:53:45] [1049/1596] OK FI_PR_TD_EADJFOR_LOC
[2026-07-13 11:53:45] [1050/1596] Dumping FI_PR_TD_EADJFOR_MAY ...
[2026-07-13 11:53:46] [1050/1596] OK FI_PR_TD_EADJFOR_MAY
[2026-07-13 11:53:46] [1051/1596] Dumping FI_PR_TD_ELGDEDRT ...
[2026-07-13 11:53:46] [1051/1596] OK FI_PR_TD_ELGDEDRT
[2026-07-13 11:53:46] [1052/1596] Dumping FI_PR_TD_FNORM_RECOV ...
[2026-07-13 11:53:46] [1052/1596] OK FI_PR_TD_FNORM_RECOV
[2026-07-13 11:53:46] [1053/1596] Dumping FI_PR_TD_JV ...
[2026-07-13 11:54:35] [1053/1596] OK FI_PR_TD_JV
[2026-07-13 11:54:35] [1054/1596] Dumping FI_PR_TD_JV_0407 ...
[2026-07-13 11:54:43] [1054/1596] OK FI_PR_TD_JV_0407
[2026-07-13 11:54:43] [1055/1596] Dumping FI_PR_TD_JV_ADV ...
[2026-07-13 11:54:43] [1055/1596] OK FI_PR_TD_JV_ADV
[2026-07-13 11:54:43] [1056/1596] Dumping FI_PR_TD_JV_MAN ...
[2026-07-13 11:54:45] [1056/1596] OK FI_PR_TD_JV_MAN
[2026-07-13 11:54:45] [1057/1596] Dumping FI_PR_TD_JV_MAN6 ...
[2026-07-13 11:54:47] [1057/1596] OK FI_PR_TD_JV_MAN6
[2026-07-13 11:54:47] [1058/1596] Dumping FI_PR_TD_JV_MAN_NEW ...
[2026-07-13 11:54:48] [1058/1596] OK FI_PR_TD_JV_MAN_NEW
[2026-07-13 11:54:48] [1059/1596] Dumping FI_PR_TD_JV_MAN_TEMP ...
[2026-07-13 11:54:48] [1059/1596] OK FI_PR_TD_JV_MAN_TEMP
[2026-07-13 11:54:48] [1060/1596] Dumping FI_PR_TD_JV_MAR2007 ...
[2026-07-13 11:54:55] [1060/1596] OK FI_PR_TD_JV_MAR2007
[2026-07-13 11:54:55] [1061/1596] Dumping FI_PR_TD_JV_PKD ...
[2026-07-13 11:54:55] [1061/1596] OK FI_PR_TD_JV_PKD
[2026-07-13 11:54:55] [1062/1596] Dumping FI_PR_TD_JV_SAL ...
[2026-07-13 11:55:03] [1062/1596] OK FI_PR_TD_JV_SAL
[2026-07-13 11:55:03] [1063/1596] Dumping FI_PR_TD_JV_SAL_AUG ...
[2026-07-13 11:55:03] [1063/1596] OK FI_PR_TD_JV_SAL_AUG
[2026-07-13 11:55:03] [1064/1596] Dumping FI_PR_TD_JV_SEP2606 ...
[2026-07-13 11:55:09] [1064/1596] OK FI_PR_TD_JV_SEP2606
[2026-07-13 11:55:09] [1065/1596] Dumping FI_PR_TD_LEAVE_DATA ...
[2026-07-13 11:55:09] [1065/1596] OK FI_PR_TD_LEAVE_DATA
[2026-07-13 11:55:09] [1066/1596] Dumping FI_PR_TD_LEAVE_MODULE ...
[2026-07-13 11:55:10] [1066/1596] OK FI_PR_TD_LEAVE_MODULE
[2026-07-13 11:55:10] [1067/1596] Dumping FI_PR_TD_LEAVE_MODULE_PLR_2010 ...
[2026-07-13 11:55:11] [1067/1596] OK FI_PR_TD_LEAVE_MODULE_PLR_2010
[2026-07-13 11:55:11] [1068/1596] Dumping FI_PR_TD_LEAVE_MODULE_PLR_2011 ...
[2026-07-13 11:55:11] [1068/1596] OK FI_PR_TD_LEAVE_MODULE_PLR_2011
[2026-07-13 11:55:11] [1069/1596] Dumping FI_PR_TD_LEAVE_MODULE_PLR_2012 ...
[2026-07-13 11:55:12] [1069/1596] OK FI_PR_TD_LEAVE_MODULE_PLR_2012
[2026-07-13 11:55:12] [1070/1596] Dumping FI_PR_TD_LEAVE_MODULE_PLR_2013 ...
[2026-07-13 11:55:12] [1070/1596] OK FI_PR_TD_LEAVE_MODULE_PLR_2013
[2026-07-13 11:55:12] [1071/1596] Dumping FI_PR_TD_LVOUT ...
[2026-07-13 11:55:35] [1071/1596] OK FI_PR_TD_LVOUT
[2026-07-13 11:55:35] [1072/1596] Dumping FI_PR_TD_LVOUT_2007WR ...
[2026-07-13 11:55:39] [1072/1596] OK FI_PR_TD_LVOUT_2007WR
[2026-07-13 11:55:39] [1073/1596] Dumping FI_PR_TD_LVOUT_ADM_2016 ...
[2026-07-13 11:55:45] [1073/1596] OK FI_PR_TD_LVOUT_ADM_2016
[2026-07-13 11:55:45] [1074/1596] Dumping FI_PR_TD_LVOUT_ADM_55_052017 ...
[2026-07-13 11:55:49] [1074/1596] OK FI_PR_TD_LVOUT_ADM_55_052017
[2026-07-13 11:55:49] [1075/1596] Dumping FI_PR_TD_LVOUT_ARPAN_BACKUP ...
[2026-07-13 11:55:49] [1075/1596] OK FI_PR_TD_LVOUT_ARPAN_BACKUP
[2026-07-13 11:55:49] [1076/1596] Dumping FI_PR_TD_LVOUT_ARR ...
[2026-07-13 11:56:34] [1076/1596] OK FI_PR_TD_LVOUT_ARR
[2026-07-13 11:56:34] [1077/1596] Dumping FI_PR_TD_LVOUT_HIS ...
[2026-07-13 11:56:34] [1077/1596] OK FI_PR_TD_LVOUT_HIS
[2026-07-13 11:56:34] [1078/1596] Dumping FI_PR_TD_LVOUT_LOC ...
[2026-07-13 11:56:47] [1078/1596] OK FI_PR_TD_LVOUT_LOC
[2026-07-13 11:56:47] [1079/1596] Dumping FI_PR_TD_LVOUT_PLR_2010 ...
[2026-07-13 11:56:48] [1079/1596] OK FI_PR_TD_LVOUT_PLR_2010
[2026-07-13 11:56:48] [1080/1596] Dumping FI_PR_TD_LVOUT_PLR_2011 ...
[2026-07-13 11:56:49] [1080/1596] OK FI_PR_TD_LVOUT_PLR_2011
[2026-07-13 11:56:49] [1081/1596] Dumping FI_PR_TD_LVOUT_PLR_2012 ...
[2026-07-13 11:56:50] [1081/1596] OK FI_PR_TD_LVOUT_PLR_2012
[2026-07-13 11:56:50] [1082/1596] Dumping FI_PR_TD_LVOUT_PLR_2013 ...
[2026-07-13 11:56:50] [1082/1596] OK FI_PR_TD_LVOUT_PLR_2013
[2026-07-13 11:56:50] [1083/1596] Dumping FI_PR_TD_LVOUT_PLR_2014 ...
[2026-07-13 11:56:53] [1083/1596] OK FI_PR_TD_LVOUT_PLR_2014
[2026-07-13 11:56:53] [1084/1596] Dumping FI_PR_TD_LVOUT_PLR_2014_RET ...
[2026-07-13 11:56:53] [1084/1596] OK FI_PR_TD_LVOUT_PLR_2014_RET
[2026-07-13 11:56:53] [1085/1596] Dumping FI_PR_TD_LVOUT_PLR_2015 ...
[2026-07-13 11:56:55] [1085/1596] OK FI_PR_TD_LVOUT_PLR_2015
[2026-07-13 11:56:55] [1086/1596] Dumping FI_PR_TD_LVOUT_PLR_2015_RET ...
[2026-07-13 11:56:55] [1086/1596] OK FI_PR_TD_LVOUT_PLR_2015_RET
[2026-07-13 11:56:55] [1087/1596] Dumping FI_PR_TD_LVOUT_PLR_2016 ...
[2026-07-13 11:56:57] [1087/1596] OK FI_PR_TD_LVOUT_PLR_2016
[2026-07-13 11:56:57] [1088/1596] Dumping FI_PR_TD_LVOUT_PLR_2017 ...
[2026-07-13 11:56:59] [1088/1596] OK FI_PR_TD_LVOUT_PLR_2017
[2026-07-13 11:56:59] [1089/1596] Dumping FI_PR_TD_LVOUT_PLR_2018 ...
[2026-07-13 11:57:02] [1089/1596] OK FI_PR_TD_LVOUT_PLR_2018
[2026-07-13 11:57:02] [1090/1596] Dumping FI_PR_TD_LVOUT_PLR_2019 ...
[2026-07-13 11:57:04] [1090/1596] OK FI_PR_TD_LVOUT_PLR_2019
[2026-07-13 11:57:04] [1091/1596] Dumping FI_PR_TD_LVOUT_PLR_2020 ...
[2026-07-13 11:57:05] [1091/1596] OK FI_PR_TD_LVOUT_PLR_2020
[2026-07-13 11:57:05] [1092/1596] Dumping FI_PR_TD_LVOUT_PLR_2021 ...
[2026-07-13 11:57:05] [1092/1596] OK FI_PR_TD_LVOUT_PLR_2021
[2026-07-13 11:57:05] [1093/1596] Dumping FI_PR_TD_LVOUT_TEST ...
[2026-07-13 11:57:05] [1093/1596] OK FI_PR_TD_LVOUT_TEST
[2026-07-13 11:57:05] [1094/1596] Dumping FI_PR_TD_LV_BRK ...
[2026-07-13 11:57:47] [1094/1596] OK FI_PR_TD_LV_BRK
[2026-07-13 11:57:47] [1095/1596] Dumping FI_PR_TD_LV_MODULE_ARR ...
[2026-07-13 11:57:47] [1095/1596] OK FI_PR_TD_LV_MODULE_ARR
[2026-07-13 11:57:47] [1096/1596] Dumping FI_PR_TD_LV_PAYROLL_MODULE ...
[2026-07-13 11:57:51] [1096/1596] OK FI_PR_TD_LV_PAYROLL_MODULE
[2026-07-13 11:57:51] [1097/1596] Dumping FI_PR_TD_LV_PAYROLL_PLR_2010 ...
[2026-07-13 11:57:51] [1097/1596] OK FI_PR_TD_LV_PAYROLL_PLR_2010
[2026-07-13 11:57:51] [1098/1596] Dumping FI_PR_TD_LV_PAYROLL_PLR_2011 ...
[2026-07-13 11:57:52] [1098/1596] OK FI_PR_TD_LV_PAYROLL_PLR_2011
[2026-07-13 11:57:52] [1099/1596] Dumping FI_PR_TD_LV_PAYROLL_PLR_2012 ...
[2026-07-13 11:57:53] [1099/1596] OK FI_PR_TD_LV_PAYROLL_PLR_2012
[2026-07-13 11:57:53] [1100/1596] Dumping FI_PR_TD_LV_PAYROLL_PLR_2013 ...
[2026-07-13 11:57:54] [1100/1596] OK FI_PR_TD_LV_PAYROLL_PLR_2013
[2026-07-13 11:57:54] [1101/1596] Dumping FI_PR_TD_MTHDEDNP ...
[2026-07-13 11:57:54] [1101/1596] OK FI_PR_TD_MTHDEDNP
[2026-07-13 11:57:54] [1102/1596] Dumping FI_PR_TD_PAYROLL_DATA ...
[2026-07-13 11:57:54] [1102/1596] OK FI_PR_TD_PAYROLL_DATA
[2026-07-13 11:57:54] [1103/1596] Dumping FI_PR_TD_PR_MODULE_ARR ...
[2026-07-13 11:57:54] [1103/1596] OK FI_PR_TD_PR_MODULE_ARR
[2026-07-13 11:57:54] [1104/1596] Dumping FI_PR_TD_QRENT_DUE ...
[2026-07-13 11:57:55] [1104/1596] OK FI_PR_TD_QRENT_DUE
[2026-07-13 11:57:55] [1105/1596] Dumping FI_PR_TD_QRENT_DUE_2017 ...
[2026-07-13 11:57:55] [1105/1596] OK FI_PR_TD_QRENT_DUE_2017
[2026-07-13 11:57:55] [1106/1596] Dumping FI_PR_TD_QRENT_DUE_2020 ...
[2026-07-13 11:57:55] [1106/1596] OK FI_PR_TD_QRENT_DUE_2020
[2026-07-13 11:57:55] [1107/1596] Dumping FI_PR_TD_QRENT_RECOV ...
[2026-07-13 11:57:56] [1107/1596] OK FI_PR_TD_QRENT_RECOV
[2026-07-13 11:57:56] [1108/1596] Dumping FI_PR_TD_QRENT_RECOV_2020 ...
[2026-07-13 11:57:56] [1108/1596] OK FI_PR_TD_QRENT_RECOV_2020
[2026-07-13 11:57:56] [1109/1596] Dumping FI_PR_TD_RECOV ...
[2026-07-13 11:57:58] [1109/1596] OK FI_PR_TD_RECOV
[2026-07-13 11:57:58] [1110/1596] Dumping FI_PR_TD_RECOV_BACKUP ...
[2026-07-13 11:57:58] [1110/1596] OK FI_PR_TD_RECOV_BACKUP
[2026-07-13 11:57:58] [1111/1596] Dumping FI_PR_TD_RECOV_DUMM ...
[2026-07-13 11:57:59] [1111/1596] OK FI_PR_TD_RECOV_DUMM
[2026-07-13 11:57:59] [1112/1596] Dumping FI_PR_TD_RECOV_G_TEMP ...
[2026-07-13 11:57:59] [1112/1596] OK FI_PR_TD_RECOV_G_TEMP
[2026-07-13 11:57:59] [1113/1596] Dumping FI_PR_TD_RECOV_OLD ...
[2026-07-13 11:57:59] [1113/1596] OK FI_PR_TD_RECOV_OLD
[2026-07-13 11:57:59] [1114/1596] Dumping FI_PR_TD_RS_EARN ...
[2026-07-13 11:57:59] [1114/1596] OK FI_PR_TD_RS_EARN
[2026-07-13 11:57:59] [1115/1596] Dumping FI_PR_TD_SALOUT ...
[2026-07-13 12:14:54] [1115/1596] OK FI_PR_TD_SALOUT
[2026-07-13 12:14:54] [1116/1596] Dumping FI_PR_TD_SALOUT_052022_PF ...
[2026-07-13 12:14:54] [1116/1596] OK FI_PR_TD_SALOUT_052022_PF
[2026-07-13 12:14:54] [1117/1596] Dumping FI_PR_TD_SALOUT_060325 ...
[2026-07-13 12:25:16] [1117/1596] OK FI_PR_TD_SALOUT_060325
[2026-07-13 12:25:16] [1118/1596] Dumping FI_PR_TD_SALOUT_072021_PF ...
[2026-07-13 12:25:16] [1118/1596] OK FI_PR_TD_SALOUT_072021_PF
[2026-07-13 12:25:16] [1119/1596] Dumping FI_PR_TD_SALOUT_07WR_OF_JUL11 ...
[2026-07-13 12:25:17] [1119/1596] OK FI_PR_TD_SALOUT_07WR_OF_JUL11
[2026-07-13 12:25:17] [1120/1596] Dumping FI_PR_TD_SALOUT_20022025 ...
[2026-07-13 12:35:51] [1120/1596] OK FI_PR_TD_SALOUT_20022025
[2026-07-13 12:35:51] [1121/1596] Dumping FI_PR_TD_SALOUT_2007WR ...
[2026-07-13 12:36:50] [1121/1596] OK FI_PR_TD_SALOUT_2007WR
[2026-07-13 12:36:50] [1122/1596] Dumping FI_PR_TD_SALOUT_2007WR_12 ...
[2026-07-13 12:36:56] [1122/1596] OK FI_PR_TD_SALOUT_2007WR_12
[2026-07-13 12:36:56] [1123/1596] Dumping FI_PR_TD_SALOUT_2007WR_I ...
[2026-07-13 12:36:57] [1123/1596] OK FI_PR_TD_SALOUT_2007WR_I
[2026-07-13 12:36:57] [1124/1596] Dumping FI_PR_TD_SALOUT_2007WR_OFFICER ...
[2026-07-13 12:36:59] [1124/1596] OK FI_PR_TD_SALOUT_2007WR_OFFICER
[2026-07-13 12:36:59] [1125/1596] Dumping FI_PR_TD_SALOUT_2007WR_OFF_34 ...
[2026-07-13 12:36:59] [1125/1596] OK FI_PR_TD_SALOUT_2007WR_OFF_34
[2026-07-13 12:36:59] [1126/1596] Dumping FI_PR_TD_SALOUT_2007WR_OF_FAIC ...
[2026-07-13 12:37:20] [1126/1596] OK FI_PR_TD_SALOUT_2007WR_OF_FAIC
[2026-07-13 12:37:20] [1127/1596] Dumping FI_PR_TD_SALOUT_2007WR_PF ...
[2026-07-13 12:37:29] [1127/1596] OK FI_PR_TD_SALOUT_2007WR_PF
[2026-07-13 12:37:29] [1128/1596] Dumping FI_PR_TD_SALOUT_2007WR_PF_O34 ...
[2026-07-13 12:37:29] [1128/1596] OK FI_PR_TD_SALOUT_2007WR_PF_O34
[2026-07-13 12:37:29] [1129/1596] Dumping FI_PR_TD_SALOUT_2007WR_PF_OFF ...
[2026-07-13 12:37:31] [1129/1596] OK FI_PR_TD_SALOUT_2007WR_PF_OFF
[2026-07-13 12:37:31] [1130/1596] Dumping FI_PR_TD_SALOUT_2007_2PT2_PF ...
[2026-07-13 12:37:31] [1130/1596] OK FI_PR_TD_SALOUT_2007_2PT2_PF
[2026-07-13 12:37:31] [1131/1596] Dumping FI_PR_TD_SALOUT_2012WR_PF ...
[2026-07-13 12:37:36] [1131/1596] OK FI_PR_TD_SALOUT_2012WR_PF
[2026-07-13 12:37:36] [1132/1596] Dumping FI_PR_TD_SALOUT_2017WR_PF ...
[2026-07-13 12:37:38] [1132/1596] OK FI_PR_TD_SALOUT_2017WR_PF
[2026-07-13 12:37:38] [1133/1596] Dumping FI_PR_TD_SALOUT_2022WR_PF ...
[2026-07-13 12:37:41] [1133/1596] OK FI_PR_TD_SALOUT_2022WR_PF
[2026-07-13 12:37:41] [1134/1596] Dumping FI_PR_TD_SALOUT_26022025 ...
[2026-07-13 12:48:19] [1134/1596] OK FI_PR_TD_SALOUT_26022025
[2026-07-13 12:48:19] [1135/1596] Dumping FI_PR_TD_SALOUT_275B_BACK ...
[2026-07-13 12:48:19] [1135/1596] OK FI_PR_TD_SALOUT_275B_BACK
[2026-07-13 12:48:19] [1136/1596] Dumping FI_PR_TD_SALOUT_275B_NOV10 ...
[2026-07-13 12:48:20] [1136/1596] OK FI_PR_TD_SALOUT_275B_NOV10
[2026-07-13 12:48:20] [1137/1596] Dumping FI_PR_TD_SALOUT_27NOV2012 ...
[2026-07-13 12:54:41] [1137/1596] OK FI_PR_TD_SALOUT_27NOV2012
[2026-07-13 12:54:41] [1138/1596] Dumping FI_PR_TD_SALOUT_31MAR2012 ...
[2026-07-13 12:54:41] [1138/1596] OK FI_PR_TD_SALOUT_31MAR2012
[2026-07-13 12:54:41] [1139/1596] Dumping FI_PR_TD_SALOUT_ARR ...
[2026-07-13 12:56:40] [1139/1596] OK FI_PR_TD_SALOUT_ARR
[2026-07-13 12:56:40] [1140/1596] Dumping FI_PR_TD_SALOUT_ARR0708 ...
[2026-07-13 12:56:41] [1140/1596] OK FI_PR_TD_SALOUT_ARR0708
[2026-07-13 12:56:41] [1141/1596] Dumping FI_PR_TD_SALOUT_ARR_2PT2 ...
[2026-07-13 12:56:50] [1141/1596] OK FI_PR_TD_SALOUT_ARR_2PT2
[2026-07-13 12:56:50] [1142/1596] Dumping FI_PR_TD_SALOUT_AUG02 ...
[2026-07-13 12:58:45] [1142/1596] OK FI_PR_TD_SALOUT_AUG02
[2026-07-13 12:58:45] [1143/1596] Dumping FI_PR_TD_SALOUT_BAK ...
[2026-07-13 13:00:40] [1143/1596] OK FI_PR_TD_SALOUT_BAK
[2026-07-13 13:00:40] [1144/1596] Dumping FI_PR_TD_SALOUT_BKP_27062024 ...
[2026-07-13 13:10:59] [1144/1596] OK FI_PR_TD_SALOUT_BKP_27062024
[2026-07-13 13:10:59] [1145/1596] Dumping FI_PR_TD_SALOUT_FEB25 ...
[2026-07-13 13:11:00] [1145/1596] OK FI_PR_TD_SALOUT_FEB25
[2026-07-13 13:11:00] [1146/1596] Dumping FI_PR_TD_SALOUT_G_TEMP ...
[2026-07-13 13:11:00] [1146/1596] OK FI_PR_TD_SALOUT_G_TEMP
[2026-07-13 13:11:00] [1147/1596] Dumping FI_PR_TD_SALOUT_HIST ...
[2026-07-13 13:11:24] [1147/1596] OK FI_PR_TD_SALOUT_HIST
[2026-07-13 13:11:24] [1148/1596] Dumping FI_PR_TD_SALOUT_HISTORY_JUL06 ...
[2026-07-13 13:14:02] [1148/1596] OK FI_PR_TD_SALOUT_HISTORY_JUL06
[2026-07-13 13:14:02] [1149/1596] Dumping FI_PR_TD_SALOUT_LA_2007WR ...
[2026-07-13 13:14:05] [1149/1596] OK FI_PR_TD_SALOUT_LA_2007WR
[2026-07-13 13:14:05] [1150/1596] Dumping FI_PR_TD_SALOUT_PALAS ...
[2026-07-13 13:24:52] [1150/1596] OK FI_PR_TD_SALOUT_PALAS
[2026-07-13 13:24:52] [1151/1596] Dumping FI_PR_TD_SALOUT_PKP ...
[2026-07-13 13:24:52] [1151/1596] OK FI_PR_TD_SALOUT_PKP
[2026-07-13 13:24:52] [1152/1596] Dumping FI_PR_TD_SALOUT_TANMOY ...
[2026-07-13 13:25:08] [1152/1596] OK FI_PR_TD_SALOUT_TANMOY
[2026-07-13 13:25:08] [1153/1596] Dumping FI_PR_TD_SALOUT_WR2007OFF2_PF ...
[2026-07-13 13:25:08] [1153/1596] OK FI_PR_TD_SALOUT_WR2007OFF2_PF
[2026-07-13 13:25:08] [1154/1596] Dumping FI_PR_TD_SALOUT_WR2007OFF_PF ...
[2026-07-13 13:25:08] [1154/1596] OK FI_PR_TD_SALOUT_WR2007OFF_PF
[2026-07-13 13:25:08] [1155/1596] Dumping FI_PR_TD_SALOUT_WR2017OFF2_PF ...
[2026-07-13 13:25:08] [1155/1596] OK FI_PR_TD_SALOUT_WR2017OFF2_PF
[2026-07-13 13:25:08] [1156/1596] Dumping FI_PR_TD_SALOUT_WR2017OFF_PF ...
[2026-07-13 13:25:09] [1156/1596] OK FI_PR_TD_SALOUT_WR2017OFF_PF
[2026-07-13 13:25:09] [1157/1596] Dumping FI_PR_TD_SPL_BASIC_MOS ...
[2026-07-13 13:25:09] [1157/1596] OK FI_PR_TD_SPL_BASIC_MOS
[2026-07-13 13:25:09] [1158/1596] Dumping FI_PR_TD_SUPLSAL ...
[2026-07-13 13:25:29] [1158/1596] OK FI_PR_TD_SUPLSAL
[2026-07-13 13:25:29] [1159/1596] Dumping FI_PR_TD_SUPLSAL1 ...
[2026-07-13 13:25:29] [1159/1596] OK FI_PR_TD_SUPLSAL1
[2026-07-13 13:25:30] [1160/1596] Dumping FI_PR_TD_SUPLSAL_0307_PROV_PLR ...
[2026-07-13 13:25:30] [1160/1596] OK FI_PR_TD_SUPLSAL_0307_PROV_PLR
[2026-07-13 13:25:30] [1161/1596] Dumping FI_PR_TD_SUPLSAL_2012 ...
[2026-07-13 13:25:30] [1161/1596] OK FI_PR_TD_SUPLSAL_2012
[2026-07-13 13:25:30] [1162/1596] Dumping FI_PR_TD_SUPLSAL_2022 ...
[2026-07-13 13:25:31] [1162/1596] OK FI_PR_TD_SUPLSAL_2022
[2026-07-13 13:25:31] [1163/1596] Dumping FI_PR_TD_SUPLSAL_AS ...
[2026-07-13 13:25:32] [1163/1596] OK FI_PR_TD_SUPLSAL_AS
[2026-07-13 13:25:32] [1164/1596] Dumping FI_PR_TD_SUPLSAL_AS1 ...
[2026-07-13 13:25:33] [1164/1596] OK FI_PR_TD_SUPLSAL_AS1
[2026-07-13 13:25:33] [1165/1596] Dumping FI_PR_TD_SUPLSAL_NOVDEC ...
[2026-07-13 13:25:33] [1165/1596] OK FI_PR_TD_SUPLSAL_NOVDEC
[2026-07-13 13:25:33] [1166/1596] Dumping FI_PR_TD_SUPP_D_BIL ...
[2026-07-13 13:25:42] [1166/1596] OK FI_PR_TD_SUPP_D_BIL
[2026-07-13 13:25:42] [1167/1596] Dumping FI_PR_TD_SUPP_SALOUT ...
[2026-07-13 13:25:42] [1167/1596] OK FI_PR_TD_SUPP_SALOUT
[2026-07-13 13:25:42] [1168/1596] Dumping FI_PR_TD_UADJDTL ...
[2026-07-13 13:25:42] [1168/1596] OK FI_PR_TD_UADJDTL
[2026-07-13 13:25:42] [1169/1596] Dumping FI_PR_TD_UADJFOR ...
[2026-07-13 13:25:42] [1169/1596] OK FI_PR_TD_UADJFOR
[2026-07-13 13:25:42] [1170/1596] Dumping FI_PR_TD_WDO_RECOV ...
[2026-07-13 13:25:42] [1170/1596] OK FI_PR_TD_WDO_RECOV
[2026-07-13 13:25:42] [1171/1596] Dumping FI_PR_TEMP_EMP ...
[2026-07-13 13:25:42] [1171/1596] OK FI_PR_TEMP_EMP
[2026-07-13 13:25:42] [1172/1596] Dumping FI_PR_TEST_ASAHA ...
[2026-07-13 13:25:42] [1172/1596] OK FI_PR_TEST_ASAHA
[2026-07-13 13:25:42] [1173/1596] Dumping FI_PR_TH_12_BEF_34 ...
[2026-07-13 13:25:42] [1173/1596] OK FI_PR_TH_12_BEF_34
[2026-07-13 13:25:42] [1174/1596] Dumping FI_PR_TH_295_STOP_EMP ...
[2026-07-13 13:25:42] [1174/1596] OK FI_PR_TH_295_STOP_EMP
[2026-07-13 13:25:42] [1175/1596] Dumping FI_PR_TH_2PT2_10750 ...
[2026-07-13 13:25:43] [1175/1596] OK FI_PR_TH_2PT2_10750
[2026-07-13 13:25:43] [1176/1596] Dumping FI_PR_TH_2PT2_10750UPGD ...
[2026-07-13 13:25:43] [1176/1596] OK FI_PR_TH_2PT2_10750UPGD
[2026-07-13 13:25:43] [1177/1596] Dumping FI_PR_TH_2PT2_13000 ...
[2026-07-13 13:25:43] [1177/1596] OK FI_PR_TH_2PT2_13000
[2026-07-13 13:25:43] [1178/1596] Dumping FI_PR_TH_2PT2_13000UPGD ...
[2026-07-13 13:25:43] [1178/1596] OK FI_PR_TH_2PT2_13000UPGD
[2026-07-13 13:25:43] [1179/1596] Dumping FI_PR_TH_2PT2_14500 ...
[2026-07-13 13:25:43] [1179/1596] OK FI_PR_TH_2PT2_14500
[2026-07-13 13:25:43] [1180/1596] Dumping FI_PR_TH_2PT2_14500UPGD ...
[2026-07-13 13:25:43] [1180/1596] OK FI_PR_TH_2PT2_14500UPGD
[2026-07-13 13:25:43] [1181/1596] Dumping FI_PR_TH_2PT2_16000 ...
[2026-07-13 13:25:43] [1181/1596] OK FI_PR_TH_2PT2_16000
[2026-07-13 13:25:43] [1182/1596] Dumping FI_PR_TH_2PT2_17500 ...
[2026-07-13 13:25:43] [1182/1596] OK FI_PR_TH_2PT2_17500
[2026-07-13 13:25:43] [1183/1596] Dumping FI_PR_TH_2PT2_18500 ...
[2026-07-13 13:25:43] [1183/1596] OK FI_PR_TH_2PT2_18500
[2026-07-13 13:25:43] [1184/1596] Dumping FI_PR_TH_2PT2_20500 ...
[2026-07-13 13:25:43] [1184/1596] OK FI_PR_TH_2PT2_20500
[2026-07-13 13:25:43] [1185/1596] Dumping FI_PR_TH_2PT2_22500 ...
[2026-07-13 13:25:44] [1185/1596] OK FI_PR_TH_2PT2_22500
[2026-07-13 13:25:44] [1186/1596] Dumping FI_PR_TH_2PT2_9100UPGD ...
[2026-07-13 13:25:44] [1186/1596] OK FI_PR_TH_2PT2_9100UPGD
[2026-07-13 13:25:44] [1187/1596] Dumping FI_PR_TH_2PT2_MAPPING ...
[2026-07-13 13:25:44] [1187/1596] OK FI_PR_TH_2PT2_MAPPING
[2026-07-13 13:25:44] [1188/1596] Dumping FI_PR_TH_ADV_LV_SALOUT ...
[2026-07-13 13:25:44] [1188/1596] OK FI_PR_TH_ADV_LV_SALOUT
[2026-07-13 13:25:44] [1189/1596] Dumping FI_PR_TH_ARREAR_BONUS ...
[2026-07-13 13:25:44] [1189/1596] OK FI_PR_TH_ARREAR_BONUS
[2026-07-13 13:25:44] [1190/1596] Dumping FI_PR_TH_ARREAR_BONUS200707 ...
[2026-07-13 13:25:44] [1190/1596] OK FI_PR_TH_ARREAR_BONUS200707
[2026-07-13 13:25:44] [1191/1596] Dumping FI_PR_TH_ARREAR_BONUS_110907 ...
[2026-07-13 13:25:45] [1191/1596] OK FI_PR_TH_ARREAR_BONUS_110907
[2026-07-13 13:25:45] [1192/1596] Dumping FI_PR_TH_ARREAR_BONUS_ECS ...
[2026-07-13 13:25:45] [1192/1596] OK FI_PR_TH_ARREAR_BONUS_ECS
[2026-07-13 13:25:45] [1193/1596] Dumping FI_PR_TH_ARREAR_BONUS_TMP ...
[2026-07-13 13:25:45] [1193/1596] OK FI_PR_TH_ARREAR_BONUS_TMP
[2026-07-13 13:25:45] [1194/1596] Dumping FI_PR_TH_ARR_2007WR ...
[2026-07-13 13:25:45] [1194/1596] OK FI_PR_TH_ARR_2007WR
[2026-07-13 13:25:45] [1195/1596] Dumping FI_PR_TH_ARR_2007WR_12 ...
[2026-07-13 13:25:45] [1195/1596] OK FI_PR_TH_ARR_2007WR_12
[2026-07-13 13:25:45] [1196/1596] Dumping FI_PR_TH_ARR_2007WR_BACKUP ...
[2026-07-13 13:25:46] [1196/1596] OK FI_PR_TH_ARR_2007WR_BACKUP
[2026-07-13 13:25:46] [1197/1596] Dumping FI_PR_TH_ARR_2007WR_BCK1 ...
[2026-07-13 13:25:46] [1197/1596] OK FI_PR_TH_ARR_2007WR_BCK1
[2026-07-13 13:25:46] [1198/1596] Dumping FI_PR_TH_ARR_2007WR_I ...
[2026-07-13 13:25:46] [1198/1596] OK FI_PR_TH_ARR_2007WR_I
[2026-07-13 13:25:46] [1199/1596] Dumping FI_PR_TH_ARR_2007WR_OFF ...
[2026-07-13 13:25:46] [1199/1596] OK FI_PR_TH_ARR_2007WR_OFF
[2026-07-13 13:25:46] [1200/1596] Dumping FI_PR_TH_ARR_2007WR_OFF34 ...
[2026-07-13 13:25:46] [1200/1596] OK FI_PR_TH_ARR_2007WR_OFF34
[2026-07-13 13:25:46] [1201/1596] Dumping FI_PR_TH_ARR_2007WR_OF_FAIC ...
[2026-07-13 13:25:46] [1201/1596] OK FI_PR_TH_ARR_2007WR_OF_FAIC
[2026-07-13 13:25:46] [1202/1596] Dumping FI_PR_TH_ARR_2007WR_OF_JUL11 ...
[2026-07-13 13:25:46] [1202/1596] OK FI_PR_TH_ARR_2007WR_OF_JUL11
[2026-07-13 13:25:46] [1203/1596] Dumping FI_PR_TH_ARR_COMP ...
[2026-07-13 13:25:47] [1203/1596] OK FI_PR_TH_ARR_COMP
[2026-07-13 13:25:47] [1204/1596] Dumping FI_PR_TH_ARR_COMP_2PT2 ...
[2026-07-13 13:25:47] [1204/1596] OK FI_PR_TH_ARR_COMP_2PT2
[2026-07-13 13:25:47] [1205/1596] Dumping FI_PR_TH_ARR_COMP_CTRL ...
[2026-07-13 13:25:48] [1205/1596] OK FI_PR_TH_ARR_COMP_CTRL
[2026-07-13 13:25:48] [1206/1596] Dumping FI_PR_TH_ARR_LA_2007WR ...
[2026-07-13 13:25:48] [1206/1596] OK FI_PR_TH_ARR_LA_2007WR
[2026-07-13 13:25:48] [1207/1596] Dumping FI_PR_TH_ARR_YEAR ...
[2026-07-13 13:25:48] [1207/1596] OK FI_PR_TH_ARR_YEAR
[2026-07-13 13:25:48] [1208/1596] Dumping FI_PR_TH_ARR_YEAR_RET ...
[2026-07-13 13:25:48] [1208/1596] OK FI_PR_TH_ARR_YEAR_RET
[2026-07-13 13:25:48] [1209/1596] Dumping FI_PR_TH_ATTEND ...
[2026-07-13 13:25:58] [1209/1596] OK FI_PR_TH_ATTEND
[2026-07-13 13:25:58] [1210/1596] Dumping FI_PR_TH_ATTEND_LOC ...
[2026-07-13 13:26:04] [1210/1596] OK FI_PR_TH_ATTEND_LOC
[2026-07-13 13:26:04] [1211/1596] Dumping FI_PR_TH_BASIC_122006_12 ...
[2026-07-13 13:26:04] [1211/1596] OK FI_PR_TH_BASIC_122006_12
[2026-07-13 13:26:04] [1212/1596] Dumping FI_PR_TH_BASIC_122006_ACP ...
[2026-07-13 13:26:04] [1212/1596] OK FI_PR_TH_BASIC_122006_ACP
[2026-07-13 13:26:04] [1213/1596] Dumping FI_PR_TH_BASIC_2PT2_2007 ...
[2026-07-13 13:26:04] [1213/1596] OK FI_PR_TH_BASIC_2PT2_2007
[2026-07-13 13:26:04] [1214/1596] Dumping FI_PR_TH_CAFETERIA ...
[2026-07-13 13:26:04] [1214/1596] OK FI_PR_TH_CAFETERIA
[2026-07-13 13:26:04] [1215/1596] Dumping FI_PR_TH_CAFE_DOCTOR ...
[2026-07-13 13:26:05] [1215/1596] OK FI_PR_TH_CAFE_DOCTOR
[2026-07-13 13:26:05] [1216/1596] Dumping FI_PR_TH_CAFE_DOC_OVDN ...
[2026-07-13 13:26:05] [1216/1596] OK FI_PR_TH_CAFE_DOC_OVDN
[2026-07-13 13:26:05] [1217/1596] Dumping FI_PR_TH_CAFE_EMP ...
[2026-07-13 13:26:05] [1217/1596] OK FI_PR_TH_CAFE_EMP
[2026-07-13 13:26:05] [1218/1596] Dumping FI_PR_TH_CAFE_EMP_PCT ...
[2026-07-13 13:26:05] [1218/1596] OK FI_PR_TH_CAFE_EMP_PCT
[2026-07-13 13:26:05] [1219/1596] Dumping FI_PR_TH_CAFE_EMP_PCT_BCK ...
[2026-07-13 13:26:05] [1219/1596] OK FI_PR_TH_CAFE_EMP_PCT_BCK
[2026-07-13 13:26:05] [1220/1596] Dumping FI_PR_TH_CAFE_EXCESS ...
[2026-07-13 13:26:05] [1220/1596] OK FI_PR_TH_CAFE_EXCESS
[2026-07-13 13:26:05] [1221/1596] Dumping FI_PR_TH_CAFE_FINYR ...
[2026-07-13 13:26:05] [1221/1596] OK FI_PR_TH_CAFE_FINYR
[2026-07-13 13:26:05] [1222/1596] Dumping FI_PR_TH_CAFE_LESS ...
[2026-07-13 13:26:05] [1222/1596] OK FI_PR_TH_CAFE_LESS
[2026-07-13 13:26:05] [1223/1596] Dumping FI_PR_TH_CAFE_OVERDN_LESS ...
[2026-07-13 13:26:06] [1223/1596] OK FI_PR_TH_CAFE_OVERDN_LESS
[2026-07-13 13:26:06] [1224/1596] Dumping FI_PR_TH_CHECK_DATA ...
[2026-07-13 13:26:06] [1224/1596] OK FI_PR_TH_CHECK_DATA
[2026-07-13 13:26:06] [1225/1596] Dumping FI_PR_TH_CHECK_OFF_2010 ...
[2026-07-13 13:26:06] [1225/1596] OK FI_PR_TH_CHECK_OFF_2010
[2026-07-13 13:26:06] [1226/1596] Dumping FI_PR_TH_COURTADJ ...
[2026-07-13 13:26:06] [1226/1596] OK FI_PR_TH_COURTADJ
[2026-07-13 13:26:06] [1227/1596] Dumping FI_PR_TH_DADJMTH ...
[2026-07-13 13:26:07] [1227/1596] OK FI_PR_TH_DADJMTH
[2026-07-13 13:26:07] [1228/1596] Dumping FI_PR_TH_DADJMTH_LOC ...
[2026-07-13 13:26:07] [1228/1596] OK FI_PR_TH_DADJMTH_LOC
[2026-07-13 13:26:07] [1229/1596] Dumping FI_PR_TH_DA_HRA_ARR ...
[2026-07-13 13:26:08] [1229/1596] OK FI_PR_TH_DA_HRA_ARR
[2026-07-13 13:26:08] [1230/1596] Dumping FI_PR_TH_DEDNAMTMTH ...
[2026-07-13 13:27:00] [1230/1596] OK FI_PR_TH_DEDNAMTMTH
[2026-07-13 13:27:00] [1231/1596] Dumping FI_PR_TH_DEDNAMTMTH1 ...
[2026-07-13 13:27:08] [1231/1596] OK FI_PR_TH_DEDNAMTMTH1
[2026-07-13 13:27:08] [1232/1596] Dumping FI_PR_TH_DEDNAMTMTH_AS ...
[2026-07-13 13:27:08] [1232/1596] OK FI_PR_TH_DEDNAMTMTH_AS
[2026-07-13 13:27:08] [1233/1596] Dumping FI_PR_TH_DEDNAMTMTH_AS_ALL ...
[2026-07-13 13:27:08] [1233/1596] OK FI_PR_TH_DEDNAMTMTH_AS_ALL
[2026-07-13 13:27:08] [1234/1596] Dumping FI_PR_TH_DEDNAMTMTH_DEV ...
[2026-07-13 13:27:08] [1234/1596] OK FI_PR_TH_DEDNAMTMTH_DEV
[2026-07-13 13:27:08] [1235/1596] Dumping FI_PR_TH_DEDNAMTMTH_LOC ...
[2026-07-13 13:27:09] [1235/1596] OK FI_PR_TH_DEDNAMTMTH_LOC
[2026-07-13 13:27:09] [1236/1596] Dumping FI_PR_TH_DEDNAMTMTH_NABA ...
[2026-07-13 13:27:09] [1236/1596] OK FI_PR_TH_DEDNAMTMTH_NABA
[2026-07-13 13:27:09] [1237/1596] Dumping FI_PR_TH_DEDNAMTMTH_TC ...
[2026-07-13 13:27:09] [1237/1596] OK FI_PR_TH_DEDNAMTMTH_TC
[2026-07-13 13:27:09] [1238/1596] Dumping FI_PR_TH_DEDNAMTMTH_TMP ...
[2026-07-13 13:27:09] [1238/1596] OK FI_PR_TH_DEDNAMTMTH_TMP
[2026-07-13 13:27:09] [1239/1596] Dumping FI_PR_TH_DEDNSMTH ...
[2026-07-13 13:27:09] [1239/1596] OK FI_PR_TH_DEDNSMTH
[2026-07-13 13:27:09] [1240/1596] Dumping FI_PR_TH_DEPT_SUMMARY ...
[2026-07-13 13:27:09] [1240/1596] OK FI_PR_TH_DEPT_SUMMARY
[2026-07-13 13:27:09] [1241/1596] Dumping FI_PR_TH_DESIG_STRENGTH ...
[2026-07-13 13:27:09] [1241/1596] OK FI_PR_TH_DESIG_STRENGTH
[2026-07-13 13:27:09] [1242/1596] Dumping FI_PR_TH_DOCK_PILOT_P2P ...
[2026-07-13 13:27:10] [1242/1596] OK FI_PR_TH_DOCK_PILOT_P2P
[2026-07-13 13:27:10] [1243/1596] Dumping FI_PR_TH_DOCK_PILOT_P2P_110918 ...
[2026-07-13 13:27:10] [1243/1596] OK FI_PR_TH_DOCK_PILOT_P2P_110918
[2026-07-13 13:27:10] [1244/1596] Dumping FI_PR_TH_EADJDTL_27062024 ...
[2026-07-13 13:27:10] [1244/1596] OK FI_PR_TH_EADJDTL_27062024
[2026-07-13 13:27:10] [1245/1596] Dumping FI_PR_TH_EADJFOR_27062024 ...
[2026-07-13 13:27:10] [1245/1596] OK FI_PR_TH_EADJFOR_27062024
[2026-07-13 13:27:10] [1246/1596] Dumping FI_PR_TH_EADJMTH ...
[2026-07-13 13:27:13] [1246/1596] OK FI_PR_TH_EADJMTH
[2026-07-13 13:27:13] [1247/1596] Dumping FI_PR_TH_EADJMTH1 ...
[2026-07-13 13:27:13] [1247/1596] OK FI_PR_TH_EADJMTH1
[2026-07-13 13:27:13] [1248/1596] Dumping FI_PR_TH_EADJMTH_27062024 ...
[2026-07-13 13:27:13] [1248/1596] OK FI_PR_TH_EADJMTH_27062024
[2026-07-13 13:27:13] [1249/1596] Dumping FI_PR_TH_EADJMTH_LOC ...
[2026-07-13 13:27:14] [1249/1596] OK FI_PR_TH_EADJMTH_LOC
[2026-07-13 13:27:14] [1250/1596] Dumping FI_PR_TH_EARNAMTMTH ...
[2026-07-13 13:27:25] [1250/1596] OK FI_PR_TH_EARNAMTMTH
[2026-07-13 13:27:25] [1251/1596] Dumping FI_PR_TH_EARNAMTMTH_AS ...
[2026-07-13 13:27:25] [1251/1596] OK FI_PR_TH_EARNAMTMTH_AS
[2026-07-13 13:27:25] [1252/1596] Dumping FI_PR_TH_EARNAMTMTH_AS_ALL ...
[2026-07-13 13:27:25] [1252/1596] OK FI_PR_TH_EARNAMTMTH_AS_ALL
[2026-07-13 13:27:25] [1253/1596] Dumping FI_PR_TH_EARNAMTMTH_H ...
[2026-07-13 13:27:25] [1253/1596] OK FI_PR_TH_EARNAMTMTH_H
[2026-07-13 13:27:25] [1254/1596] Dumping FI_PR_TH_EARNAMTMTH_LOC ...
[2026-07-13 13:27:27] [1254/1596] OK FI_PR_TH_EARNAMTMTH_LOC
[2026-07-13 13:27:27] [1255/1596] Dumping FI_PR_TH_EARNAMTMTH_NABA ...
[2026-07-13 13:27:27] [1255/1596] OK FI_PR_TH_EARNAMTMTH_NABA
[2026-07-13 13:27:27] [1256/1596] Dumping FI_PR_TH_EARNAMTMTH_RET_AS ...
[2026-07-13 13:27:27] [1256/1596] OK FI_PR_TH_EARNAMTMTH_RET_AS
[2026-07-13 13:27:27] [1257/1596] Dumping FI_PR_TH_EARNAMTMTH_TEST ...
[2026-07-13 13:27:27] [1257/1596] OK FI_PR_TH_EARNAMTMTH_TEST
[2026-07-13 13:27:27] [1258/1596] Dumping FI_PR_TH_EARNAMTMTH_TMP ...
[2026-07-13 13:27:27] [1258/1596] OK FI_PR_TH_EARNAMTMTH_TMP
[2026-07-13 13:27:27] [1259/1596] Dumping FI_PR_TH_EARNUOMMTH ...
[2026-07-13 13:28:38] [1259/1596] OK FI_PR_TH_EARNUOMMTH
[2026-07-13 13:28:38] [1260/1596] Dumping FI_PR_TH_EARNUOMMTH_2007WR ...
[2026-07-13 13:28:55] [1260/1596] OK FI_PR_TH_EARNUOMMTH_2007WR
[2026-07-13 13:28:55] [1261/1596] Dumping FI_PR_TH_EARNUOMMTH_2007WR_BCK ...
[2026-07-13 13:29:10] [1261/1596] OK FI_PR_TH_EARNUOMMTH_2007WR_BCK
[2026-07-13 13:29:10] [1262/1596] Dumping FI_PR_TH_EARNUOMMTH_21092017 ...
[2026-07-13 13:30:01] [1262/1596] OK FI_PR_TH_EARNUOMMTH_21092017
[2026-07-13 13:30:01] [1263/1596] Dumping FI_PR_TH_EARNUOMMTH_31OCT08 ...
[2026-07-13 13:30:08] [1263/1596] OK FI_PR_TH_EARNUOMMTH_31OCT08
[2026-07-13 13:30:08] [1264/1596] Dumping FI_PR_TH_EARNUOMMTH_ARR ...
[2026-07-13 13:30:31] [1264/1596] OK FI_PR_TH_EARNUOMMTH_ARR
[2026-07-13 13:30:31] [1265/1596] Dumping FI_PR_TH_EARNUOMMTH_ARR0708 ...
[2026-07-13 13:30:38] [1265/1596] OK FI_PR_TH_EARNUOMMTH_ARR0708
[2026-07-13 13:30:38] [1266/1596] Dumping FI_PR_TH_EARNUOMMTH_ARR_2PT2 ...
[2026-07-13 13:30:39] [1266/1596] OK FI_PR_TH_EARNUOMMTH_ARR_2PT2
[2026-07-13 13:30:39] [1267/1596] Dumping FI_PR_TH_EARNUOMMTH_AUG07 ...
[2026-07-13 13:30:39] [1267/1596] OK FI_PR_TH_EARNUOMMTH_AUG07
[2026-07-13 13:30:39] [1268/1596] Dumping FI_PR_TH_EARNUOMMTH_AUG2007 ...
[2026-07-13 13:30:40] [1268/1596] OK FI_PR_TH_EARNUOMMTH_AUG2007
[2026-07-13 13:30:40] [1269/1596] Dumping FI_PR_TH_EARNUOMMTH_BACKUP ...
[2026-07-13 13:30:40] [1269/1596] OK FI_PR_TH_EARNUOMMTH_BACKUP
[2026-07-13 13:30:40] [1270/1596] Dumping FI_PR_TH_EARNUOMMTH_DELETED ...
[2026-07-13 13:30:40] [1270/1596] OK FI_PR_TH_EARNUOMMTH_DELETED
[2026-07-13 13:30:40] [1271/1596] Dumping FI_PR_TH_EARNUOMMTH_DT_DTLS ...
[2026-07-13 13:30:40] [1271/1596] OK FI_PR_TH_EARNUOMMTH_DT_DTLS
[2026-07-13 13:30:40] [1272/1596] Dumping FI_PR_TH_EARNUOMMTH_H ...
[2026-07-13 13:31:40] [1272/1596] OK FI_PR_TH_EARNUOMMTH_H
[2026-07-13 13:31:40] [1273/1596] Dumping FI_PR_TH_EARNUOMMTH_JUN20 ...
[2026-07-13 13:31:40] [1273/1596] OK FI_PR_TH_EARNUOMMTH_JUN20
[2026-07-13 13:31:40] [1274/1596] Dumping FI_PR_TH_EARNUOMMTH_LOC ...
[2026-07-13 13:32:19] [1274/1596] OK FI_PR_TH_EARNUOMMTH_LOC
[2026-07-13 13:32:20] [1275/1596] Dumping FI_PR_TH_EARNUOMMTH_TMP ...
[2026-07-13 13:32:20] [1275/1596] OK FI_PR_TH_EARNUOMMTH_TMP
[2026-07-13 13:32:20] [1276/1596] Dumping FI_PR_TH_ELGDED ...
[2026-07-13 13:32:20] [1276/1596] OK FI_PR_TH_ELGDED
[2026-07-13 13:32:20] [1277/1596] Dumping FI_PR_TH_ELIGEMPMTH ...
[2026-07-13 13:32:20] [1277/1596] OK FI_PR_TH_ELIGEMPMTH
[2026-07-13 13:32:20] [1278/1596] Dumping FI_PR_TH_EMP_STOP_SALARY ...
[2026-07-13 13:32:20] [1278/1596] OK FI_PR_TH_EMP_STOP_SALARY
[2026-07-13 13:32:20] [1279/1596] Dumping FI_PR_TH_EMP_STOP_SALARY_HIST ...
[2026-07-13 13:32:20] [1279/1596] OK FI_PR_TH_EMP_STOP_SALARY_HIST
[2026-07-13 13:32:20] [1280/1596] Dumping FI_PR_TH_ENC_DIFF ...
[2026-07-13 13:32:20] [1280/1596] OK FI_PR_TH_ENC_DIFF
[2026-07-13 13:32:20] [1281/1596] Dumping FI_PR_TH_ERNDEDNYLY ...
[2026-07-13 13:32:20] [1281/1596] OK FI_PR_TH_ERNDEDNYLY
[2026-07-13 13:32:20] [1282/1596] Dumping FI_PR_TH_ERRLOG ...
[2026-07-13 13:32:21] [1282/1596] OK FI_PR_TH_ERRLOG
[2026-07-13 13:32:21] [1283/1596] Dumping FI_PR_TH_FA_SAL_CTL ...
[2026-07-13 13:32:21] [1283/1596] OK FI_PR_TH_FA_SAL_CTL
[2026-07-13 13:32:21] [1284/1596] Dumping FI_PR_TH_FEST_ADV_DUE ...
[2026-07-13 13:32:21] [1284/1596] OK FI_PR_TH_FEST_ADV_DUE
[2026-07-13 13:32:21] [1285/1596] Dumping FI_PR_TH_FEST_UNWILL ...
[2026-07-13 13:32:21] [1285/1596] OK FI_PR_TH_FEST_UNWILL
[2026-07-13 13:32:21] [1286/1596] Dumping FI_PR_TH_FNORM_RECOV ...
[2026-07-13 13:32:21] [1286/1596] OK FI_PR_TH_FNORM_RECOV
[2026-07-13 13:32:21] [1287/1596] Dumping FI_PR_TH_FORCE_HRA ...
[2026-07-13 13:32:21] [1287/1596] OK FI_PR_TH_FORCE_HRA
[2026-07-13 13:32:21] [1288/1596] Dumping FI_PR_TH_IR_DTL ...
[2026-07-13 13:32:22] [1288/1596] OK FI_PR_TH_IR_DTL
[2026-07-13 13:32:22] [1289/1596] Dumping FI_PR_TH_JV ...
[2026-07-13 13:32:26] [1289/1596] OK FI_PR_TH_JV
[2026-07-13 13:32:26] [1290/1596] Dumping FI_PR_TH_JV_0407 ...
[2026-07-13 13:32:26] [1290/1596] OK FI_PR_TH_JV_0407
[2026-07-13 13:32:26] [1291/1596] Dumping FI_PR_TH_JV_MAN ...
[2026-07-13 13:32:27] [1291/1596] OK FI_PR_TH_JV_MAN
[2026-07-13 13:32:27] [1292/1596] Dumping FI_PR_TH_JV_MAN6 ...
[2026-07-13 13:32:28] [1292/1596] OK FI_PR_TH_JV_MAN6
[2026-07-13 13:32:28] [1293/1596] Dumping FI_PR_TH_JV_MAN_TEMP ...
[2026-07-13 13:32:28] [1293/1596] OK FI_PR_TH_JV_MAN_TEMP
[2026-07-13 13:32:28] [1294/1596] Dumping FI_PR_TH_JV_MAR2007 ...
[2026-07-13 13:32:29] [1294/1596] OK FI_PR_TH_JV_MAR2007
[2026-07-13 13:32:29] [1295/1596] Dumping FI_PR_TH_JV_SAL ...
[2026-07-13 13:32:29] [1295/1596] OK FI_PR_TH_JV_SAL
[2026-07-13 13:32:29] [1296/1596] Dumping FI_PR_TH_JV_SAL_AUG ...
[2026-07-13 13:32:29] [1296/1596] OK FI_PR_TH_JV_SAL_AUG
[2026-07-13 13:32:29] [1297/1596] Dumping FI_PR_TH_JV_SEP2606 ...
[2026-07-13 13:32:30] [1297/1596] OK FI_PR_TH_JV_SEP2606
[2026-07-13 13:32:30] [1298/1596] Dumping FI_PR_TH_KERALA_FLOOD_DEDN ...
[2026-07-13 13:32:30] [1298/1596] OK FI_PR_TH_KERALA_FLOOD_DEDN
[2026-07-13 13:32:30] [1299/1596] Dumping FI_PR_TH_KERALA_FLOOD_UNWILL ...
[2026-07-13 13:32:30] [1299/1596] OK FI_PR_TH_KERALA_FLOOD_UNWILL
[2026-07-13 13:32:30] [1300/1596] Dumping FI_PR_TH_LOANAPPL_T ...
[2026-07-13 13:32:30] [1300/1596] OK FI_PR_TH_LOANAPPL_T
[2026-07-13 13:32:30] [1301/1596] Dumping FI_PR_TH_LOANDEDN_T ...
[2026-07-13 13:32:30] [1301/1596] OK FI_PR_TH_LOANDEDN_T
[2026-07-13 13:32:30] [1302/1596] Dumping FI_PR_TH_LVOUT ...
[2026-07-13 13:32:30] [1302/1596] OK FI_PR_TH_LVOUT
[2026-07-13 13:32:30] [1303/1596] Dumping FI_PR_TH_LVOUT_TEST ...
[2026-07-13 13:32:30] [1303/1596] OK FI_PR_TH_LVOUT_TEST
[2026-07-13 13:32:30] [1304/1596] Dumping FI_PR_TH_LV_BAL ...
[2026-07-13 13:33:33] [1304/1596] OK FI_PR_TH_LV_BAL
[2026-07-13 13:33:33] [1305/1596] Dumping FI_PR_TH_MTHBASICHST ...
[2026-07-13 13:33:33] [1305/1596] OK FI_PR_TH_MTHBASICHST
[2026-07-13 13:33:33] [1306/1596] Dumping FI_PR_TH_MTHDEDNP ...
[2026-07-13 13:33:33] [1306/1596] OK FI_PR_TH_MTHDEDNP
[2026-07-13 13:33:33] [1307/1596] Dumping FI_PR_TH_MTHSETUP ...
[2026-07-13 13:33:37] [1307/1596] OK FI_PR_TH_MTHSETUP
[2026-07-13 13:33:37] [1308/1596] Dumping FI_PR_TH_MTHSETUP_DEV ...
[2026-07-13 13:33:38] [1308/1596] OK FI_PR_TH_MTHSETUP_DEV
[2026-07-13 13:33:38] [1309/1596] Dumping FI_PR_TH_MTHSETUP_VW_DEV ...
[2026-07-13 13:33:38] [1309/1596] OK FI_PR_TH_MTHSETUP_VW_DEV
[2026-07-13 13:33:38] [1310/1596] Dumping FI_PR_TH_MTHVARDEDN ...
[2026-07-13 13:33:38] [1310/1596] OK FI_PR_TH_MTHVARDEDN
[2026-07-13 13:33:38] [1311/1596] Dumping FI_PR_TH_MTHVAREARN ...
[2026-07-13 13:33:38] [1311/1596] OK FI_PR_TH_MTHVAREARN
[2026-07-13 13:33:38] [1312/1596] Dumping FI_PR_TH_MTH_BASIC ...
[2026-07-13 13:33:39] [1312/1596] OK FI_PR_TH_MTH_BASIC
[2026-07-13 13:33:39] [1313/1596] Dumping FI_PR_TH_NET_ARR ...
[2026-07-13 13:33:39] [1313/1596] OK FI_PR_TH_NET_ARR
[2026-07-13 13:33:39] [1314/1596] Dumping FI_PR_TH_NPS_ARR ...
[2026-07-13 13:33:40] [1314/1596] OK FI_PR_TH_NPS_ARR
[2026-07-13 13:33:40] [1315/1596] Dumping FI_PR_TH_NPS_ARR_P ...
[2026-07-13 13:33:41] [1315/1596] OK FI_PR_TH_NPS_ARR_P
[2026-07-13 13:33:41] [1316/1596] Dumping FI_PR_TH_OFFICER1_2007_ONWARD ...
[2026-07-13 13:33:41] [1316/1596] OK FI_PR_TH_OFFICER1_2007_ONWARD
[2026-07-13 13:33:41] [1317/1596] Dumping FI_PR_TH_OFFICER_34 ...
[2026-07-13 13:33:41] [1317/1596] OK FI_PR_TH_OFFICER_34
[2026-07-13 13:33:41] [1318/1596] Dumping FI_PR_TH_OFFICER_BASIC_INCRMNT ...
[2026-07-13 13:33:41] [1318/1596] OK FI_PR_TH_OFFICER_BASIC_INCRMNT
[2026-07-13 13:33:41] [1319/1596] Dumping FI_PR_TH_OFFICER_JOIN_2012 ...
[2026-07-13 13:33:41] [1319/1596] OK FI_PR_TH_OFFICER_JOIN_2012
[2026-07-13 13:33:41] [1320/1596] Dumping FI_PR_TH_OFFICER_PROMOT_2012 ...
[2026-07-13 13:33:41] [1320/1596] OK FI_PR_TH_OFFICER_PROMOT_2012
[2026-07-13 13:33:41] [1321/1596] Dumping FI_PR_TH_OVDN_ADJ_DOCTOR ...
[2026-07-13 13:33:41] [1321/1596] OK FI_PR_TH_OVDN_ADJ_DOCTOR
[2026-07-13 13:33:41] [1322/1596] Dumping FI_PR_TH_OVERDRAWN_ADJ ...
[2026-07-13 13:33:42] [1322/1596] OK FI_PR_TH_OVERDRAWN_ADJ
[2026-07-13 13:33:42] [1323/1596] Dumping FI_PR_TH_PERQ_NIL ...
[2026-07-13 13:33:42] [1323/1596] OK FI_PR_TH_PERQ_NIL
[2026-07-13 13:33:42] [1324/1596] Dumping FI_PR_TH_PERQ_NIL_NEW ...
[2026-07-13 13:33:42] [1324/1596] OK FI_PR_TH_PERQ_NIL_NEW
[2026-07-13 13:33:42] [1325/1596] Dumping FI_PR_TH_PILOT_ARR ...
[2026-07-13 13:33:42] [1325/1596] OK FI_PR_TH_PILOT_ARR
[2026-07-13 13:33:42] [1326/1596] Dumping FI_PR_TH_PILOT_MACP_SUMMARY ...
[2026-07-13 13:33:42] [1326/1596] OK FI_PR_TH_PILOT_MACP_SUMMARY
[2026-07-13 13:33:42] [1327/1596] Dumping FI_PR_TH_PILOT_MESS_MONEY ...
[2026-07-13 13:33:42] [1327/1596] OK FI_PR_TH_PILOT_MESS_MONEY
[2026-07-13 13:33:42] [1328/1596] Dumping FI_PR_TH_PILOT_P2P ...
[2026-07-13 13:33:42] [1328/1596] OK FI_PR_TH_PILOT_P2P
[2026-07-13 13:33:42] [1329/1596] Dumping FI_PR_TH_PLR_2006_ADJ ...
[2026-07-13 13:33:42] [1329/1596] OK FI_PR_TH_PLR_2006_ADJ
[2026-07-13 13:33:42] [1330/1596] Dumping FI_PR_TH_PLR_ARR_2015 ...
[2026-07-13 13:33:42] [1330/1596] OK FI_PR_TH_PLR_ARR_2015
[2026-07-13 13:33:42] [1331/1596] Dumping FI_PR_TH_PLR_TOT_AMT_2007 ...
[2026-07-13 13:33:43] [1331/1596] OK FI_PR_TH_PLR_TOT_AMT_2007
[2026-07-13 13:33:43] [1332/1596] Dumping FI_PR_TH_PLR_UNION_2006 ...
[2026-07-13 13:33:43] [1332/1596] OK FI_PR_TH_PLR_UNION_2006
[2026-07-13 13:33:43] [1333/1596] Dumping FI_PR_TH_PRJVCTRL ...
[2026-07-13 13:33:44] [1333/1596] OK FI_PR_TH_PRJVCTRL
[2026-07-13 13:33:44] [1334/1596] Dumping FI_PR_TH_PRJVCTRL_BONUS ...
[2026-07-13 13:33:45] [1334/1596] OK FI_PR_TH_PRJVCTRL_BONUS
[2026-07-13 13:33:45] [1335/1596] Dumping FI_PR_TH_PRJVCTRL_BONUS6 ...
[2026-07-13 13:33:45] [1335/1596] OK FI_PR_TH_PRJVCTRL_BONUS6
[2026-07-13 13:33:45] [1336/1596] Dumping FI_PR_TH_QRENT_DUE ...
[2026-07-13 13:33:45] [1336/1596] OK FI_PR_TH_QRENT_DUE
[2026-07-13 13:33:45] [1337/1596] Dumping FI_PR_TH_QRENT_DUE_2017 ...
[2026-07-13 13:33:45] [1337/1596] OK FI_PR_TH_QRENT_DUE_2017
[2026-07-13 13:33:45] [1338/1596] Dumping FI_PR_TH_QRENT_DUE_2020 ...
[2026-07-13 13:33:45] [1338/1596] OK FI_PR_TH_QRENT_DUE_2020
[2026-07-13 13:33:45] [1339/1596] Dumping FI_PR_TH_QRENT_RECOV ...
[2026-07-13 13:33:46] [1339/1596] OK FI_PR_TH_QRENT_RECOV
[2026-07-13 13:33:46] [1340/1596] Dumping FI_PR_TH_QRENT_RECOV1 ...
[2026-07-13 13:33:46] [1340/1596] OK FI_PR_TH_QRENT_RECOV1
[2026-07-13 13:33:46] [1341/1596] Dumping FI_PR_TH_QRENT_RECOV_2020 ...
[2026-07-13 13:33:46] [1341/1596] OK FI_PR_TH_QRENT_RECOV_2020
[2026-07-13 13:33:46] [1342/1596] Dumping FI_PR_TH_RECOVERY ...
[2026-07-13 13:33:46] [1342/1596] OK FI_PR_TH_RECOVERY
[2026-07-13 13:33:46] [1343/1596] Dumping FI_PR_TH_REFUND_WRARR_12 ...
[2026-07-13 13:33:46] [1343/1596] OK FI_PR_TH_REFUND_WRARR_12
[2026-07-13 13:33:46] [1344/1596] Dumping FI_PR_TH_REFUND_WRARR_12_AS ...
[2026-07-13 13:33:46] [1344/1596] OK FI_PR_TH_REFUND_WRARR_12_AS
[2026-07-13 13:33:46] [1345/1596] Dumping FI_PR_TH_REFUND_WRARR_12_V4 ...
[2026-07-13 13:33:46] [1345/1596] OK FI_PR_TH_REFUND_WRARR_12_V4
[2026-07-13 13:33:46] [1346/1596] Dumping FI_PR_TH_REF_WRARR_12_BCK ...
[2026-07-13 13:33:46] [1346/1596] OK FI_PR_TH_REF_WRARR_12_BCK
[2026-07-13 13:33:46] [1347/1596] Dumping FI_PR_TH_SALDEDN_DU ...
[2026-07-13 13:33:47] [1347/1596] OK FI_PR_TH_SALDEDN_DU
[2026-07-13 13:33:47] [1348/1596] Dumping FI_PR_TH_SALDEDN_DU_BACKUP ...
[2026-07-13 13:33:47] [1348/1596] OK FI_PR_TH_SALDEDN_DU_BACKUP
[2026-07-13 13:33:47] [1349/1596] Dumping FI_PR_TH_SALOUT ...
[2026-07-13 13:34:57] [1349/1596] OK FI_PR_TH_SALOUT
[2026-07-13 13:34:57] [1350/1596] Dumping FI_PR_TH_SALOUT_060325 ...
[2026-07-13 13:35:51] [1350/1596] OK FI_PR_TH_SALOUT_060325
[2026-07-13 13:35:51] [1351/1596] Dumping FI_PR_TH_SALOUT_26022025 ...
[2026-07-13 13:36:46] [1351/1596] OK FI_PR_TH_SALOUT_26022025
[2026-07-13 13:36:46] [1352/1596] Dumping FI_PR_TH_SALOUT_275B_NOV10 ...
[2026-07-13 13:36:46] [1352/1596] OK FI_PR_TH_SALOUT_275B_NOV10
[2026-07-13 13:36:46] [1353/1596] Dumping FI_PR_TH_SALOUT_31MAR2012 ...
[2026-07-13 13:36:47] [1353/1596] OK FI_PR_TH_SALOUT_31MAR2012
[2026-07-13 13:36:47] [1354/1596] Dumping FI_PR_TH_SALOUT_AUG02 ...
[2026-07-13 13:36:57] [1354/1596] OK FI_PR_TH_SALOUT_AUG02
[2026-07-13 13:36:57] [1355/1596] Dumping FI_PR_TH_SALOUT_BAK ...
[2026-07-13 13:36:57] [1355/1596] OK FI_PR_TH_SALOUT_BAK
[2026-07-13 13:36:57] [1356/1596] Dumping FI_PR_TH_SALOUT_FEB25 ...
[2026-07-13 13:36:57] [1356/1596] OK FI_PR_TH_SALOUT_FEB25
[2026-07-13 13:36:57] [1357/1596] Dumping FI_PR_TH_SALOUT_HIST ...
[2026-07-13 13:37:00] [1357/1596] OK FI_PR_TH_SALOUT_HIST
[2026-07-13 13:37:00] [1358/1596] Dumping FI_PR_TH_SALOUT_HISTORY_JUL06 ...
[2026-07-13 13:37:12] [1358/1596] OK FI_PR_TH_SALOUT_HISTORY_JUL06
[2026-07-13 13:37:12] [1359/1596] Dumping FI_PR_TH_SALOUT_HIST_NEW ...
[2026-07-13 13:37:12] [1359/1596] OK FI_PR_TH_SALOUT_HIST_NEW
[2026-07-13 13:37:12] [1360/1596] Dumping FI_PR_TH_SALOUT_SUPP ...
[2026-07-13 13:37:22] [1360/1596] OK FI_PR_TH_SALOUT_SUPP
[2026-07-13 13:37:22] [1361/1596] Dumping FI_PR_TH_SALOUT_TANMOY ...
[2026-07-13 13:37:24] [1361/1596] OK FI_PR_TH_SALOUT_TANMOY
[2026-07-13 13:37:24] [1362/1596] Dumping FI_PR_TH_SALOUT_TANMOY_OLD ...
[2026-07-13 13:37:29] [1362/1596] OK FI_PR_TH_SALOUT_TANMOY_OLD
[2026-07-13 13:37:29] [1363/1596] Dumping FI_PR_TH_SHLBRINCTV ...
[2026-07-13 13:37:29] [1363/1596] OK FI_PR_TH_SHLBRINCTV
[2026-07-13 13:37:29] [1364/1596] Dumping FI_PR_TH_SPL_PAY_MOS_EMP ...
[2026-07-13 13:37:29] [1364/1596] OK FI_PR_TH_SPL_PAY_MOS_EMP
[2026-07-13 13:37:29] [1365/1596] Dumping FI_PR_TH_SPL_PAY_MOS_EMP2 ...
[2026-07-13 13:37:29] [1365/1596] OK FI_PR_TH_SPL_PAY_MOS_EMP2
[2026-07-13 13:37:29] [1366/1596] Dumping FI_PR_TH_SPL_PAY_RET ...
[2026-07-13 13:37:29] [1366/1596] OK FI_PR_TH_SPL_PAY_RET
[2026-07-13 13:37:29] [1367/1596] Dumping FI_PR_TH_SUPLSAL ...
[2026-07-13 13:37:39] [1367/1596] OK FI_PR_TH_SUPLSAL
[2026-07-13 13:37:39] [1368/1596] Dumping FI_PR_TH_SUPLSAL1 ...
[2026-07-13 13:37:40] [1368/1596] OK FI_PR_TH_SUPLSAL1
[2026-07-13 13:37:40] [1369/1596] Dumping FI_PR_TH_SUPLSAL_0307_PROV_PLR ...
[2026-07-13 13:37:41] [1369/1596] OK FI_PR_TH_SUPLSAL_0307_PROV_PLR
[2026-07-13 13:37:41] [1370/1596] Dumping FI_PR_TH_SUPLSAL_200625 ...
[2026-07-13 13:37:50] [1370/1596] OK FI_PR_TH_SUPLSAL_200625
[2026-07-13 13:37:50] [1371/1596] Dumping FI_PR_TH_SUPLSAL_2012 ...
[2026-07-13 13:37:50] [1371/1596] OK FI_PR_TH_SUPLSAL_2012
[2026-07-13 13:37:50] [1372/1596] Dumping FI_PR_TH_SUPLSAL_2022 ...
[2026-07-13 13:37:50] [1372/1596] OK FI_PR_TH_SUPLSAL_2022
[2026-07-13 13:37:50] [1373/1596] Dumping FI_PR_TH_SUPLSAL_AS ...
[2026-07-13 13:37:51] [1373/1596] OK FI_PR_TH_SUPLSAL_AS
[2026-07-13 13:37:51] [1374/1596] Dumping FI_PR_TH_SUPLSAL_AS1 ...
[2026-07-13 13:37:51] [1374/1596] OK FI_PR_TH_SUPLSAL_AS1
[2026-07-13 13:37:51] [1375/1596] Dumping FI_PR_TH_SUPLSAL_NABA ...
[2026-07-13 13:37:51] [1375/1596] OK FI_PR_TH_SUPLSAL_NABA
[2026-07-13 13:37:51] [1376/1596] Dumping FI_PR_TH_SUPLSAL_NOVDEC ...
[2026-07-13 13:37:52] [1376/1596] OK FI_PR_TH_SUPLSAL_NOVDEC
[2026-07-13 13:37:52] [1377/1596] Dumping FI_PR_TH_SUPLSAL_WR2017OFF02 ...
[2026-07-13 13:37:52] [1377/1596] OK FI_PR_TH_SUPLSAL_WR2017OFF02
[2026-07-13 13:37:52] [1378/1596] Dumping FI_PR_TH_SUPP_H_BIL ...
[2026-07-13 13:37:55] [1378/1596] OK FI_PR_TH_SUPP_H_BIL
[2026-07-13 13:37:55] [1379/1596] Dumping FI_PR_TH_SUPP_H_BIL_ARR ...
[2026-07-13 13:37:56] [1379/1596] OK FI_PR_TH_SUPP_H_BIL_ARR
[2026-07-13 13:37:56] [1380/1596] Dumping FI_PR_TH_SUPP_H_BIL_ARR_2PT2 ...
[2026-07-13 13:37:56] [1380/1596] OK FI_PR_TH_SUPP_H_BIL_ARR_2PT2
[2026-07-13 13:37:56] [1381/1596] Dumping FI_PR_TH_SUPP_H_BIL_MOD ...
[2026-07-13 13:37:57] [1381/1596] OK FI_PR_TH_SUPP_H_BIL_MOD
[2026-07-13 13:37:57] [1382/1596] Dumping FI_PR_TH_SUPP_H_BIL_MOD_11 ...
[2026-07-13 13:37:57] [1382/1596] OK FI_PR_TH_SUPP_H_BIL_MOD_11
[2026-07-13 13:37:57] [1383/1596] Dumping FI_PR_TH_SUPP_MIS ...
[2026-07-13 13:37:57] [1383/1596] OK FI_PR_TH_SUPP_MIS
[2026-07-13 13:37:57] [1384/1596] Dumping FI_PR_TH_SUPP_PRJVCTRL ...
[2026-07-13 13:37:57] [1384/1596] OK FI_PR_TH_SUPP_PRJVCTRL
[2026-07-13 13:37:57] [1385/1596] Dumping FI_PR_TH_SUPP_SALOUT ...
[2026-07-13 13:37:57] [1385/1596] OK FI_PR_TH_SUPP_SALOUT
[2026-07-13 13:37:57] [1386/1596] Dumping FI_PR_TH_TEST ...
[2026-07-13 13:37:57] [1386/1596] OK FI_PR_TH_TEST
[2026-07-13 13:37:57] [1387/1596] Dumping FI_PR_TH_TRN_CTL ...
[2026-07-13 13:37:58] [1387/1596] OK FI_PR_TH_TRN_CTL
[2026-07-13 13:37:58] [1388/1596] Dumping FI_PR_TH_TRN_CTL_LOC ...
[2026-07-13 13:37:58] [1388/1596] OK FI_PR_TH_TRN_CTL_LOC
[2026-07-13 13:37:58] [1389/1596] Dumping FI_PR_TH_UADJMTH ...
[2026-07-13 13:37:58] [1389/1596] OK FI_PR_TH_UADJMTH
[2026-07-13 13:37:58] [1390/1596] Dumping FI_PR_TH_UNWILL_UNION ...
[2026-07-13 13:37:58] [1390/1596] OK FI_PR_TH_UNWILL_UNION
[2026-07-13 13:37:58] [1391/1596] Dumping FI_PR_TH_UNWILL_UNION_1 ...
[2026-07-13 13:37:58] [1391/1596] OK FI_PR_TH_UNWILL_UNION_1
[2026-07-13 13:37:58] [1392/1596] Dumping FI_PR_TH_VARDEDNHST ...
[2026-07-13 13:37:58] [1392/1596] OK FI_PR_TH_VARDEDNHST
[2026-07-13 13:37:58] [1393/1596] Dumping FI_PR_TH_VAREARNHST ...
[2026-07-13 13:37:58] [1393/1596] OK FI_PR_TH_VAREARNHST
[2026-07-13 13:37:58] [1394/1596] Dumping FI_PR_TH_WDO_RECOV ...
[2026-07-13 13:37:58] [1394/1596] OK FI_PR_TH_WDO_RECOV
[2026-07-13 13:37:58] [1395/1596] Dumping FI_PR_TH_WR2007OFFREV_EXCLUDE ...
[2026-07-13 13:37:58] [1395/1596] OK FI_PR_TH_WR2007OFFREV_EXCLUDE
[2026-07-13 13:37:58] [1396/1596] Dumping FI_PR_TH_WR2017OFF_EXCLUDE ...
[2026-07-13 13:37:58] [1396/1596] OK FI_PR_TH_WR2017OFF_EXCLUDE
[2026-07-13 13:37:58] [1397/1596] Dumping FI_PR_TM_SUPP_M_BIL ...
[2026-07-13 13:38:01] [1397/1596] OK FI_PR_TM_SUPP_M_BIL
[2026-07-13 13:38:01] [1398/1596] Dumping FI_PR_TT_ARR_LIST ...
[2026-07-13 13:38:01] [1398/1596] OK FI_PR_TT_ARR_LIST
[2026-07-13 13:38:01] [1399/1596] Dumping FI_PR_TT_ARR_PAYMENT_2 ...
[2026-07-13 13:38:01] [1399/1596] OK FI_PR_TT_ARR_PAYMENT_2
[2026-07-13 13:38:01] [1400/1596] Dumping FI_PR_TT_EARNDEDN_AMT ...
[2026-07-13 13:38:01] [1400/1596] OK FI_PR_TT_EARNDEDN_AMT
[2026-07-13 13:38:01] [1401/1596] Dumping FI_PR_TT_LEAVE_DATA ...
[2026-07-13 13:38:01] [1401/1596] OK FI_PR_TT_LEAVE_DATA
[2026-07-13 13:38:01] [1402/1596] Dumping FI_PR_TT_LOC_ARR_EMP_AUG2016 ...
[2026-07-13 13:38:01] [1402/1596] OK FI_PR_TT_LOC_ARR_EMP_AUG2016
[2026-07-13 13:38:01] [1403/1596] Dumping FI_PR_TT_LOC_ARR_EMP_DED ...
[2026-07-13 13:38:01] [1403/1596] OK FI_PR_TT_LOC_ARR_EMP_DED
[2026-07-13 13:38:01] [1404/1596] Dumping FI_PR_TT_LOC_ARR_EMP_SEP2016 ...
[2026-07-13 13:38:01] [1404/1596] OK FI_PR_TT_LOC_ARR_EMP_SEP2016
[2026-07-13 13:38:01] [1405/1596] Dumping FI_PR_TT_LVOUT ...
[2026-07-13 13:38:02] [1405/1596] OK FI_PR_TT_LVOUT
[2026-07-13 13:38:02] [1406/1596] Dumping FI_PR_TT_LVOUT_MODI ...
[2026-07-13 13:38:02] [1406/1596] OK FI_PR_TT_LVOUT_MODI
[2026-07-13 13:38:02] [1407/1596] Dumping FI_PR_TT_LV_MODULE ...
[2026-07-13 13:38:02] [1407/1596] OK FI_PR_TT_LV_MODULE
[2026-07-13 13:38:02] [1408/1596] Dumping FI_PR_TT_PAYROLL_DATA ...
[2026-07-13 13:38:02] [1408/1596] OK FI_PR_TT_PAYROLL_DATA
[2026-07-13 13:38:02] [1409/1596] Dumping FI_PR_TT_PR_MODULE ...
[2026-07-13 13:38:02] [1409/1596] OK FI_PR_TT_PR_MODULE
[2026-07-13 13:38:02] [1410/1596] Dumping FI_PR_TT_QRENT ...
[2026-07-13 13:38:02] [1410/1596] OK FI_PR_TT_QRENT
[2026-07-13 13:38:02] [1411/1596] Dumping FI_PR_TT_QRENT_2017 ...
[2026-07-13 13:38:02] [1411/1596] OK FI_PR_TT_QRENT_2017
[2026-07-13 13:38:02] [1412/1596] Dumping FI_PR_UNION_REFUND ...
[2026-07-13 13:38:02] [1412/1596] OK FI_PR_UNION_REFUND
[2026-07-13 13:38:02] [1413/1596] Dumping FI_PR_UNIT_OFFI_FEB_2020 ...
[2026-07-13 13:38:02] [1413/1596] OK FI_PR_UNIT_OFFI_FEB_2020
[2026-07-13 13:38:02] [1414/1596] Dumping FI_PR_UNIT_OFFI_MAY_2020 ...
[2026-07-13 13:38:03] [1414/1596] OK FI_PR_UNIT_OFFI_MAY_2020
[2026-07-13 13:38:03] [1415/1596] Dumping FI_PR_VOT_AMT_TAB ...
[2026-07-13 13:38:03] [1415/1596] OK FI_PR_VOT_AMT_TAB
[2026-07-13 13:38:03] [1416/1596] Dumping FI_PR_VOT_UNIT_TAB ...
[2026-07-13 13:38:03] [1416/1596] OK FI_PR_VOT_UNIT_TAB
[2026-07-13 13:38:03] [1417/1596] Dumping FI_PR_WR2012_ARR_AUG2014 ...
[2026-07-13 13:38:03] [1417/1596] OK FI_PR_WR2012_ARR_AUG2014
[2026-07-13 13:38:03] [1418/1596] Dumping FI_PR_WR2012_DEDN ...
[2026-07-13 13:38:03] [1418/1596] OK FI_PR_WR2012_DEDN
[2026-07-13 13:38:03] [1419/1596] Dumping FI_PR_WR2017_ARR_MAR2019 ...
[2026-07-13 13:38:03] [1419/1596] OK FI_PR_WR2017_ARR_MAR2019
[2026-07-13 13:38:03] [1420/1596] Dumping FI_PR_WR2017_DEDN ...
[2026-07-13 13:38:03] [1420/1596] OK FI_PR_WR2017_DEDN
[2026-07-13 13:38:03] [1421/1596] Dumping FI_PR_WR2017_LTC ...
[2026-07-13 13:38:03] [1421/1596] FAIL FI_PR_WR2017_LTC: (1171, 'All parts of a PRIMARY KEY must be NOT NULL; if you need NULL in a key, use UNIQUE instead')
[2026-07-13 13:38:03] [1422/1596] Dumping FI_PR_WR2017_PP ...
[2026-07-13 13:38:03] [1422/1596] OK FI_PR_WR2017_PP
[2026-07-13 13:38:03] [1423/1596] Dumping FI_PR_WR2022_ARR_DEC2024 ...
[2026-07-13 13:38:03] [1423/1596] OK FI_PR_WR2022_ARR_DEC2024
[2026-07-13 13:38:03] [1424/1596] Dumping FI_PR_WR2022_JAN_DEC2024 ...
[2026-07-13 13:38:04] [1424/1596] OK FI_PR_WR2022_JAN_DEC2024
[2026-07-13 13:38:04] [1425/1596] Dumping FI_PR_YEAR_OT ...
[2026-07-13 13:38:04] [1425/1596] OK FI_PR_YEAR_OT
[2026-07-13 13:38:04] [1426/1596] Dumping FI_PR_YEAR_OVER_TIME ...
[2026-07-13 13:38:04] [1426/1596] OK FI_PR_YEAR_OVER_TIME
[2026-07-13 13:38:04] [1427/1596] Dumping FI_XX_COMPANY ...
[2026-07-13 13:38:04] [1427/1596] OK FI_XX_COMPANY
[2026-07-13 13:38:04] [1428/1596] Dumping FI_XX_ELECT_EMP ...
[2026-07-13 13:38:04] [1428/1596] OK FI_XX_ELECT_EMP
[2026-07-13 13:38:04] [1429/1596] Dumping FI_XX_EMAIL_ADDR ...
[2026-07-13 13:38:04] [1429/1596] FAIL FI_XX_EMAIL_ADDR: (1171, 'All parts of a PRIMARY KEY must be NOT NULL; if you need NULL in a key, use UNIQUE instead')
[2026-07-13 13:38:04] [1430/1596] Dumping FI_XX_EMP_MEDI_SCH ...
[2026-07-13 13:38:04] [1430/1596] OK FI_XX_EMP_MEDI_SCH
[2026-07-13 13:38:04] [1431/1596] Dumping FI_XX_EMP_PARTY ...
[2026-07-13 13:38:04] [1431/1596] OK FI_XX_EMP_PARTY
[2026-07-13 13:38:04] [1432/1596] Dumping FI_XX_GST_STATE ...
[2026-07-13 13:38:05] [1432/1596] OK FI_XX_GST_STATE
[2026-07-13 13:38:05] [1433/1596] Dumping FI_XX_HLD_NOMINEE ...
[2026-07-13 13:38:05] [1433/1596] OK FI_XX_HLD_NOMINEE
[2026-07-13 13:38:05] [1434/1596] Dumping FI_XX_HLD_NOMINEE_HIST ...
[2026-07-13 13:38:05] [1434/1596] OK FI_XX_HLD_NOMINEE_HIST
[2026-07-13 13:38:05] [1435/1596] Dumping FI_XX_HOLIDAY_LIST ...
[2026-07-13 13:38:05] [1435/1596] OK FI_XX_HOLIDAY_LIST
[2026-07-13 13:38:05] [1436/1596] Dumping FI_XX_ID_CARD_HIST ...
[2026-07-13 13:38:05] [1436/1596] OK FI_XX_ID_CARD_HIST
[2026-07-13 13:38:05] [1437/1596] Dumping FI_XX_ID_CARD_PREV ...
[2026-07-13 13:38:05] [1437/1596] OK FI_XX_ID_CARD_PREV
[2026-07-13 13:38:05] [1438/1596] Dumping FI_XX_IIFT_EMP ...
[2026-07-13 13:38:06] [1438/1596] OK FI_XX_IIFT_EMP
[2026-07-13 13:38:06] [1439/1596] Dumping FI_XX_INDIAN_STATE ...
[2026-07-13 13:38:06] [1439/1596] OK FI_XX_INDIAN_STATE
[2026-07-13 13:38:06] [1440/1596] Dumping FI_XX_MD_DEPT ...
[2026-07-13 13:38:06] [1440/1596] OK FI_XX_MD_DEPT
[2026-07-13 13:38:06] [1441/1596] Dumping FI_XX_MD_DESIG ...
[2026-07-13 13:38:06] [1441/1596] OK FI_XX_MD_DESIG
[2026-07-13 13:38:06] [1442/1596] Dumping FI_XX_MD_DESIGHST ...
[2026-07-13 13:38:06] [1442/1596] OK FI_XX_MD_DESIGHST
[2026-07-13 13:38:06] [1443/1596] Dumping FI_XX_MD_EMP_ST_H ...
[2026-07-13 13:38:06] [1443/1596] OK FI_XX_MD_EMP_ST_H
[2026-07-13 13:38:06] [1444/1596] Dumping FI_XX_MD_FINDESIG ...
[2026-07-13 13:38:06] [1444/1596] OK FI_XX_MD_FINDESIG
[2026-07-13 13:38:06] [1445/1596] Dumping FI_XX_MD_FINFA ...
[2026-07-13 13:38:06] [1445/1596] OK FI_XX_MD_FINFA
[2026-07-13 13:38:06] [1446/1596] Dumping FI_XX_MD_FINSCALE ...
[2026-07-13 13:38:14] [1446/1596] OK FI_XX_MD_FINSCALE
[2026-07-13 13:38:14] [1447/1596] Dumping FI_XX_MD_FINSCALE_02FEB2011 ...
[2026-07-13 13:38:17] [1447/1596] OK FI_XX_MD_FINSCALE_02FEB2011
[2026-07-13 13:38:17] [1448/1596] Dumping FI_XX_MD_FINSCALE_150126 ...
[2026-07-13 13:38:23] [1448/1596] OK FI_XX_MD_FINSCALE_150126
[2026-07-13 13:38:23] [1449/1596] Dumping FI_XX_MD_FINSCALE_16092016 ...
[2026-07-13 13:38:28] [1449/1596] OK FI_XX_MD_FINSCALE_16092016
[2026-07-13 13:38:28] [1450/1596] Dumping FI_XX_MD_FINSCALE_1997WR ...
[2026-07-13 13:38:36] [1450/1596] OK FI_XX_MD_FINSCALE_1997WR
[2026-07-13 13:38:36] [1451/1596] Dumping FI_XX_MD_FINSCALE_1997WR_29911 ...
[2026-07-13 13:38:39] [1451/1596] OK FI_XX_MD_FINSCALE_1997WR_29911
[2026-07-13 13:38:39] [1452/1596] Dumping FI_XX_MD_FINSCALE_1997WR_81B ...
[2026-07-13 13:38:39] [1452/1596] OK FI_XX_MD_FINSCALE_1997WR_81B
[2026-07-13 13:38:39] [1453/1596] Dumping FI_XX_MD_FINSCALE_2007 ...
[2026-07-13 13:38:40] [1453/1596] OK FI_XX_MD_FINSCALE_2007
[2026-07-13 13:38:40] [1454/1596] Dumping FI_XX_MD_FINSCALE_2007REV1 ...
[2026-07-13 13:38:41] [1454/1596] OK FI_XX_MD_FINSCALE_2007REV1
[2026-07-13 13:38:41] [1455/1596] Dumping FI_XX_MD_FINSCALE_2007REV2 ...
[2026-07-13 13:38:41] [1455/1596] OK FI_XX_MD_FINSCALE_2007REV2
[2026-07-13 13:38:41] [1456/1596] Dumping FI_XX_MD_FINSCALE_2007WR ...
[2026-07-13 13:38:45] [1456/1596] OK FI_XX_MD_FINSCALE_2007WR
[2026-07-13 13:38:45] [1457/1596] Dumping FI_XX_MD_FINSCALE_2007_2PT2 ...
[2026-07-13 13:38:46] [1457/1596] OK FI_XX_MD_FINSCALE_2007_2PT2
[2026-07-13 13:38:46] [1458/1596] Dumping FI_XX_MD_FINSCALE_2007_DKPILOT ...
[2026-07-13 13:38:46] [1458/1596] OK FI_XX_MD_FINSCALE_2007_DKPILOT
[2026-07-13 13:38:46] [1459/1596] Dumping FI_XX_MD_FINSCALE_2007_DKP_STP ...
[2026-07-13 13:38:46] [1459/1596] OK FI_XX_MD_FINSCALE_2007_DKP_STP
[2026-07-13 13:38:46] [1460/1596] Dumping FI_XX_MD_FINSCALE_2007_OLD ...
[2026-07-13 13:38:47] [1460/1596] OK FI_XX_MD_FINSCALE_2007_OLD
[2026-07-13 13:38:47] [1461/1596] Dumping FI_XX_MD_FINSCALE_2012 ...
[2026-07-13 13:38:48] [1461/1596] OK FI_XX_MD_FINSCALE_2012
[2026-07-13 13:38:48] [1462/1596] Dumping FI_XX_MD_FINSCALE_2012_BCK ...
[2026-07-13 13:38:49] [1462/1596] OK FI_XX_MD_FINSCALE_2012_BCK
[2026-07-13 13:38:49] [1463/1596] Dumping FI_XX_MD_FINSCALE_2017 ...
[2026-07-13 13:38:49] [1463/1596] OK FI_XX_MD_FINSCALE_2017
[2026-07-13 13:38:49] [1464/1596] Dumping FI_XX_MD_FINSCALE_2017WR ...
[2026-07-13 13:38:50] [1464/1596] OK FI_XX_MD_FINSCALE_2017WR
[2026-07-13 13:38:50] [1465/1596] Dumping FI_XX_MD_FINSCALE_2022 ...
[2026-07-13 13:38:50] [1465/1596] OK FI_XX_MD_FINSCALE_2022
[2026-07-13 13:38:50] [1466/1596] Dumping FI_XX_MD_FINSCALE_2022REV2 ...
[2026-07-13 13:38:50] [1466/1596] OK FI_XX_MD_FINSCALE_2022REV2
[2026-07-13 13:38:50] [1467/1596] Dumping FI_XX_MD_FINSCALE_2022WR ...
[2026-07-13 13:38:50] [1467/1596] OK FI_XX_MD_FINSCALE_2022WR
[2026-07-13 13:38:50] [1468/1596] Dumping FI_XX_MD_FINSCALE_2022_PALAS ...
[2026-07-13 13:38:51] [1468/1596] OK FI_XX_MD_FINSCALE_2022_PALAS
[2026-07-13 13:38:51] [1469/1596] Dumping FI_XX_MD_FINSCALE_240125 ...
[2026-07-13 13:38:58] [1469/1596] OK FI_XX_MD_FINSCALE_240125
[2026-07-13 13:38:58] [1470/1596] Dumping FI_XX_MD_FINSCALE_26MAR2014 ...
[2026-07-13 13:39:02] [1470/1596] OK FI_XX_MD_FINSCALE_26MAR2014
[2026-07-13 13:39:02] [1471/1596] Dumping FI_XX_MD_FINSCALE_27JAN11 ...
[2026-07-13 13:39:05] [1471/1596] OK FI_XX_MD_FINSCALE_27JAN11
[2026-07-13 13:39:05] [1472/1596] Dumping FI_XX_MD_FINSCALE_28APR2011 ...
[2026-07-13 13:39:05] [1472/1596] OK FI_XX_MD_FINSCALE_28APR2011
[2026-07-13 13:39:05] [1473/1596] Dumping FI_XX_MD_FINSCALE_28FEB2011 ...
[2026-07-13 13:39:07] [1473/1596] OK FI_XX_MD_FINSCALE_28FEB2011
[2026-07-13 13:39:07] [1474/1596] Dumping FI_XX_MD_FINSCALE_2P2 ...
[2026-07-13 13:39:07] [1474/1596] OK FI_XX_MD_FINSCALE_2P2
[2026-07-13 13:39:07] [1475/1596] Dumping FI_XX_MD_FINSCALE_6PC ...
[2026-07-13 13:39:08] [1475/1596] OK FI_XX_MD_FINSCALE_6PC
[2026-07-13 13:39:08] [1476/1596] Dumping FI_XX_MD_FINSCALE_6PC_LT ...
[2026-07-13 13:39:10] [1476/1596] OK FI_XX_MD_FINSCALE_6PC_LT
[2026-07-13 13:39:10] [1477/1596] Dumping FI_XX_MD_FINSCALE_ARR ...
[2026-07-13 13:39:15] [1477/1596] OK FI_XX_MD_FINSCALE_ARR
[2026-07-13 13:39:15] [1478/1596] Dumping FI_XX_MD_FINSCALE_ARR_2PT2 ...
[2026-07-13 13:39:16] [1478/1596] OK FI_XX_MD_FINSCALE_ARR_2PT2
[2026-07-13 13:39:16] [1479/1596] Dumping FI_XX_MD_FINSCALE_BCK012023 ...
[2026-07-13 13:39:22] [1479/1596] OK FI_XX_MD_FINSCALE_BCK012023
[2026-07-13 13:39:22] [1480/1596] Dumping FI_XX_MD_FINSCALE_BCK062020 ...
[2026-07-13 13:39:28] [1480/1596] OK FI_XX_MD_FINSCALE_BCK062020
[2026-07-13 13:39:28] [1481/1596] Dumping FI_XX_MD_FINSCALE_BCK082020 ...
[2026-07-13 13:39:35] [1481/1596] OK FI_XX_MD_FINSCALE_BCK082020
[2026-07-13 13:39:35] [1482/1596] Dumping FI_XX_MD_FINSCALE_BCK122022 ...
[2026-07-13 13:39:42] [1482/1596] OK FI_XX_MD_FINSCALE_BCK122022
[2026-07-13 13:39:42] [1483/1596] Dumping FI_XX_MD_FINSCALE_BCK23MAY2020 ...
[2026-07-13 13:39:48] [1483/1596] OK FI_XX_MD_FINSCALE_BCK23MAY2020
[2026-07-13 13:39:48] [1484/1596] Dumping FI_XX_MD_FINSCALE_BK ...
[2026-07-13 13:39:48] [1484/1596] OK FI_XX_MD_FINSCALE_BK
[2026-07-13 13:39:48] [1485/1596] Dumping FI_XX_MD_FINSCALE_BKP ...
[2026-07-13 13:39:52] [1485/1596] OK FI_XX_MD_FINSCALE_BKP
[2026-07-13 13:39:52] [1486/1596] Dumping FI_XX_MD_FINSCALE_BKP_210125 ...
[2026-07-13 13:39:58] [1486/1596] OK FI_XX_MD_FINSCALE_BKP_210125
[2026-07-13 13:39:58] [1487/1596] Dumping FI_XX_MD_FINSCALE_BKUP_080125 ...
[2026-07-13 13:40:05] [1487/1596] OK FI_XX_MD_FINSCALE_BKUP_080125
[2026-07-13 13:40:05] [1488/1596] Dumping FI_XX_MD_FINSCALE_BUNCH ...
[2026-07-13 13:40:05] [1488/1596] OK FI_XX_MD_FINSCALE_BUNCH
[2026-07-13 13:40:05] [1489/1596] Dumping FI_XX_MD_FINSCALE_H ...
[2026-07-13 13:40:08] [1489/1596] OK FI_XX_MD_FINSCALE_H
[2026-07-13 13:40:08] [1490/1596] Dumping FI_XX_MD_FINSCALE_HIS ...
[2026-07-13 13:40:08] [1490/1596] OK FI_XX_MD_FINSCALE_HIS
[2026-07-13 13:40:08] [1491/1596] Dumping FI_XX_MD_FINSCALE_MAR25 ...
[2026-07-13 13:40:14] [1491/1596] OK FI_XX_MD_FINSCALE_MAR25
[2026-07-13 13:40:14] [1492/1596] Dumping FI_XX_MD_FINSCALE_NOV10 ...
[2026-07-13 13:40:17] [1492/1596] OK FI_XX_MD_FINSCALE_NOV10
[2026-07-13 13:40:17] [1493/1596] Dumping FI_XX_MD_FINSCALE_PALAS ...
[2026-07-13 13:40:25] [1493/1596] OK FI_XX_MD_FINSCALE_PALAS
[2026-07-13 13:40:25] [1494/1596] Dumping FI_XX_MD_FINSCALE_PILOT ...
[2026-07-13 13:40:25] [1494/1596] OK FI_XX_MD_FINSCALE_PILOT
[2026-07-13 13:40:25] [1495/1596] Dumping FI_XX_MD_FINSCALE_PILOT_020119 ...
[2026-07-13 13:40:25] [1495/1596] OK FI_XX_MD_FINSCALE_PILOT_020119
[2026-07-13 13:40:25] [1496/1596] Dumping FI_XX_MD_FINSCALE_PILOT_BCK ...
[2026-07-13 13:40:25] [1496/1596] OK FI_XX_MD_FINSCALE_PILOT_BCK
[2026-07-13 13:40:25] [1497/1596] Dumping FI_XX_MD_FINSCALE_PILOT_HIS ...
[2026-07-13 13:40:25] [1497/1596] OK FI_XX_MD_FINSCALE_PILOT_HIS
[2026-07-13 13:40:25] [1498/1596] Dumping FI_XX_MD_FINSCALE_PILOT_WOB ...
[2026-07-13 13:40:25] [1498/1596] OK FI_XX_MD_FINSCALE_PILOT_WOB
[2026-07-13 13:40:25] [1499/1596] Dumping FI_XX_MD_FINSCALE_PILOT_WOB1 ...
[2026-07-13 13:40:26] [1499/1596] OK FI_XX_MD_FINSCALE_PILOT_WOB1
[2026-07-13 13:40:26] [1500/1596] Dumping FI_XX_MD_FINSCALE_REV_OFFICER ...
[2026-07-13 13:40:26] [1500/1596] OK FI_XX_MD_FINSCALE_REV_OFFICER
[2026-07-13 13:40:26] [1501/1596] Dumping FI_XX_MD_FINSCALE_REV_OFFICER2 ...
[2026-07-13 13:40:26] [1501/1596] OK FI_XX_MD_FINSCALE_REV_OFFICER2
[2026-07-13 13:40:26] [1502/1596] Dumping FI_XX_MD_FINSCALE_REV_OFFI_H ...
[2026-07-13 13:40:27] [1502/1596] OK FI_XX_MD_FINSCALE_REV_OFFI_H
[2026-07-13 13:40:27] [1503/1596] Dumping FI_XX_MD_FINSCALE_TANMOY ...
[2026-07-13 13:40:28] [1503/1596] OK FI_XX_MD_FINSCALE_TANMOY
[2026-07-13 13:40:28] [1504/1596] Dumping FI_XX_MD_FINSCALE_TEST1 ...
[2026-07-13 13:40:28] [1504/1596] OK FI_XX_MD_FINSCALE_TEST1
[2026-07-13 13:40:28] [1505/1596] Dumping FI_XX_MD_FINSCALE_WOB ...
[2026-07-13 13:40:28] [1505/1596] OK FI_XX_MD_FINSCALE_WOB
[2026-07-13 13:40:28] [1506/1596] Dumping FI_XX_MD_FINS_BUNCH_HST ...
[2026-07-13 13:40:28] [1506/1596] OK FI_XX_MD_FINS_BUNCH_HST
[2026-07-13 13:40:28] [1507/1596] Dumping FI_XX_MD_FINS_HST ...
[2026-07-13 13:40:29] [1507/1596] OK FI_XX_MD_FINS_HST
[2026-07-13 13:40:29] [1508/1596] Dumping FI_XX_MD_FINS_REV_OFFI_HST ...
[2026-07-13 13:40:29] [1508/1596] OK FI_XX_MD_FINS_REV_OFFI_HST
[2026-07-13 13:40:29] [1509/1596] Dumping FI_XX_MD_LEGAL_HEIR ...
[2026-07-13 13:40:29] [1509/1596] OK FI_XX_MD_LEGAL_HEIR
[2026-07-13 13:40:29] [1510/1596] Dumping FI_XX_MD_NOMINEE ...
[2026-07-13 13:40:29] [1510/1596] OK FI_XX_MD_NOMINEE
[2026-07-13 13:40:29] [1511/1596] Dumping FI_XX_MD_PENS_REGN ...
[2026-07-13 13:40:30] [1511/1596] OK FI_XX_MD_PENS_REGN
[2026-07-13 13:40:30] [1512/1596] Dumping FI_XX_MD_RECRUIT ...
[2026-07-13 13:40:30] [1512/1596] OK FI_XX_MD_RECRUIT
[2026-07-13 13:40:30] [1513/1596] Dumping FI_XX_MD_SPL_PAY_MOS ...
[2026-07-13 13:40:30] [1513/1596] OK FI_XX_MD_SPL_PAY_MOS
[2026-07-13 13:40:30] [1514/1596] Dumping FI_XX_MH_DEPT ...
[2026-07-13 13:40:30] [1514/1596] OK FI_XX_MH_DEPT
[2026-07-13 13:40:30] [1515/1596] Dumping FI_XX_MH_DEPT_RTI ...
[2026-07-13 13:40:30] [1515/1596] OK FI_XX_MH_DEPT_RTI
[2026-07-13 13:40:30] [1516/1596] Dumping FI_XX_MH_DESIG ...
[2026-07-13 13:40:30] [1516/1596] OK FI_XX_MH_DESIG
[2026-07-13 13:40:30] [1517/1596] Dumping FI_XX_MH_EMP_AADHAR ...
[2026-07-13 13:40:30] [1517/1596] OK FI_XX_MH_EMP_AADHAR
[2026-07-13 13:40:30] [1518/1596] Dumping FI_XX_MH_EMP_ADM ...
[2026-07-13 13:40:33] [1518/1596] OK FI_XX_MH_EMP_ADM
[2026-07-13 13:40:33] [1519/1596] Dumping FI_XX_MH_EMP_ADM_012007 ...
[2026-07-13 13:40:35] [1519/1596] OK FI_XX_MH_EMP_ADM_012007
[2026-07-13 13:40:35] [1520/1596] Dumping FI_XX_MH_EMP_ADM_082020 ...
[2026-07-13 13:40:37] [1520/1596] OK FI_XX_MH_EMP_ADM_082020
[2026-07-13 13:40:37] [1521/1596] Dumping FI_XX_MH_EMP_ADM_13032017 ...
[2026-07-13 13:40:38] [1521/1596] OK FI_XX_MH_EMP_ADM_13032017
[2026-07-13 13:40:38] [1522/1596] Dumping FI_XX_MH_EMP_ADM_14032010 ...
[2026-07-13 13:40:38] [1522/1596] OK FI_XX_MH_EMP_ADM_14032010
[2026-07-13 13:40:38] [1523/1596] Dumping FI_XX_MH_EMP_ADM_14032023 ...
[2026-07-13 13:40:39] [1523/1596] OK FI_XX_MH_EMP_ADM_14032023
[2026-07-13 13:40:39] [1524/1596] Dumping FI_XX_MH_EMP_ADM_15032018 ...
[2026-07-13 13:40:39] [1524/1596] OK FI_XX_MH_EMP_ADM_15032018
[2026-07-13 13:40:39] [1525/1596] Dumping FI_XX_MH_EMP_ADM_15032019 ...
[2026-07-13 13:40:39] [1525/1596] OK FI_XX_MH_EMP_ADM_15032019
[2026-07-13 13:40:39] [1526/1596] Dumping FI_XX_MH_EMP_ADM_16032021 ...
[2026-07-13 13:40:39] [1526/1596] OK FI_XX_MH_EMP_ADM_16032021
[2026-07-13 13:40:39] [1527/1596] Dumping FI_XX_MH_EMP_ADM_18062024 ...
[2026-07-13 13:40:40] [1527/1596] OK FI_XX_MH_EMP_ADM_18062024
[2026-07-13 13:40:40] [1528/1596] Dumping FI_XX_MH_EMP_ADM_19032013 ...
[2026-07-13 13:40:40] [1528/1596] OK FI_XX_MH_EMP_ADM_19032013
[2026-07-13 13:40:40] [1529/1596] Dumping FI_XX_MH_EMP_ADM_20032015 ...
[2026-07-13 13:40:41] [1529/1596] OK FI_XX_MH_EMP_ADM_20032015
[2026-07-13 13:40:41] [1530/1596] Dumping FI_XX_MH_EMP_ADM_22032016 ...
[2026-07-13 13:40:41] [1530/1596] OK FI_XX_MH_EMP_ADM_22032016
[2026-07-13 13:40:41] [1531/1596] Dumping FI_XX_MH_EMP_ADM_23042009 ...
[2026-07-13 13:40:41] [1531/1596] OK FI_XX_MH_EMP_ADM_23042009
[2026-07-13 13:40:41] [1532/1596] Dumping FI_XX_MH_EMP_ADM_24022020 ...
[2026-07-13 13:40:42] [1532/1596] OK FI_XX_MH_EMP_ADM_24022020
[2026-07-13 13:40:42] [1533/1596] Dumping FI_XX_MH_EMP_ADM_24032014 ...
[2026-07-13 13:40:42] [1533/1596] OK FI_XX_MH_EMP_ADM_24032014
[2026-07-13 13:40:42] [1534/1596] Dumping FI_XX_MH_EMP_ADM_25042011 ...
[2026-07-13 13:40:43] [1534/1596] OK FI_XX_MH_EMP_ADM_25042011
[2026-07-13 13:40:43] [1535/1596] Dumping FI_XX_MH_EMP_ADM_27032012 ...
[2026-07-13 13:40:43] [1535/1596] OK FI_XX_MH_EMP_ADM_27032012
[2026-07-13 13:40:43] [1536/1596] Dumping FI_XX_MH_EMP_ADM_28042025 ...
[2026-07-13 13:40:43] [1536/1596] OK FI_XX_MH_EMP_ADM_28042025
[2026-07-13 13:40:43] [1537/1596] Dumping FI_XX_MH_EMP_ADM_58 ...
[2026-07-13 13:40:45] [1537/1596] OK FI_XX_MH_EMP_ADM_58
[2026-07-13 13:40:45] [1538/1596] Dumping FI_XX_MH_EMP_ADM_BK ...
[2026-07-13 13:40:48] [1538/1596] OK FI_XX_MH_EMP_ADM_BK
[2026-07-13 13:40:48] [1539/1596] Dumping FI_XX_MH_EMP_ADM_H ...
[2026-07-13 13:40:53] [1539/1596] OK FI_XX_MH_EMP_ADM_H
[2026-07-13 13:40:53] [1540/1596] Dumping FI_XX_MH_EMP_ADM_OLD_022008 ...
[2026-07-13 13:40:56] [1540/1596] OK FI_XX_MH_EMP_ADM_OLD_022008
[2026-07-13 13:40:56] [1541/1596] Dumping FI_XX_MH_EMP_ADM_TEMP_UNION ...
[2026-07-13 13:40:56] [1541/1596] OK FI_XX_MH_EMP_ADM_TEMP_UNION
[2026-07-13 13:40:56] [1542/1596] Dumping FI_XX_MH_EMP_ARR ...
[2026-07-13 13:40:56] [1542/1596] OK FI_XX_MH_EMP_ARR
[2026-07-13 13:40:56] [1543/1596] Dumping FI_XX_MH_EMP_DAT ...
[2026-07-13 13:40:56] [1543/1596] OK FI_XX_MH_EMP_DAT
[2026-07-13 13:40:56] [1544/1596] Dumping FI_XX_MH_EMP_DATA ...
[2026-07-13 13:40:56] [1544/1596] OK FI_XX_MH_EMP_DATA
[2026-07-13 13:40:56] [1545/1596] Dumping FI_XX_MH_EMP_FIN ...
[2026-07-13 13:40:58] [1545/1596] OK FI_XX_MH_EMP_FIN
[2026-07-13 13:40:58] [1546/1596] Dumping FI_XX_MH_EMP_FIN_012023 ...
[2026-07-13 13:41:00] [1546/1596] OK FI_XX_MH_EMP_FIN_012023
[2026-07-13 13:41:00] [1547/1596] Dumping FI_XX_MH_EMP_FIN_082020 ...
[2026-07-13 13:41:02] [1547/1596] OK FI_XX_MH_EMP_FIN_082020
[2026-07-13 13:41:02] [1548/1596] Dumping FI_XX_MH_EMP_FIN_10122009 ...
[2026-07-13 13:41:04] [1548/1596] OK FI_XX_MH_EMP_FIN_10122009
[2026-07-13 13:41:04] [1549/1596] Dumping FI_XX_MH_EMP_FIN_11122009 ...
[2026-07-13 13:41:06] [1549/1596] OK FI_XX_MH_EMP_FIN_11122009
[2026-07-13 13:41:06] [1550/1596] Dumping FI_XX_MH_EMP_FIN_122022 ...
[2026-07-13 13:41:09] [1550/1596] OK FI_XX_MH_EMP_FIN_122022
[2026-07-13 13:41:09] [1551/1596] Dumping FI_XX_MH_EMP_FIN_17082010 ...
[2026-07-13 13:41:10] [1551/1596] OK FI_XX_MH_EMP_FIN_17082010
[2026-07-13 13:41:10] [1552/1596] Dumping FI_XX_MH_EMP_FIN_1997WR ...
[2026-07-13 13:41:12] [1552/1596] OK FI_XX_MH_EMP_FIN_1997WR
[2026-07-13 13:41:12] [1553/1596] Dumping FI_XX_MH_EMP_FIN_2007WR ...
[2026-07-13 13:41:14] [1553/1596] OK FI_XX_MH_EMP_FIN_2007WR
[2026-07-13 13:41:14] [1554/1596] Dumping FI_XX_MH_EMP_FIN_2017WR ...
[2026-07-13 13:41:15] [1554/1596] OK FI_XX_MH_EMP_FIN_2017WR
[2026-07-13 13:41:15] [1555/1596] Dumping FI_XX_MH_EMP_FIN_240125 ...
[2026-07-13 13:41:17] [1555/1596] OK FI_XX_MH_EMP_FIN_240125
[2026-07-13 13:41:17] [1556/1596] Dumping FI_XX_MH_EMP_FIN_BKP_210125 ...
[2026-07-13 13:41:19] [1556/1596] OK FI_XX_MH_EMP_FIN_BKP_210125
[2026-07-13 13:41:19] [1557/1596] Dumping FI_XX_MH_EMP_FIN_BKUP_080125 ...
[2026-07-13 13:41:21] [1557/1596] OK FI_XX_MH_EMP_FIN_BKUP_080125
[2026-07-13 13:41:21] [1558/1596] Dumping FI_XX_MH_EMP_FIN_BKUP_280125 ...
[2026-07-13 13:41:23] [1558/1596] OK FI_XX_MH_EMP_FIN_BKUP_280125
[2026-07-13 13:41:23] [1559/1596] Dumping FI_XX_MH_EMP_FIN_H ...
[2026-07-13 13:41:28] [1559/1596] OK FI_XX_MH_EMP_FIN_H
[2026-07-13 13:41:28] [1560/1596] Dumping FI_XX_MH_EMP_FIN_PALAS ...
[2026-07-13 13:41:30] [1560/1596] OK FI_XX_MH_EMP_FIN_PALAS
[2026-07-13 13:41:30] [1561/1596] Dumping FI_XX_MH_EMP_FIN_REPORT ...
[2026-07-13 13:41:31] [1561/1596] OK FI_XX_MH_EMP_FIN_REPORT
[2026-07-13 13:41:31] [1562/1596] Dumping FI_XX_MH_EMP_FIN_REPORT1 ...
[2026-07-13 13:41:32] [1562/1596] OK FI_XX_MH_EMP_FIN_REPORT1
[2026-07-13 13:41:32] [1563/1596] Dumping FI_XX_MH_EMP_MAX ...
[2026-07-13 13:41:32] [1563/1596] OK FI_XX_MH_EMP_MAX
[2026-07-13 13:41:32] [1564/1596] Dumping FI_XX_MH_EMP_PER ...
[2026-07-13 13:41:35] [1564/1596] OK FI_XX_MH_EMP_PER
[2026-07-13 13:41:35] [1565/1596] Dumping FI_XX_MH_EMP_PER_H ...
[2026-07-13 13:41:36] [1565/1596] OK FI_XX_MH_EMP_PER_H
[2026-07-13 13:41:36] [1566/1596] Dumping FI_XX_MH_EMP_SIGN ...
[2026-07-13 13:41:36] [1566/1596] OK FI_XX_MH_EMP_SIGN
[2026-07-13 13:41:36] [1567/1596] Dumping FI_XX_MH_EMP_TAB ...
[2026-07-13 13:41:36] [1567/1596] OK FI_XX_MH_EMP_TAB
[2026-07-13 13:41:36] [1568/1596] Dumping FI_XX_MH_FIXABS ...
[2026-07-13 13:41:36] [1568/1596] OK FI_XX_MH_FIXABS
[2026-07-13 13:41:36] [1569/1596] Dumping FI_XX_MH_FIXABS_BACKUP ...
[2026-07-13 13:41:37] [1569/1596] OK FI_XX_MH_FIXABS_BACKUP
[2026-07-13 13:41:37] [1570/1596] Dumping FI_XX_MH_FIXABS_BB ...
[2026-07-13 13:41:37] [1570/1596] OK FI_XX_MH_FIXABS_BB
[2026-07-13 13:41:37] [1571/1596] Dumping FI_XX_MH_HOLIDAY ...
[2026-07-13 13:41:37] [1571/1596] OK FI_XX_MH_HOLIDAY
[2026-07-13 13:41:37] [1572/1596] Dumping FI_XX_MH_PAYMODE ...
[2026-07-13 13:41:37] [1572/1596] OK FI_XX_MH_PAYMODE
[2026-07-13 13:41:37] [1573/1596] Dumping FI_XX_MH_RECRUIT ...
[2026-07-13 13:41:37] [1573/1596] FAIL FI_XX_MH_RECRUIT: (1264, "Out of range value for column 'MOBILE_NO' at row 1")
[2026-07-13 13:41:37] [1574/1596] Dumping FI_XX_MH_RETIREMENT ...
[2026-07-13 13:41:37] [1574/1596] OK FI_XX_MH_RETIREMENT
[2026-07-13 13:41:37] [1575/1596] Dumping FI_XX_MH_UOM ...
[2026-07-13 13:41:37] [1575/1596] OK FI_XX_MH_UOM
[2026-07-13 13:41:37] [1576/1596] Dumping FI_XX_MISC_ITEM_MASTER ...
[2026-07-13 13:41:37] [1576/1596] OK FI_XX_MISC_ITEM_MASTER
[2026-07-13 13:41:37] [1577/1596] Dumping FI_XX_PAYMENT_VCH_ITEM_MST ...
[2026-07-13 13:41:37] [1577/1596] OK FI_XX_PAYMENT_VCH_ITEM_MST
[2026-07-13 13:41:37] [1578/1596] Dumping FI_XX_SEC_ID_CARD_080409 ...
[2026-07-13 13:41:38] [1578/1596] OK FI_XX_SEC_ID_CARD_080409
[2026-07-13 13:41:38] [1579/1596] Dumping FI_XX_SEC_ID_CARD_SG ...
[2026-07-13 13:41:38] [1579/1596] OK FI_XX_SEC_ID_CARD_SG
[2026-07-13 13:41:38] [1580/1596] Dumping FI_XX_SEC_ID_CARD_TEST ...
[2026-07-13 13:41:38] [1580/1596] OK FI_XX_SEC_ID_CARD_TEST
[2026-07-13 13:41:38] [1581/1596] Dumping FI_XX_TD_RECRUIT ...
[2026-07-13 13:41:38] [1581/1596] OK FI_XX_TD_RECRUIT
[2026-07-13 13:41:38] [1582/1596] Dumping FI_XX_XX_LOG ...
[2026-07-13 13:41:39] [1582/1596] OK FI_XX_XX_LOG
[2026-07-13 13:41:39] [1583/1596] Dumping FI_XX_XX_M_D_FIN_CTRL ...
[2026-07-13 13:41:39] [1583/1596] OK FI_XX_XX_M_D_FIN_CTRL
[2026-07-13 13:41:39] [1584/1596] Dumping FI_XX_XX_M_D_FIN_CTRL6 ...
[2026-07-13 13:41:39] [1584/1596] OK FI_XX_XX_M_D_FIN_CTRL6
[2026-07-13 13:41:39] [1585/1596] Dumping FI_XX_XX_M_D_FIN_CTRL_2009 ...
[2026-07-13 13:41:39] [1585/1596] OK FI_XX_XX_M_D_FIN_CTRL_2009
[2026-07-13 13:41:39] [1586/1596] Dumping FI_XX_XX_M_D_FIN_CTRL_2010 ...
[2026-07-13 13:41:39] [1586/1596] OK FI_XX_XX_M_D_FIN_CTRL_2010
[2026-07-13 13:41:39] [1587/1596] Dumping FI_XX_XX_M_D_FIN_CTRL_INDR_MN ...
[2026-07-13 13:41:39] [1587/1596] OK FI_XX_XX_M_D_FIN_CTRL_INDR_MN
[2026-07-13 13:41:39] [1588/1596] Dumping FI_XX_XX_M_D_FIN_CTRL_NIC ...
[2026-07-13 13:41:39] [1588/1596] OK FI_XX_XX_M_D_FIN_CTRL_NIC
[2026-07-13 13:41:39] [1589/1596] Dumping FI_XX_XX_M_D_FIN_CTRL_TEST ...
[2026-07-13 13:41:39] [1589/1596] OK FI_XX_XX_M_D_FIN_CTRL_TEST
[2026-07-13 13:41:39] [1590/1596] Dumping FI_XX_XX_M_D_FIN_CTRL_XXX ...
[2026-07-13 13:41:39] [1590/1596] OK FI_XX_XX_M_D_FIN_CTRL_XXX
[2026-07-13 13:41:39] [1591/1596] Dumping FI_XX_XX_M_H_FIN_CTRL ...
[2026-07-13 13:41:39] [1591/1596] OK FI_XX_XX_M_H_FIN_CTRL
[2026-07-13 13:41:39] [1592/1596] Dumping FI_XX_XX_M_H_FIN_CTRL6 ...
[2026-07-13 13:41:40] [1592/1596] OK FI_XX_XX_M_H_FIN_CTRL6
[2026-07-13 13:41:40] [1593/1596] Dumping FI_XX_XX_M_H_FIN_CTRL_INDR_MN ...
[2026-07-13 13:41:40] [1593/1596] OK FI_XX_XX_M_H_FIN_CTRL_INDR_MN
[2026-07-13 13:41:40] [1594/1596] Dumping FI_XX_XX_M_H_FIN_CTRL_TEST ...
[2026-07-13 13:41:40] [1594/1596] OK FI_XX_XX_M_H_FIN_CTRL_TEST
[2026-07-13 13:41:40] [1595/1596] Dumping FI_XX_XX_M_H_SUB_LED ...
[2026-07-13 13:41:40] [1595/1596] OK FI_XX_XX_M_H_SUB_LED
[2026-07-13 13:41:40] [1596/1596] Dumping FI_XX_XX_M_H_TRAN_TYPE ...
[2026-07-13 13:41:40] [1596/1596] OK FI_XX_XX_M_H_TRAN_TYPE
[2026-07-13 13:41:40] Finished. ok=1576, failed=20, elapsed=130.4 min. Progress file: D:\SMPK\SMPK\backend\config\scripts\dump_logs\schema_dump_progress.json
[2026-07-13 13:41:40] Failed tables (20): FI_PN_CVO_DATA, FI_PN_DA_DIFF, FI_PN_DA_DIFF_DTL_LIC, FI_PN_DA_DIFF_LIC, FI_PN_FAMILY_277, FI_PN_FAMILY_277_UPGRADE, FI_PN_FPEN_DTL_ENT, FI_PN_FPEN_HDR_ENT, FI_PN_LIC_MASTER, FI_PN_LIC_MASTER_09022026, FI_PN_LIC_MASTER_101025, FI_PN_LIC_MASTER_140725, FI_PN_LIC_MASTER_HALDIA1125, FI_PN_TD_CON_LIC_NORMAL, FI_PN_TH_CON_LIC_NORMAL, FI_PR_LEAVE_POST_ERR, FI_PR_TA_DTL, FI_PR_WR2017_LTC, FI_XX_EMAIL_ADDR, FI_XX_MH_RECRUIT...
