[2026-08-24 15:50:18] Start dump: 1627 pending of 1627 selected (resume=False, mode=append-upsert, skip_fk=True)
[2026-08-24 15:50:18] [1/1627] Dumping FI_LA_ADV_LVNCSH ...
[2026-08-24 15:50:19] [1/1627] OK FI_LA_ADV_LVNCSH
[2026-08-24 15:50:19] [2/1627] Dumping FI_LA_APPL_DTL ...
[2026-08-24 15:50:21] [2/1627] OK FI_LA_APPL_DTL
[2026-08-24 15:50:21] [3/1627] Dumping FI_LA_APPL_HDR ...
[2026-08-24 15:50:23] [3/1627] OK FI_LA_APPL_HDR
[2026-08-24 15:50:23] [4/1627] Dumping FI_LA_APPL_HDR_FORM ...
[2026-08-24 15:50:25] [4/1627] OK FI_LA_APPL_HDR_FORM
[2026-08-24 15:50:25] [5/1627] Dumping FI_LA_BAL_DAYS ...
[2026-08-24 15:50:27] [5/1627] OK FI_LA_BAL_DAYS
[2026-08-24 15:50:27] [6/1627] Dumping FI_LA_ENCASH_REG ...
[2026-08-24 15:50:32] [6/1627] OK FI_LA_ENCASH_REG
[2026-08-24 15:50:32] [7/1627] Dumping FI_LA_ENCASH_REG_TEST ...
[2026-08-24 15:50:33] [7/1627] OK FI_LA_ENCASH_REG_TEST
[2026-08-24 15:50:33] [8/1627] Dumping FI_LA_ENC_LVBAL ...
[2026-08-24 15:50:36] [8/1627] OK FI_LA_ENC_LVBAL
[2026-08-24 15:50:36] [9/1627] Dumping FI_LA_ENC_LVBAL_TC ...
[2026-08-24 15:50:39] [9/1627] OK FI_LA_ENC_LVBAL_TC
[2026-08-24 15:50:39] [10/1627] Dumping FI_LA_LEAVE_POST_SALARY ...
[2026-08-24 15:52:28] [10/1627] OK FI_LA_LEAVE_POST_SALARY
[2026-08-24 15:52:28] [11/1627] Dumping FI_LA_LEAVE_POST_SALARY_0225 ...
[2026-08-24 15:52:30] [11/1627] OK FI_LA_LEAVE_POST_SALARY_0225
[2026-08-24 15:52:30] [12/1627] Dumping FI_LA_LEAVE_POST_SALARY_PALAS ...
[2026-08-24 15:52:31] [12/1627] OK FI_LA_LEAVE_POST_SALARY_PALAS
[2026-08-24 15:52:31] [13/1627] Dumping FI_LA_LVNCSH_ARREAR ...
[2026-08-24 15:52:33] [13/1627] OK FI_LA_LVNCSH_ARREAR
[2026-08-24 15:52:33] [14/1627] Dumping FI_LA_LV_STATUS ...
[2026-08-24 15:52:35] [14/1627] OK FI_LA_LV_STATUS
[2026-08-24 15:52:35] [15/1627] Dumping FI_LA_MACP_ENCASH ...
[2026-08-24 15:52:37] [15/1627] OK FI_LA_MACP_ENCASH
[2026-08-24 15:52:37] [16/1627] Dumping FI_LA_MD_CRNORMS ...
[2026-08-24 15:52:37] [16/1627] OK FI_LA_MD_CRNORMS
[2026-08-24 15:52:37] [17/1627] Dumping FI_LA_MH_ATTENDTYPE ...
[2026-08-24 15:52:38] [17/1627] OK FI_LA_MH_ATTENDTYPE
[2026-08-24 15:52:38] [18/1627] Dumping FI_LA_MH_BILL_PRINT ...
[2026-08-24 15:52:40] [18/1627] OK FI_LA_MH_BILL_PRINT
[2026-08-24 15:52:40] [19/1627] Dumping FI_LA_MH_CRNORMS ...
[2026-08-24 15:52:41] [19/1627] OK FI_LA_MH_CRNORMS
[2026-08-24 15:52:41] [20/1627] Dumping FI_LA_MH_DRLIMIT ...
[2026-08-24 15:52:42] [20/1627] OK FI_LA_MH_DRLIMIT
[2026-08-24 15:52:42] [21/1627] Dumping FI_LA_MH_LVBAL_MAX ...
[2026-08-24 15:52:42] [21/1627] OK FI_LA_MH_LVBAL_MAX
[2026-08-24 15:52:42] [22/1627] Dumping FI_LA_MH_LVELIG ...
[2026-08-24 15:52:43] [22/1627] OK FI_LA_MH_LVELIG
[2026-08-24 15:52:43] [23/1627] Dumping FI_LA_MH_LVREASON ...
[2026-08-24 15:52:44] [23/1627] OK FI_LA_MH_LVREASON
[2026-08-24 15:52:44] [24/1627] Dumping FI_LA_MH_SANC_EMP ...
[2026-08-24 15:52:46] [24/1627] OK FI_LA_MH_SANC_EMP
[2026-08-24 15:52:46] [25/1627] Dumping FI_LA_MH_USAGE ...
[2026-08-24 15:52:46] [25/1627] OK FI_LA_MH_USAGE
[2026-08-24 15:52:46] [26/1627] Dumping FI_LA_REPORT_STATUS ...
[2026-08-24 15:52:49] [26/1627] OK FI_LA_REPORT_STATUS
[2026-08-24 15:52:49] [27/1627] Dumping FI_LA_SUP_MH_REG ...
[2026-08-24 15:52:51] [27/1627] OK FI_LA_SUP_MH_REG
[2026-08-24 15:52:51] [28/1627] Dumping FI_LA_TD_LVADJ ...
[2026-08-24 15:52:51] [28/1627] OK FI_LA_TD_LVADJ
[2026-08-24 15:52:51] [29/1627] Dumping FI_LA_TD_LVAPPL ...
[2026-08-24 15:52:52] [29/1627] OK FI_LA_TD_LVAPPL
[2026-08-24 15:52:52] [30/1627] Dumping FI_LA_TD_LVAPPL_T ...
[2026-08-24 15:52:53] [30/1627] OK FI_LA_TD_LVAPPL_T
[2026-08-24 15:52:53] [31/1627] Dumping FI_LA_TD_LVNCSH_T ...
[2026-08-24 15:52:54] [31/1627] OK FI_LA_TD_LVNCSH_T
[2026-08-24 15:52:54] [32/1627] Dumping FI_LA_TEMP_LVSTATUS ...
[2026-08-24 15:52:54] [32/1627] OK FI_LA_TEMP_LVSTATUS
[2026-08-24 15:52:55] [33/1627] Dumping FI_LA_TH_EMPLVBAL ...
[2026-08-24 15:53:40] [33/1627] OK FI_LA_TH_EMPLVBAL
[2026-08-24 15:53:40] [34/1627] Dumping FI_LA_TH_ERRLOG ...
[2026-08-24 15:54:17] [34/1627] OK FI_LA_TH_ERRLOG
[2026-08-24 15:54:17] [35/1627] Dumping FI_LA_TH_LVADJ ...
[2026-08-24 15:54:19] [35/1627] OK FI_LA_TH_LVADJ
[2026-08-24 15:54:19] [36/1627] Dumping FI_LA_TH_LVADJUST ...
[2026-08-24 15:54:19] [36/1627] OK FI_LA_TH_LVADJUST
[2026-08-24 15:54:19] [37/1627] Dumping FI_LA_TH_LVADJ_H ...
[2026-08-24 15:54:20] [37/1627] OK FI_LA_TH_LVADJ_H
[2026-08-24 15:54:20] [38/1627] Dumping FI_LA_TH_LVAPPL ...
[2026-08-24 15:57:35] [38/1627] OK FI_LA_TH_LVAPPL
[2026-08-24 15:57:35] [39/1627] Dumping FI_LA_TH_LVAPPL_H ...
[2026-08-24 15:57:44] [39/1627] OK FI_LA_TH_LVAPPL_H
[2026-08-24 15:57:44] [40/1627] Dumping FI_LA_TH_LVAPPL_NEW ...
[2026-08-24 15:57:45] [40/1627] OK FI_LA_TH_LVAPPL_NEW
[2026-08-24 15:57:45] [41/1627] Dumping FI_LA_TH_LVAPPL_PALAS ...
[2026-08-24 15:57:46] [41/1627] OK FI_LA_TH_LVAPPL_PALAS
[2026-08-24 15:57:46] [42/1627] Dumping FI_LA_TH_LVAPPL_UPD_H ...
[2026-08-24 15:57:47] [42/1627] OK FI_LA_TH_LVAPPL_UPD_H
[2026-08-24 15:57:47] [43/1627] Dumping FI_LA_TH_LVCREDIT ...
[2026-08-24 15:59:17] [43/1627] OK FI_LA_TH_LVCREDIT
[2026-08-24 15:59:17] [44/1627] Dumping FI_LA_TH_LVCREDIT_SM ...
[2026-08-24 15:59:17] [44/1627] OK FI_LA_TH_LVCREDIT_SM
[2026-08-24 15:59:17] [45/1627] Dumping FI_LA_TH_LVDEBIT ...
[2026-08-24 16:02:05] [45/1627] OK FI_LA_TH_LVDEBIT
[2026-08-24 16:02:05] [46/1627] Dumping FI_LA_TH_LVDEBIT_SM ...
[2026-08-24 16:02:05] [46/1627] OK FI_LA_TH_LVDEBIT_SM
[2026-08-24 16:02:05] [47/1627] Dumping FI_LA_TH_LVNCSH ...
[2026-08-24 16:02:15] [47/1627] OK FI_LA_TH_LVNCSH
[2026-08-24 16:02:15] [48/1627] Dumping FI_LA_TH_LVNCSH_22012014 ...
[2026-08-24 16:02:21] [48/1627] OK FI_LA_TH_LVNCSH_22012014
[2026-08-24 16:02:21] [49/1627] Dumping FI_LA_TH_LVNCSH_ARR ...
[2026-08-24 16:02:22] [49/1627] OK FI_LA_TH_LVNCSH_ARR
[2026-08-24 16:02:22] [50/1627] Dumping FI_LA_TH_LVNCSH_CY ...
[2026-08-24 16:02:30] [50/1627] OK FI_LA_TH_LVNCSH_CY
[2026-08-24 16:02:30] [51/1627] Dumping FI_LA_TH_LVNCSH_CY_22012014 ...
[2026-08-24 16:02:36] [51/1627] OK FI_LA_TH_LVNCSH_CY_22012014
[2026-08-24 16:02:36] [52/1627] Dumping FI_LA_TH_LVNCSH_ENC_ARR ...
[2026-08-24 16:02:37] [52/1627] OK FI_LA_TH_LVNCSH_ENC_ARR
[2026-08-24 16:02:37] [53/1627] Dumping FI_LA_TH_LVNCSH_ENC_ARR_DOC ...
[2026-08-24 16:02:37] [53/1627] OK FI_LA_TH_LVNCSH_ENC_ARR_DOC
[2026-08-24 16:02:37] [54/1627] Dumping FI_LA_TH_LVNCSH_ENC_ARR_EXT ...
[2026-08-24 16:02:38] [54/1627] OK FI_LA_TH_LVNCSH_ENC_ARR_EXT
[2026-08-24 16:02:38] [55/1627] Dumping FI_LA_TH_LVNCSH_ENC_ARR_OFF ...
[2026-08-24 16:02:39] [55/1627] OK FI_LA_TH_LVNCSH_ENC_ARR_OFF
[2026-08-24 16:02:39] [56/1627] Dumping FI_LA_TH_LVNCSH_ENC_ARR_STAFF ...
[2026-08-24 16:02:40] [56/1627] OK FI_LA_TH_LVNCSH_ENC_ARR_STAFF
[2026-08-24 16:02:40] [57/1627] Dumping FI_LA_TH_LVNCSH_ENC_ARR_TEMP ...
[2026-08-24 16:02:42] [57/1627] OK FI_LA_TH_LVNCSH_ENC_ARR_TEMP
[2026-08-24 16:02:42] [58/1627] Dumping FI_LA_TH_LVNCSH_H ...
[2026-08-24 16:02:43] [58/1627] OK FI_LA_TH_LVNCSH_H
[2026-08-24 16:02:43] [59/1627] Dumping FI_LA_TH_LVNCSH_RET ...
[2026-08-24 16:02:45] [59/1627] OK FI_LA_TH_LVNCSH_RET
[2026-08-24 16:02:45] [60/1627] Dumping FI_LA_TH_LVOPBAL ...
[2026-08-24 16:09:29] [60/1627] OK FI_LA_TH_LVOPBAL
[2026-08-24 16:09:29] [61/1627] Dumping FI_LA_TH_LVOPBAL_SM ...
[2026-08-24 16:09:29] [61/1627] OK FI_LA_TH_LVOPBAL_SM
[2026-08-24 16:09:29] [62/1627] Dumping FI_LA_TH_MTHLVAVAIL ...
[2026-08-24 16:10:27] [62/1627] OK FI_LA_TH_MTHLVAVAIL
[2026-08-24 16:10:27] [63/1627] Dumping FI_LA_TH_PRCSLOG ...
[2026-08-24 16:21:50] [63/1627] OK FI_LA_TH_PRCSLOG
[2026-08-24 16:21:50] [64/1627] Dumping FI_LA_TH_TEMP_LVSTATUS ...
[2026-08-24 16:21:51] [64/1627] OK FI_LA_TH_TEMP_LVSTATUS
[2026-08-24 16:21:51] [65/1627] Dumping FI_LA_WR_ENCASH ...
[2026-08-24 16:21:52] [65/1627] OK FI_LA_WR_ENCASH
[2026-08-24 16:21:52] [66/1627] Dumping FI_LA_WR_ENCASH_NEW ...
[2026-08-24 16:21:54] [66/1627] OK FI_LA_WR_ENCASH_NEW
[2026-08-24 16:21:54] [67/1627] Dumping FI_LA_WR_ENC_WORKSHOP ...
[2026-08-24 16:21:54] [67/1627] OK FI_LA_WR_ENC_WORKSHOP
[2026-08-24 16:21:54] [68/1627] Dumping FI_PM_LIC_DTLS_DATA ...
[2026-08-24 16:21:56] [68/1627] OK FI_PM_LIC_DTLS_DATA
[2026-08-24 16:21:56] [69/1627] Dumping FI_PM_LIC_DTLS_DATA_2 ...
[2026-08-24 16:21:56] [69/1627] OK FI_PM_LIC_DTLS_DATA_2
[2026-08-24 16:21:56] [70/1627] Dumping FI_PM_MD_FAMILY ...
[2026-08-24 16:22:07] [70/1627] OK FI_PM_MD_FAMILY
[2026-08-24 16:22:07] [71/1627] Dumping FI_PM_MD_PAYSCALE ...
[2026-08-24 16:22:09] [71/1627] OK FI_PM_MD_PAYSCALE
[2026-08-24 16:22:09] [72/1627] Dumping FI_PM_MD_PAYSCALE_6PC ...
[2026-08-24 16:22:10] [72/1627] OK FI_PM_MD_PAYSCALE_6PC
[2026-08-24 16:22:10] [73/1627] Dumping FI_PM_MD_RSTYPEARN ...
[2026-08-24 16:22:10] [73/1627] OK FI_PM_MD_RSTYPEARN
[2026-08-24 16:22:11] [74/1627] Dumping FI_PM_MD_SCALEMAP ...
[2026-08-24 16:22:12] [74/1627] OK FI_PM_MD_SCALEMAP
[2026-08-24 16:22:12] [75/1627] Dumping FI_PM_MH_BANK ...
[2026-08-24 16:22:14] [75/1627] OK FI_PM_MH_BANK
[2026-08-24 16:22:14] [76/1627] Dumping FI_PM_MH_BANKABBR ...
[2026-08-24 16:22:14] [76/1627] OK FI_PM_MH_BANKABBR
[2026-08-24 16:22:14] [77/1627] Dumping FI_PM_MH_BANK_MAX ...
[2026-08-24 16:22:15] [77/1627] OK FI_PM_MH_BANK_MAX
[2026-08-24 16:22:15] [78/1627] Dumping FI_PM_MH_BANK_NEW ...
[2026-08-24 16:22:17] [78/1627] OK FI_PM_MH_BANK_NEW
[2026-08-24 16:22:17] [79/1627] Dumping FI_PM_MH_CHNGTYPE ...
[2026-08-24 16:22:18] [79/1627] OK FI_PM_MH_CHNGTYPE
[2026-08-24 16:22:18] [80/1627] Dumping FI_PM_MH_EARNDEDN ...
[2026-08-24 16:22:19] [80/1627] OK FI_PM_MH_EARNDEDN
[2026-08-24 16:22:19] [81/1627] Dumping FI_PM_MH_EARNDEDN_080517 ...
[2026-08-24 16:22:20] [81/1627] OK FI_PM_MH_EARNDEDN_080517
[2026-08-24 16:22:20] [82/1627] Dumping FI_PM_MH_EARNDEDN_1997WR ...
[2026-08-24 16:22:20] [82/1627] OK FI_PM_MH_EARNDEDN_1997WR
[2026-08-24 16:22:20] [83/1627] Dumping FI_PM_MH_EARNDEDN_2007WR ...
[2026-08-24 16:22:21] [83/1627] OK FI_PM_MH_EARNDEDN_2007WR
[2026-08-24 16:22:21] [84/1627] Dumping FI_PM_MH_EARNDEDN_BAK ...
[2026-08-24 16:22:21] [84/1627] OK FI_PM_MH_EARNDEDN_BAK
[2026-08-24 16:22:21] [85/1627] Dumping FI_PM_MH_EMPLINK ...
[2026-08-24 16:22:26] [85/1627] OK FI_PM_MH_EMPLINK
[2026-08-24 16:22:26] [86/1627] Dumping FI_PM_MH_EMPLINK_08032018 ...
[2026-08-24 16:22:30] [86/1627] OK FI_PM_MH_EMPLINK_08032018
[2026-08-24 16:22:30] [87/1627] Dumping FI_PM_MH_ERNDEDNGRP ...
[2026-08-24 16:22:30] [87/1627] OK FI_PM_MH_ERNDEDNGRP
[2026-08-24 16:22:30] [88/1627] Dumping FI_PM_MH_PAYSCALE ...
[2026-08-24 16:22:31] [88/1627] OK FI_PM_MH_PAYSCALE
[2026-08-24 16:22:31] [89/1627] Dumping FI_PM_MH_PAYSCALE_6PC ...
[2026-08-24 16:22:31] [89/1627] OK FI_PM_MH_PAYSCALE_6PC
[2026-08-24 16:22:31] [90/1627] Dumping FI_PM_MH_PAYS_HIST ...
[2026-08-24 16:22:32] [90/1627] OK FI_PM_MH_PAYS_HIST
[2026-08-24 16:22:32] [91/1627] Dumping FI_PM_MH_PENS_RELATION ...
[2026-08-24 16:22:33] [91/1627] OK FI_PM_MH_PENS_RELATION
[2026-08-24 16:22:33] [92/1627] Dumping FI_PM_MH_RELATION ...
[2026-08-24 16:22:34] [92/1627] OK FI_PM_MH_RELATION
[2026-08-24 16:22:34] [93/1627] Dumping FI_PM_MH_RSTYPE ...
[2026-08-24 16:22:34] [93/1627] OK FI_PM_MH_RSTYPE
[2026-08-24 16:22:34] [94/1627] Dumping FI_PM_MH_SCALEMAP ...
[2026-08-24 16:22:35] [94/1627] OK FI_PM_MH_SCALEMAP
[2026-08-24 16:22:35] [95/1627] Dumping FI_PM_MH_WAGE_REV ...
[2026-08-24 16:22:35] [95/1627] OK FI_PM_MH_WAGE_REV
[2026-08-24 16:22:35] [96/1627] Dumping FI_PN_2013_EMP_HDC ...
[2026-08-24 16:22:37] [96/1627] OK FI_PN_2013_EMP_HDC
[2026-08-24 16:22:37] [97/1627] Dumping FI_PN_2013_EMP_KDS ...
[2026-08-24 16:22:39] [97/1627] OK FI_PN_2013_EMP_KDS
[2026-08-24 16:22:39] [98/1627] Dumping FI_PN_2610 ...
[2026-08-24 16:22:41] [98/1627] OK FI_PN_2610
[2026-08-24 16:22:41] [99/1627] Dumping FI_PN_451_BANK_DTLS ...
[2026-08-24 16:22:42] [99/1627] OK FI_PN_451_BANK_DTLS
[2026-08-24 16:22:42] [100/1627] Dumping FI_PN_AADHAR_LOAD ...
[2026-08-24 16:22:42] [100/1627] OK FI_PN_AADHAR_LOAD
[2026-08-24 16:22:42] [101/1627] Dumping FI_PN_ACP_BILL ...
[2026-08-24 16:22:43] [101/1627] OK FI_PN_ACP_BILL
[2026-08-24 16:22:43] [102/1627] Dumping FI_PN_ADDR_ADD ...
[2026-08-24 16:22:45] [102/1627] OK FI_PN_ADDR_ADD
[2026-08-24 16:22:45] [103/1627] Dumping FI_PN_AGE_ANALYSIS ...
[2026-08-24 16:22:48] [103/1627] OK FI_PN_AGE_ANALYSIS
[2026-08-24 16:22:48] [104/1627] Dumping FI_PN_AGE_ANALYSIS_OFF ...
[2026-08-24 16:22:48] [104/1627] OK FI_PN_AGE_ANALYSIS_OFF
[2026-08-24 16:22:48] [105/1627] Dumping FI_PN_AGE_STAT ...
[2026-08-24 16:22:49] [105/1627] OK FI_PN_AGE_STAT
[2026-08-24 16:22:49] [106/1627] Dumping FI_PN_ALL_WAGE_PENSIONER ...
[2026-08-24 16:22:57] [106/1627] OK FI_PN_ALL_WAGE_PENSIONER
[2026-08-24 16:22:57] [107/1627] Dumping FI_PN_AMT_RCECV_OLD ...
[2026-08-24 16:22:58] [107/1627] OK FI_PN_AMT_RCECV_OLD
[2026-08-24 16:22:58] [108/1627] Dumping FI_PN_ANNUITY_LIST ...
[2026-08-24 16:22:59] [108/1627] OK FI_PN_ANNUITY_LIST
[2026-08-24 16:22:59] [109/1627] Dumping FI_PN_ARREAR_CON_FAM_BILL ...
[2026-08-24 16:23:00] [109/1627] OK FI_PN_ARREAR_CON_FAM_BILL
[2026-08-24 16:23:00] [110/1627] Dumping FI_PN_ARREAR_DEATH_2NDLOT ...
[2026-08-24 16:23:01] [110/1627] OK FI_PN_ARREAR_DEATH_2NDLOT
[2026-08-24 16:23:01] [111/1627] Dumping FI_PN_ARR_CASE30_BILL_HIST ...
[2026-08-24 16:23:01] [111/1627] OK FI_PN_ARR_CASE30_BILL_HIST
[2026-08-24 16:23:01] [112/1627] Dumping FI_PN_ARR_CON_BILL ...
[2026-08-24 16:23:10] [112/1627] OK FI_PN_ARR_CON_BILL
[2026-08-24 16:23:10] [113/1627] Dumping FI_PN_ARR_CON_BILL_BACK ...
[2026-08-24 16:23:19] [113/1627] OK FI_PN_ARR_CON_BILL_BACK
[2026-08-24 16:23:19] [114/1627] Dumping FI_PN_ARR_CON_BILL_DEATH ...
[2026-08-24 16:23:20] [114/1627] OK FI_PN_ARR_CON_BILL_DEATH
[2026-08-24 16:23:20] [115/1627] Dumping FI_PN_ARR_CON_BILL_HIST ...
[2026-08-24 16:23:29] [115/1627] OK FI_PN_ARR_CON_BILL_HIST
[2026-08-24 16:23:29] [116/1627] Dumping FI_PN_ARR_CON_BILL_OFFICER ...
[2026-08-24 16:23:30] [116/1627] OK FI_PN_ARR_CON_BILL_OFFICER
[2026-08-24 16:23:30] [117/1627] Dumping FI_PN_ARR_CON_BILL_SANDIP ...
[2026-08-24 16:23:31] [117/1627] OK FI_PN_ARR_CON_BILL_SANDIP
[2026-08-24 16:23:31] [118/1627] Dumping FI_PN_ARR_CON_NORMAL_BILL ...
[2026-08-24 16:23:31] [118/1627] OK FI_PN_ARR_CON_NORMAL_BILL
[2026-08-24 16:23:31] [119/1627] Dumping FI_PN_ARR_RECOV ...
[2026-08-24 16:23:32] [119/1627] OK FI_PN_ARR_RECOV
[2026-08-24 16:23:32] [120/1627] Dumping FI_PN_BANK_DATA_SBI ...
[2026-08-24 16:23:36] [120/1627] OK FI_PN_BANK_DATA_SBI
[2026-08-24 16:23:36] [121/1627] Dumping FI_PN_BANK_DATA_UBI ...
[2026-08-24 16:23:38] [121/1627] OK FI_PN_BANK_DATA_UBI
[2026-08-24 16:23:38] [122/1627] Dumping FI_PN_BILL_LIC ...
[2026-08-24 16:23:39] [122/1627] OK FI_PN_BILL_LIC
[2026-08-24 16:23:39] [123/1627] Dumping FI_PN_BILL_LIC_MAIN ...
[2026-08-24 16:23:40] [123/1627] OK FI_PN_BILL_LIC_MAIN
[2026-08-24 16:23:40] [124/1627] Dumping FI_PN_BUNCH_DTL_FAMILY ...
[2026-08-24 16:23:40] [124/1627] OK FI_PN_BUNCH_DTL_FAMILY
[2026-08-24 16:23:40] [125/1627] Dumping FI_PN_BUNCH_HDR_FAMILY ...
[2026-08-24 16:23:41] [125/1627] OK FI_PN_BUNCH_HDR_FAMILY
[2026-08-24 16:23:41] [126/1627] Dumping FI_PN_CAL_ARREAR2P2 ...
[2026-08-24 16:23:41] [126/1627] OK FI_PN_CAL_ARREAR2P2
[2026-08-24 16:23:41] [127/1627] Dumping FI_PN_CAL_ARREAR2P2_BAK ...
[2026-08-24 16:23:42] [127/1627] OK FI_PN_CAL_ARREAR2P2_BAK
[2026-08-24 16:23:42] [128/1627] Dumping FI_PN_CASE_TYP_MAST ...
[2026-08-24 16:23:42] [128/1627] OK FI_PN_CASE_TYP_MAST
[2026-08-24 16:23:42] [129/1627] Dumping FI_PN_CONTRI_OUTDOOR ...
[2026-08-24 16:23:45] [129/1627] OK FI_PN_CONTRI_OUTDOOR
[2026-08-24 16:23:45] [130/1627] Dumping FI_PN_CONTR_GRAT_MASTER ...
[2026-08-24 16:23:45] [130/1627] OK FI_PN_CONTR_GRAT_MASTER
[2026-08-24 16:23:45] [131/1627] Dumping FI_PN_CONTR_GRAT_MASTER_BKP ...
[2026-08-24 16:23:46] [131/1627] OK FI_PN_CONTR_GRAT_MASTER_BKP
[2026-08-24 16:23:46] [132/1627] Dumping FI_PN_CONTR_MASTER ...
[2026-08-24 16:23:47] [132/1627] OK FI_PN_CONTR_MASTER
[2026-08-24 16:23:47] [133/1627] Dumping FI_PN_CON_FAM_EMP_NULL ...
[2026-08-24 16:23:47] [133/1627] OK FI_PN_CON_FAM_EMP_NULL
[2026-08-24 16:23:47] [134/1627] Dumping FI_PN_CON_REV_PAYSCALE ...
[2026-08-24 16:23:48] [134/1627] OK FI_PN_CON_REV_PAYSCALE
[2026-08-24 16:23:48] [135/1627] Dumping FI_PN_CURRENT_CPI ...
[2026-08-24 16:23:48] [135/1627] OK FI_PN_CURRENT_CPI
[2026-08-24 16:23:48] [136/1627] Dumping FI_PN_CURR_EMP_HDC ...
[2026-08-24 16:23:50] [136/1627] OK FI_PN_CURR_EMP_HDC
[2026-08-24 16:23:50] [137/1627] Dumping FI_PN_CURR_EMP_KDS ...
[2026-08-24 16:23:53] [137/1627] OK FI_PN_CURR_EMP_KDS
[2026-08-24 16:23:53] [138/1627] Dumping FI_PN_CVO_DATA ...
[2026-08-24 16:24:06] [138/1627] OK FI_PN_CVO_DATA
[2026-08-24 16:24:06] [139/1627] Dumping FI_PN_CVO_DATA_TAN ...
[2026-08-24 16:24:17] [139/1627] OK FI_PN_CVO_DATA_TAN
[2026-08-24 16:24:17] [140/1627] Dumping FI_PN_DA_CAL_DTL ...
[2026-08-24 16:24:18] [140/1627] OK FI_PN_DA_CAL_DTL
[2026-08-24 16:24:18] [141/1627] Dumping FI_PN_DA_CAL_HDR ...
[2026-08-24 16:24:18] [141/1627] OK FI_PN_DA_CAL_HDR
[2026-08-24 16:24:18] [142/1627] Dumping FI_PN_DA_DIFF ...
[2026-08-24 16:24:20] [142/1627] OK FI_PN_DA_DIFF
[2026-08-24 16:24:20] [143/1627] Dumping FI_PN_DA_DIFF_2024 ...
[2026-08-24 16:24:23] [143/1627] OK FI_PN_DA_DIFF_2024
[2026-08-24 16:24:23] [144/1627] Dumping FI_PN_DA_DIFF_2024_LIC ...
[2026-08-24 16:24:30] [144/1627] OK FI_PN_DA_DIFF_2024_LIC
[2026-08-24 16:24:30] [145/1627] Dumping FI_PN_DA_DIFF_2024_NOTPAID ...
[2026-08-24 16:24:33] [145/1627] OK FI_PN_DA_DIFF_2024_NOTPAID
[2026-08-24 16:24:33] [146/1627] Dumping FI_PN_DA_DIFF_2024_SUM ...
[2026-08-24 16:24:35] [146/1627] OK FI_PN_DA_DIFF_2024_SUM
[2026-08-24 16:24:35] [147/1627] Dumping FI_PN_DA_DIFF_DTL ...
[2026-08-24 16:24:50] [147/1627] OK FI_PN_DA_DIFF_DTL
[2026-08-24 16:24:50] [148/1627] Dumping FI_PN_DA_DIFF_DTL_LIC ...
[2026-08-24 16:25:49] [148/1627] OK FI_PN_DA_DIFF_DTL_LIC
[2026-08-24 16:25:49] [149/1627] Dumping FI_PN_DA_DIFF_LIC ...
[2026-08-24 16:25:55] [149/1627] OK FI_PN_DA_DIFF_LIC
[2026-08-24 16:25:55] [150/1627] Dumping FI_PN_DA_RECOV ...
[2026-08-24 16:25:59] [150/1627] OK FI_PN_DA_RECOV
[2026-08-24 16:25:59] [151/1627] Dumping FI_PN_DEATH_ARR_BILL ...
[2026-08-24 16:26:00] [151/1627] OK FI_PN_DEATH_ARR_BILL
[2026-08-24 16:26:00] [152/1627] Dumping FI_PN_DEATH_ARR_BILL_BKP ...
[2026-08-24 16:26:02] [152/1627] OK FI_PN_DEATH_ARR_BILL_BKP
[2026-08-24 16:26:02] [153/1627] Dumping FI_PN_DEATH_ARR_BILL_HIST ...
[2026-08-24 16:26:03] [153/1627] OK FI_PN_DEATH_ARR_BILL_HIST
[2026-08-24 16:26:03] [154/1627] Dumping FI_PN_DEATH_ARR_BILL_LIC ...
[2026-08-24 16:26:04] [154/1627] OK FI_PN_DEATH_ARR_BILL_LIC
[2026-08-24 16:26:04] [155/1627] Dumping FI_PN_DEATH_ARR_BILL_SANDIP ...
[2026-08-24 16:26:05] [155/1627] OK FI_PN_DEATH_ARR_BILL_SANDIP
[2026-08-24 16:26:05] [156/1627] Dumping FI_PN_DEATH_LIC_NOMN ...
[2026-08-24 16:26:06] [156/1627] OK FI_PN_DEATH_LIC_NOMN
[2026-08-24 16:26:06] [157/1627] Dumping FI_PN_DEATH_LOAD ...
[2026-08-24 16:26:07] [157/1627] OK FI_PN_DEATH_LOAD
[2026-08-24 16:26:07] [158/1627] Dumping FI_PN_DEATH_PART1 ...
[2026-08-24 16:26:07] [158/1627] OK FI_PN_DEATH_PART1
[2026-08-24 16:26:07] [159/1627] Dumping FI_PN_DEATH_PART2 ...
[2026-08-24 16:26:09] [159/1627] OK FI_PN_DEATH_PART2
[2026-08-24 16:26:09] [160/1627] Dumping FI_PN_DEC_2023 ...
[2026-08-24 16:26:10] [160/1627] OK FI_PN_DEC_2023
[2026-08-24 16:26:10] [161/1627] Dumping FI_PN_DEC_DATA ...
[2026-08-24 16:26:12] [161/1627] OK FI_PN_DEC_DATA
[2026-08-24 16:26:12] [162/1627] Dumping FI_PN_DEC_DATA_LOAD ...
[2026-08-24 16:26:13] [162/1627] OK FI_PN_DEC_DATA_LOAD
[2026-08-24 16:26:13] [163/1627] Dumping FI_PN_DEPEND_DAUGHTER ...
[2026-08-24 16:26:14] [163/1627] OK FI_PN_DEPEND_DAUGHTER
[2026-08-24 16:26:14] [164/1627] Dumping FI_PN_DPS_DATA_INS_PENSION ...
[2026-08-24 16:26:14] [164/1627] OK FI_PN_DPS_DATA_INS_PENSION
[2026-08-24 16:26:14] [165/1627] Dumping FI_PN_ECS_TRAN ...
[2026-08-24 16:26:15] [165/1627] OK FI_PN_ECS_TRAN
[2026-08-24 16:26:15] [166/1627] Dumping FI_PN_FAMILY_277 ...
[2026-08-24 16:26:15] [166/1627] OK FI_PN_FAMILY_277
[2026-08-24 16:26:16] [167/1627] Dumping FI_PN_FAMILY_277_DTL ...
[2026-08-24 16:26:16] [167/1627] OK FI_PN_FAMILY_277_DTL
[2026-08-24 16:26:16] [168/1627] Dumping FI_PN_FAMILY_277_UPGRADE ...
[2026-08-24 16:26:18] [168/1627] OK FI_PN_FAMILY_277_UPGRADE
[2026-08-24 16:26:18] [169/1627] Dumping FI_PN_FAMILY_277_UPGRADE_DTL ...
[2026-08-24 16:26:22] [169/1627] OK FI_PN_FAMILY_277_UPGRADE_DTL
[2026-08-24 16:26:22] [170/1627] Dumping FI_PN_FAMILY_CASE_UPD ...
[2026-08-24 16:26:23] [170/1627] OK FI_PN_FAMILY_CASE_UPD
[2026-08-24 16:26:23] [171/1627] Dumping FI_PN_FAMILY_LOAD ...
[2026-08-24 16:26:28] [171/1627] OK FI_PN_FAMILY_LOAD
[2026-08-24 16:26:28] [172/1627] Dumping FI_PN_FAMILY_STAT ...
[2026-08-24 16:26:35] [172/1627] OK FI_PN_FAMILY_STAT
[2026-08-24 16:26:35] [173/1627] Dumping FI_PN_FAMILY_UPDATE ...
[2026-08-24 16:26:37] [173/1627] OK FI_PN_FAMILY_UPDATE
[2026-08-24 16:26:37] [174/1627] Dumping FI_PN_FIRST_MONTH_FPENSION_BK ...
[2026-08-24 16:26:52] [174/1627] OK FI_PN_FIRST_MONTH_FPENSION_BK
[2026-08-24 16:26:52] [175/1627] Dumping FI_PN_FIRST_SLAB_RECOVERY ...
[2026-08-24 16:26:52] [175/1627] OK FI_PN_FIRST_SLAB_RECOVERY
[2026-08-24 16:26:52] [176/1627] Dumping FI_PN_FPEN_AMT ...
[2026-08-24 16:26:55] [176/1627] OK FI_PN_FPEN_AMT
[2026-08-24 16:26:55] [177/1627] Dumping FI_PN_FPEN_DOCU_ENT ...
[2026-08-24 16:26:55] [177/1627] OK FI_PN_FPEN_DOCU_ENT
[2026-08-24 16:26:55] [178/1627] Dumping FI_PN_FPEN_DTL_ENT ...
[2026-08-24 16:26:56] [178/1627] FAIL FI_PN_FPEN_DTL_ENT: (1264, "Out of range value for column 'PH_NO' at row 1")
[2026-08-24 16:26:56] [179/1627] Dumping FI_PN_FPEN_HDR_ENT ...
[2026-08-24 16:26:57] [179/1627] FAIL FI_PN_FPEN_HDR_ENT: (1264, "Out of range value for column 'PH_NO' at row 1")
[2026-08-24 16:26:57] [180/1627] Dumping FI_PN_FULL_PEN_DTL ...
[2026-08-24 16:27:00] [180/1627] OK FI_PN_FULL_PEN_DTL
[2026-08-24 16:27:00] [181/1627] Dumping FI_PN_FULL_PEN_DTL_198 ...
[2026-08-24 16:27:04] [181/1627] OK FI_PN_FULL_PEN_DTL_198
[2026-08-24 16:27:04] [182/1627] Dumping FI_PN_FULL_PEN_HDR ...
[2026-08-24 16:27:05] [182/1627] OK FI_PN_FULL_PEN_HDR
[2026-08-24 16:27:05] [183/1627] Dumping FI_PN_FULL_PEN_HDR_198 ...
[2026-08-24 16:27:05] [183/1627] OK FI_PN_FULL_PEN_HDR_198
[2026-08-24 16:27:05] [184/1627] Dumping FI_PN_GRAT_ARREAR ...
[2026-08-24 16:27:06] [184/1627] OK FI_PN_GRAT_ARREAR
[2026-08-24 16:27:06] [185/1627] Dumping FI_PN_GRAT_ARREAR_EARN ...
[2026-08-24 16:27:06] [185/1627] OK FI_PN_GRAT_ARREAR_EARN
[2026-08-24 16:27:06] [186/1627] Dumping FI_PN_HDC_DATA_UPD1 ...
[2026-08-24 16:27:07] [186/1627] OK FI_PN_HDC_DATA_UPD1
[2026-08-24 16:27:07] [187/1627] Dumping FI_PN_HDC_DATA_UPD2 ...
[2026-08-24 16:27:10] [187/1627] OK FI_PN_HDC_DATA_UPD2
[2026-08-24 16:27:10] [188/1627] Dumping FI_PN_HDC_LOAD ...
[2026-08-24 16:27:10] [188/1627] OK FI_PN_HDC_LOAD
[2026-08-24 16:27:10] [189/1627] Dumping FI_PN_HDR_OFFI2_DEATH ...
[2026-08-24 16:27:11] [189/1627] OK FI_PN_HDR_OFFI2_DEATH
[2026-08-24 16:27:11] [190/1627] Dumping FI_PN_HDR_THIRD_DEATH ...
[2026-08-24 16:27:13] [190/1627] OK FI_PN_HDR_THIRD_DEATH
[2026-08-24 16:27:13] [191/1627] Dumping FI_PN_HOSP_1 ...
[2026-08-24 16:27:13] [191/1627] OK FI_PN_HOSP_1
[2026-08-24 16:27:13] [192/1627] Dumping FI_PN_HOSP_2 ...
[2026-08-24 16:27:14] [192/1627] OK FI_PN_HOSP_2
[2026-08-24 16:27:14] [193/1627] Dumping FI_PN_HOSP_200824 ...
[2026-08-24 16:27:15] [193/1627] OK FI_PN_HOSP_200824
[2026-08-24 16:27:15] [194/1627] Dumping FI_PN_HOSP_DEPEND ...
[2026-08-24 16:27:17] [194/1627] OK FI_PN_HOSP_DEPEND
[2026-08-24 16:27:17] [195/1627] Dumping FI_PN_HOSP_DEPEND_1 ...
[2026-08-24 16:27:18] [195/1627] OK FI_PN_HOSP_DEPEND_1
[2026-08-24 16:27:18] [196/1627] Dumping FI_PN_HOSP_DEPEND_2 ...
[2026-08-24 16:27:20] [196/1627] OK FI_PN_HOSP_DEPEND_2
[2026-08-24 16:27:20] [197/1627] Dumping FI_PN_HOSP_DUPLICATE_CASE ...
[2026-08-24 16:27:20] [197/1627] OK FI_PN_HOSP_DUPLICATE_CASE
[2026-08-24 16:27:20] [198/1627] Dumping FI_PN_HOSP_DUP_CASE ...
[2026-08-24 16:27:21] [198/1627] OK FI_PN_HOSP_DUP_CASE
[2026-08-24 16:27:21] [199/1627] Dumping FI_PN_HOSP_DUP_CASE_1 ...
[2026-08-24 16:27:21] [199/1627] OK FI_PN_HOSP_DUP_CASE_1
[2026-08-24 16:27:21] [200/1627] Dumping FI_PN_HOSP_EXCLUSIVE ...
[2026-08-24 16:27:23] [200/1627] OK FI_PN_HOSP_EXCLUSIVE
[2026-08-24 16:27:23] [201/1627] Dumping FI_PN_HOSP_EXCLUSIVE_1 ...
[2026-08-24 16:27:26] [201/1627] OK FI_PN_HOSP_EXCLUSIVE_1
[2026-08-24 16:27:26] [202/1627] Dumping FI_PN_HOSP_EXCLUSIVE_2 ...
[2026-08-24 16:27:29] [202/1627] OK FI_PN_HOSP_EXCLUSIVE_2
[2026-08-24 16:27:29] [203/1627] Dumping FI_PN_HOSP_FAMILY ...
[2026-08-24 16:27:31] [203/1627] OK FI_PN_HOSP_FAMILY
[2026-08-24 16:27:31] [204/1627] Dumping FI_PN_HOSP_MED_BENEFIT ...
[2026-08-24 16:27:33] [204/1627] OK FI_PN_HOSP_MED_BENEFIT
[2026-08-24 16:27:33] [205/1627] Dumping FI_PN_HOSP_MED_BENEFIT_UPDT ...
[2026-08-24 16:27:35] [205/1627] OK FI_PN_HOSP_MED_BENEFIT_UPDT
[2026-08-24 16:27:35] [206/1627] Dumping FI_PN_HOSP_MED_BENEFIT_UPDT2 ...
[2026-08-24 16:27:37] [206/1627] OK FI_PN_HOSP_MED_BENEFIT_UPDT2
[2026-08-24 16:27:37] [207/1627] Dumping FI_PN_HOSP_MED_UPDT_DOD ...
[2026-08-24 16:27:39] [207/1627] OK FI_PN_HOSP_MED_UPDT_DOD
[2026-08-24 16:27:39] [208/1627] Dumping FI_PN_HOSP_PAHARI ...
[2026-08-24 16:27:43] [208/1627] OK FI_PN_HOSP_PAHARI
[2026-08-24 16:27:43] [209/1627] Dumping FI_PN_HOSP_RE_CASE ...
[2026-08-24 16:27:45] [209/1627] OK FI_PN_HOSP_RE_CASE
[2026-08-24 16:27:45] [210/1627] Dumping FI_PN_HOSP_RE_CASE_1 ...
[2026-08-24 16:27:47] [210/1627] OK FI_PN_HOSP_RE_CASE_1
[2026-08-24 16:27:47] [211/1627] Dumping FI_PN_HOSP_SHANJIV ...
[2026-08-24 16:27:50] [211/1627] OK FI_PN_HOSP_SHANJIV
[2026-08-24 16:27:50] [212/1627] Dumping FI_PN_HOSP_SHANJIV_1 ...
[2026-08-24 16:27:55] [212/1627] OK FI_PN_HOSP_SHANJIV_1
[2026-08-24 16:27:55] [213/1627] Dumping FI_PN_HOSP_WRONG_CASE ...
[2026-08-24 16:27:57] [213/1627] OK FI_PN_HOSP_WRONG_CASE
[2026-08-24 16:27:57] [214/1627] Dumping FI_PN_INTERIM_RLF_CHART ...
[2026-08-24 16:27:58] [214/1627] OK FI_PN_INTERIM_RLF_CHART
[2026-08-24 16:27:58] [215/1627] Dumping FI_PN_INTERIM_RLF_MASTER ...
[2026-08-24 16:27:59] [215/1627] OK FI_PN_INTERIM_RLF_MASTER
[2026-08-24 16:27:59] [216/1627] Dumping FI_PN_IT_CAL_2010_11 ...
[2026-08-24 16:28:08] [216/1627] OK FI_PN_IT_CAL_2010_11
[2026-08-24 16:28:08] [217/1627] Dumping FI_PN_IT_CAL_2011_12 ...
[2026-08-24 16:28:20] [217/1627] OK FI_PN_IT_CAL_2011_12
[2026-08-24 16:28:20] [218/1627] Dumping FI_PN_IT_CAL_2011_12_HIS ...
[2026-08-24 16:28:28] [218/1627] OK FI_PN_IT_CAL_2011_12_HIS
[2026-08-24 16:28:28] [219/1627] Dumping FI_PN_IT_CAL_2012_13 ...
[2026-08-24 16:28:36] [219/1627] OK FI_PN_IT_CAL_2012_13
[2026-08-24 16:28:36] [220/1627] Dumping FI_PN_IT_CAL_2012_13_BK ...
[2026-08-24 16:28:45] [220/1627] OK FI_PN_IT_CAL_2012_13_BK
[2026-08-24 16:28:45] [221/1627] Dumping FI_PN_IT_CAL_2013_14 ...
[2026-08-24 16:28:55] [221/1627] OK FI_PN_IT_CAL_2013_14
[2026-08-24 16:28:55] [222/1627] Dumping FI_PN_IT_CAL_2014_15 ...
[2026-08-24 16:29:04] [222/1627] OK FI_PN_IT_CAL_2014_15
[2026-08-24 16:29:04] [223/1627] Dumping FI_PN_IT_CAL_2015_16 ...
[2026-08-24 16:29:13] [223/1627] OK FI_PN_IT_CAL_2015_16
[2026-08-24 16:29:13] [224/1627] Dumping FI_PN_IT_CAL_2016_17 ...
[2026-08-24 16:29:16] [224/1627] OK FI_PN_IT_CAL_2016_17
[2026-08-24 16:29:16] [225/1627] Dumping FI_PN_IT_CAL_2016_17_AS_1718 ...
[2026-08-24 16:29:25] [225/1627] OK FI_PN_IT_CAL_2016_17_AS_1718
[2026-08-24 16:29:25] [226/1627] Dumping FI_PN_IT_CAL_2016_17_AS_1920 ...
[2026-08-24 16:29:33] [226/1627] OK FI_PN_IT_CAL_2016_17_AS_1920
[2026-08-24 16:29:33] [227/1627] Dumping FI_PN_IT_CAL_2016_17_AS_2021 ...
[2026-08-24 16:29:36] [227/1627] OK FI_PN_IT_CAL_2016_17_AS_2021
[2026-08-24 16:29:36] [228/1627] Dumping FI_PN_IT_CAL_2016_17_BKP ...
[2026-08-24 16:29:45] [228/1627] OK FI_PN_IT_CAL_2016_17_BKP
[2026-08-24 16:29:45] [229/1627] Dumping FI_PN_IT_CAL_2016_17_OLD ...
[2026-08-24 16:29:54] [229/1627] OK FI_PN_IT_CAL_2016_17_OLD
[2026-08-24 16:29:54] [230/1627] Dumping FI_PN_IT_CAL_2017_18 ...
[2026-08-24 16:30:03] [230/1627] OK FI_PN_IT_CAL_2017_18
[2026-08-24 16:30:03] [231/1627] Dumping FI_PN_IT_CAL_2021_22 ...
[2026-08-24 16:30:05] [231/1627] OK FI_PN_IT_CAL_2021_22
[2026-08-24 16:30:05] [232/1627] Dumping FI_PN_IT_CAL_2022_23 ...
[2026-08-24 16:30:08] [232/1627] OK FI_PN_IT_CAL_2022_23
[2026-08-24 16:30:08] [233/1627] Dumping FI_PN_IT_CAL_2023_24 ...
[2026-08-24 16:30:09] [233/1627] OK FI_PN_IT_CAL_2023_24
[2026-08-24 16:30:09] [234/1627] Dumping FI_PN_JUL24_LC_NO ...
[2026-08-24 16:30:09] [234/1627] OK FI_PN_JUL24_LC_NO
[2026-08-24 16:30:09] [235/1627] Dumping FI_PN_JUN24_LC_NO ...
[2026-08-24 16:30:10] [235/1627] OK FI_PN_JUN24_LC_NO
[2026-08-24 16:30:10] [236/1627] Dumping FI_PN_KDS_COUNT ...
[2026-08-24 16:30:10] [236/1627] OK FI_PN_KDS_COUNT
[2026-08-24 16:30:10] [237/1627] Dumping FI_PN_LATEST ...
[2026-08-24 16:30:11] [237/1627] OK FI_PN_LATEST
[2026-08-24 16:30:11] [238/1627] Dumping FI_PN_LC_NO_MAR22 ...
[2026-08-24 16:30:11] [238/1627] OK FI_PN_LC_NO_MAR22
[2026-08-24 16:30:11] [239/1627] Dumping FI_PN_LICI_1995_2004 ...
[2026-08-24 16:30:12] [239/1627] OK FI_PN_LICI_1995_2004
[2026-08-24 16:30:12] [240/1627] Dumping FI_PN_LIC_11012021 ...
[2026-08-24 16:30:22] [240/1627] OK FI_PN_LIC_11012021
[2026-08-24 16:30:22] [241/1627] Dumping FI_PN_LIC_AGE_RATE ...
[2026-08-24 16:30:23] [241/1627] OK FI_PN_LIC_AGE_RATE
[2026-08-24 16:30:23] [242/1627] Dumping FI_PN_LIC_AGE_RATE_OLD ...
[2026-08-24 16:30:23] [242/1627] OK FI_PN_LIC_AGE_RATE_OLD
[2026-08-24 16:30:23] [243/1627] Dumping FI_PN_LIC_BASIC_DIFF ...
[2026-08-24 16:30:24] [243/1627] OK FI_PN_LIC_BASIC_DIFF
[2026-08-24 16:30:24] [244/1627] Dumping FI_PN_LIC_BILL_GEN ...
[2026-08-24 16:30:27] [244/1627] OK FI_PN_LIC_BILL_GEN
[2026-08-24 16:30:27] [245/1627] Dumping FI_PN_LIC_COMMU_2015_TMP ...
[2026-08-24 16:30:28] [245/1627] OK FI_PN_LIC_COMMU_2015_TMP
[2026-08-24 16:30:28] [246/1627] Dumping FI_PN_LIC_COMM_AGE_RATE ...
[2026-08-24 16:30:29] [246/1627] OK FI_PN_LIC_COMM_AGE_RATE
[2026-08-24 16:30:29] [247/1627] Dumping FI_PN_LIC_COUNT ...
[2026-08-24 16:30:29] [247/1627] OK FI_PN_LIC_COUNT
[2026-08-24 16:30:29] [248/1627] Dumping FI_PN_LIC_DATA_DTLS ...
[2026-08-24 16:30:30] [248/1627] OK FI_PN_LIC_DATA_DTLS
[2026-08-24 16:30:30] [249/1627] Dumping FI_PN_LIC_DA_AMT ...
[2026-08-24 16:30:31] [249/1627] OK FI_PN_LIC_DA_AMT
[2026-08-24 16:30:31] [250/1627] Dumping FI_PN_LIC_DEATH_BILL ...
[2026-08-24 16:30:31] [250/1627] OK FI_PN_LIC_DEATH_BILL
[2026-08-24 16:30:31] [251/1627] Dumping FI_PN_LIC_DETAILS_DATA ...
[2026-08-24 16:30:32] [251/1627] OK FI_PN_LIC_DETAILS_DATA
[2026-08-24 16:30:32] [252/1627] Dumping FI_PN_LIC_FAMILY ...
[2026-08-24 16:30:36] [252/1627] OK FI_PN_LIC_FAMILY
[2026-08-24 16:30:36] [253/1627] Dumping FI_PN_LIC_GOPAL_2015_TMP ...
[2026-08-24 16:30:37] [253/1627] OK FI_PN_LIC_GOPAL_2015_TMP
[2026-08-24 16:30:37] [254/1627] Dumping FI_PN_LIC_GRAT_2015_TMP ...
[2026-08-24 16:30:37] [254/1627] OK FI_PN_LIC_GRAT_2015_TMP
[2026-08-24 16:30:37] [255/1627] Dumping FI_PN_LIC_GRAT_COMM_AGE_RATE ...
[2026-08-24 16:30:38] [255/1627] OK FI_PN_LIC_GRAT_COMM_AGE_RATE
[2026-08-24 16:30:38] [256/1627] Dumping FI_PN_LIC_GRAT_MASTER ...
[2026-08-24 16:30:39] [256/1627] OK FI_PN_LIC_GRAT_MASTER
[2026-08-24 16:30:39] [257/1627] Dumping FI_PN_LIC_HDC ...
[2026-08-24 16:30:39] [257/1627] OK FI_PN_LIC_HDC
[2026-08-24 16:30:39] [258/1627] Dumping FI_PN_LIC_HDC_JUN19 ...
[2026-08-24 16:30:40] [258/1627] OK FI_PN_LIC_HDC_JUN19
[2026-08-24 16:30:40] [259/1627] Dumping FI_PN_LIC_LOAD ...
[2026-08-24 16:30:41] [259/1627] OK FI_PN_LIC_LOAD
[2026-08-24 16:30:41] [260/1627] Dumping FI_PN_LIC_MASTER ...
[2026-08-24 16:30:44] [260/1627] FAIL FI_PN_LIC_MASTER: (1264, "Out of range value for column 'MOBILE_NO' at row 66")
[2026-08-24 16:30:44] [261/1627] Dumping FI_PN_LIC_MASTER10012017 ...
[2026-08-24 16:30:47] [261/1627] OK FI_PN_LIC_MASTER10012017
[2026-08-24 16:30:47] [262/1627] Dumping FI_PN_LIC_MASTER_06102016 ...
[2026-08-24 16:30:50] [262/1627] OK FI_PN_LIC_MASTER_06102016
[2026-08-24 16:30:50] [263/1627] Dumping FI_PN_LIC_MASTER_072015 ...
[2026-08-24 16:30:53] [263/1627] OK FI_PN_LIC_MASTER_072015
[2026-08-24 16:30:53] [264/1627] Dumping FI_PN_LIC_MASTER_09022026 ...
[2026-08-24 16:30:56] [264/1627] FAIL FI_PN_LIC_MASTER_09022026: (1264, "Out of range value for column 'MOBILE_NO' at row 67")
[2026-08-24 16:30:56] [265/1627] Dumping FI_PN_LIC_MASTER_09042015 ...
[2026-08-24 16:30:59] [265/1627] OK FI_PN_LIC_MASTER_09042015
[2026-08-24 16:30:59] [266/1627] Dumping FI_PN_LIC_MASTER_101025 ...
[2026-08-24 16:31:01] [266/1627] FAIL FI_PN_LIC_MASTER_101025: (1264, "Out of range value for column 'MOBILE_NO' at row 62")
[2026-08-24 16:31:01] [267/1627] Dumping FI_PN_LIC_MASTER_120416 ...
[2026-08-24 16:31:05] [267/1627] OK FI_PN_LIC_MASTER_120416
[2026-08-24 16:31:05] [268/1627] Dumping FI_PN_LIC_MASTER_140725 ...
[2026-08-24 16:31:08] [268/1627] FAIL FI_PN_LIC_MASTER_140725: (1264, "Out of range value for column 'MOBILE_NO' at row 72")
[2026-08-24 16:31:08] [269/1627] Dumping FI_PN_LIC_MASTER_16102020 ...
[2026-08-24 16:31:16] [269/1627] OK FI_PN_LIC_MASTER_16102020
[2026-08-24 16:31:16] [270/1627] Dumping FI_PN_LIC_MASTER_17042017 ...
[2026-08-24 16:31:20] [270/1627] OK FI_PN_LIC_MASTER_17042017
[2026-08-24 16:31:20] [271/1627] Dumping FI_PN_LIC_MASTER_18012021 ...
[2026-08-24 16:31:30] [271/1627] OK FI_PN_LIC_MASTER_18012021
[2026-08-24 16:31:30] [272/1627] Dumping FI_PN_LIC_MASTER_ANN_UPDT ...
[2026-08-24 16:31:33] [272/1627] OK FI_PN_LIC_MASTER_ANN_UPDT
[2026-08-24 16:31:33] [273/1627] Dumping FI_PN_LIC_MASTER_ANN_UPDT_2 ...
[2026-08-24 16:31:34] [273/1627] OK FI_PN_LIC_MASTER_ANN_UPDT_2
[2026-08-24 16:31:34] [274/1627] Dumping FI_PN_LIC_MASTER_AS ...
[2026-08-24 16:31:36] [274/1627] OK FI_PN_LIC_MASTER_AS
[2026-08-24 16:31:36] [275/1627] Dumping FI_PN_LIC_MASTER_BANK_BACK ...
[2026-08-24 16:31:39] [275/1627] OK FI_PN_LIC_MASTER_BANK_BACK
[2026-08-24 16:31:39] [276/1627] Dumping FI_PN_LIC_MASTER_H ...
[2026-08-24 16:31:44] [276/1627] OK FI_PN_LIC_MASTER_H
[2026-08-24 16:31:44] [277/1627] Dumping FI_PN_LIC_MASTER_HALDIA ...
[2026-08-24 16:31:45] [277/1627] OK FI_PN_LIC_MASTER_HALDIA
[2026-08-24 16:31:45] [278/1627] Dumping FI_PN_LIC_MASTER_HALDIA1125 ...
[2026-08-24 16:31:48] [278/1627] FAIL FI_PN_LIC_MASTER_HALDIA1125: (1264, "Out of range value for column 'MOBILE_NO' at row 61")
[2026-08-24 16:31:48] [279/1627] Dumping FI_PN_LIC_MONTHLY_BILL ...
[2026-08-24 16:31:50] [279/1627] OK FI_PN_LIC_MONTHLY_BILL
[2026-08-24 16:31:50] [280/1627] Dumping FI_PN_LIC_MONTHLY_BILL_ALL ...
[2026-08-24 16:31:54] [280/1627] OK FI_PN_LIC_MONTHLY_BILL_ALL
[2026-08-24 16:31:54] [281/1627] Dumping FI_PN_LIC_MONTHLY_BILL_BACK ...
[2026-08-24 16:31:56] [281/1627] OK FI_PN_LIC_MONTHLY_BILL_BACK
[2026-08-24 16:31:56] [282/1627] Dumping FI_PN_LIC_MONTHLY_BILL_OCT ...
[2026-08-24 16:32:00] [282/1627] OK FI_PN_LIC_MONTHLY_BILL_OCT
[2026-08-24 16:32:00] [283/1627] Dumping FI_PN_LIC_MONTHLY_BILL_TEMP ...
[2026-08-24 16:32:04] [283/1627] OK FI_PN_LIC_MONTHLY_BILL_TEMP
[2026-08-24 16:32:04] [284/1627] Dumping FI_PN_LIC_MONTHLY_BILL_TT ...
[2026-08-24 16:32:08] [284/1627] OK FI_PN_LIC_MONTHLY_BILL_TT
[2026-08-24 16:32:08] [285/1627] Dumping FI_PN_LIC_OCT10 ...
[2026-08-24 16:32:09] [285/1627] OK FI_PN_LIC_OCT10
[2026-08-24 16:32:09] [286/1627] Dumping FI_PN_LIC_PENSIONER_MAST ...
[2026-08-24 16:32:09] [286/1627] OK FI_PN_LIC_PENSIONER_MAST
[2026-08-24 16:32:09] [287/1627] Dumping FI_PN_LIC_RESTORE ...
[2026-08-24 16:32:11] [287/1627] OK FI_PN_LIC_RESTORE
[2026-08-24 16:32:11] [288/1627] Dumping FI_PN_LIC_RESTORE_120120222 ...
[2026-08-24 16:32:12] [288/1627] OK FI_PN_LIC_RESTORE_120120222
[2026-08-24 16:32:12] [289/1627] Dumping FI_PN_LIC_REV ...
[2026-08-24 16:32:13] [289/1627] OK FI_PN_LIC_REV
[2026-08-24 16:32:13] [290/1627] Dumping FI_PN_LIC_TO_NABA ...
[2026-08-24 16:32:13] [290/1627] OK FI_PN_LIC_TO_NABA
[2026-08-24 16:32:13] [291/1627] Dumping FI_PN_LIC_VS_PORT ...
[2026-08-24 16:32:14] [291/1627] OK FI_PN_LIC_VS_PORT
[2026-08-24 16:32:14] [292/1627] Dumping FI_PN_MD_BANKMAP ...
[2026-08-24 16:32:15] [292/1627] OK FI_PN_MD_BANKMAP
[2026-08-24 16:32:15] [293/1627] Dumping FI_PN_MD_COMMRATE_RUPEE ...
[2026-08-24 16:32:16] [293/1627] OK FI_PN_MD_COMMRATE_RUPEE
[2026-08-24 16:32:16] [294/1627] Dumping FI_PN_MD_COMMRATE_RUPEE_BKP ...
[2026-08-24 16:32:16] [294/1627] OK FI_PN_MD_COMMRATE_RUPEE_BKP
[2026-08-24 16:32:16] [295/1627] Dumping FI_PN_MD_DCRGRATUITY_CLAIMDTL ...
[2026-08-24 16:32:17] [295/1627] OK FI_PN_MD_DCRGRATUITY_CLAIMDTL
[2026-08-24 16:32:17] [296/1627] Dumping FI_PN_MD_DEATH_GRATCHART ...
[2026-08-24 16:32:17] [296/1627] OK FI_PN_MD_DEATH_GRATCHART
[2026-08-24 16:32:17] [297/1627] Dumping FI_PN_MD_EDBILLTYPE_MAP ...
[2026-08-24 16:32:18] [297/1627] OK FI_PN_MD_EDBILLTYPE_MAP
[2026-08-24 16:32:18] [298/1627] Dumping FI_PN_MD_EXG_CIRCULAR ...
[2026-08-24 16:32:19] [298/1627] OK FI_PN_MD_EXG_CIRCULAR
[2026-08-24 16:32:19] [299/1627] Dumping FI_PN_MD_FPEN_APPCN ...
[2026-08-24 16:32:28] [299/1627] OK FI_PN_MD_FPEN_APPCN
[2026-08-24 16:32:28] [300/1627] Dumping FI_PN_MD_FPEN_APPCN_BK ...
[2026-08-24 16:32:28] [300/1627] OK FI_PN_MD_FPEN_APPCN_BK
[2026-08-24 16:32:28] [301/1627] Dumping FI_PN_MD_FPEN_CIRCULAR ...
[2026-08-24 16:32:29] [301/1627] OK FI_PN_MD_FPEN_CIRCULAR
[2026-08-24 16:32:29] [302/1627] Dumping FI_PN_MD_FPEN_CIRCULARBS ...
[2026-08-24 16:32:29] [302/1627] OK FI_PN_MD_FPEN_CIRCULARBS
[2026-08-24 16:32:29] [303/1627] Dumping FI_PN_MD_JRNLTYPE ...
[2026-08-24 16:32:30] [303/1627] OK FI_PN_MD_JRNLTYPE
[2026-08-24 16:32:30] [304/1627] Dumping FI_PN_MD_MAXADM_GRATUITY ...
[2026-08-24 16:32:31] [304/1627] OK FI_PN_MD_MAXADM_GRATUITY
[2026-08-24 16:32:31] [305/1627] Dumping FI_PN_MD_OLDBILL ...
[2026-08-24 16:32:42] [305/1627] OK FI_PN_MD_OLDBILL
[2026-08-24 16:32:42] [306/1627] Dumping FI_PN_MD_OLDBILL_H ...
[2026-08-24 16:32:42] [306/1627] OK FI_PN_MD_OLDBILL_H
[2026-08-24 16:32:42] [307/1627] Dumping FI_PN_MD_OLDBILL_PARAM ...
[2026-08-24 16:32:43] [307/1627] OK FI_PN_MD_OLDBILL_PARAM
[2026-08-24 16:32:43] [308/1627] Dumping FI_PN_MD_PAYSCALE ...
[2026-08-24 16:32:44] [308/1627] OK FI_PN_MD_PAYSCALE
[2026-08-24 16:32:44] [309/1627] Dumping FI_PN_MD_PENSION_PROPOSAL ...
[2026-08-24 16:32:52] [309/1627] OK FI_PN_MD_PENSION_PROPOSAL
[2026-08-24 16:32:52] [310/1627] Dumping FI_PN_MD_PENSION_PROPOSAL_H ...
[2026-08-24 16:32:53] [310/1627] OK FI_PN_MD_PENSION_PROPOSAL_H
[2026-08-24 16:32:53] [311/1627] Dumping FI_PN_MEDICAL_ALLOWANCE ...
[2026-08-24 16:32:55] [311/1627] OK FI_PN_MEDICAL_ALLOWANCE
[2026-08-24 16:32:55] [312/1627] Dumping FI_PN_MEDICAL_ALLOWANCE_HIST ...
[2026-08-24 16:32:56] [312/1627] OK FI_PN_MEDICAL_ALLOWANCE_HIST
[2026-08-24 16:32:56] [313/1627] Dumping FI_PN_MH_ACP_FAM_LIC ...
[2026-08-24 16:32:56] [313/1627] OK FI_PN_MH_ACP_FAM_LIC
[2026-08-24 16:32:56] [314/1627] Dumping FI_PN_MH_ADA_RATE ...
[2026-08-24 16:32:57] [314/1627] OK FI_PN_MH_ADA_RATE
[2026-08-24 16:32:57] [315/1627] Dumping FI_PN_MH_ADA_RATE_BKP ...
[2026-08-24 16:32:57] [315/1627] OK FI_PN_MH_ADA_RATE_BKP
[2026-08-24 16:32:57] [316/1627] Dumping FI_PN_MH_APPLICATION ...
[2026-08-24 16:32:59] [316/1627] OK FI_PN_MH_APPLICATION
[2026-08-24 16:32:59] [317/1627] Dumping FI_PN_MH_APPLICATION_BKP ...
[2026-08-24 16:33:00] [317/1627] OK FI_PN_MH_APPLICATION_BKP
[2026-08-24 16:33:00] [318/1627] Dumping FI_PN_MH_ARREAR2P2 ...
[2026-08-24 16:33:00] [318/1627] OK FI_PN_MH_ARREAR2P2
[2026-08-24 16:33:00] [319/1627] Dumping FI_PN_MH_ARREAR2P2_ACP ...
[2026-08-24 16:33:01] [319/1627] OK FI_PN_MH_ARREAR2P2_ACP
[2026-08-24 16:33:01] [320/1627] Dumping FI_PN_MH_ARREAR2P2_ACP_LIC ...
[2026-08-24 16:33:01] [320/1627] OK FI_PN_MH_ARREAR2P2_ACP_LIC
[2026-08-24 16:33:01] [321/1627] Dumping FI_PN_MH_ARREAR2P2_ACP_LIC_BKP ...
[2026-08-24 16:33:02] [321/1627] OK FI_PN_MH_ARREAR2P2_ACP_LIC_BKP
[2026-08-24 16:33:02] [322/1627] Dumping FI_PN_MH_ARREAR2P2_ACP_LIC_FAM ...
[2026-08-24 16:33:02] [322/1627] OK FI_PN_MH_ARREAR2P2_ACP_LIC_FAM
[2026-08-24 16:33:02] [323/1627] Dumping FI_PN_MH_ARREAR2P2_ACP_LIC_OLD ...
[2026-08-24 16:33:02] [323/1627] OK FI_PN_MH_ARREAR2P2_ACP_LIC_OLD
[2026-08-24 16:33:02] [324/1627] Dumping FI_PN_MH_ARREAR2P2_BACK ...
[2026-08-24 16:33:03] [324/1627] OK FI_PN_MH_ARREAR2P2_BACK
[2026-08-24 16:33:03] [325/1627] Dumping FI_PN_MH_BASE_CPI ...
[2026-08-24 16:33:03] [325/1627] OK FI_PN_MH_BASE_CPI
[2026-08-24 16:33:03] [326/1627] Dumping FI_PN_MH_BILLTYPE ...
[2026-08-24 16:33:04] [326/1627] OK FI_PN_MH_BILLTYPE
[2026-08-24 16:33:04] [327/1627] Dumping FI_PN_MH_BILL_PRINT ...
[2026-08-24 16:33:04] [327/1627] OK FI_PN_MH_BILL_PRINT
[2026-08-24 16:33:04] [328/1627] Dumping FI_PN_MH_BILL_PRINT_2022 ...
[2026-08-24 16:33:05] [328/1627] OK FI_PN_MH_BILL_PRINT_2022
[2026-08-24 16:33:05] [329/1627] Dumping FI_PN_MH_BILL_PRINT_DEAD ...
[2026-08-24 16:33:05] [329/1627] OK FI_PN_MH_BILL_PRINT_DEAD
[2026-08-24 16:33:05] [330/1627] Dumping FI_PN_MH_CALC_DA ...
[2026-08-24 16:33:05] [330/1627] OK FI_PN_MH_CALC_DA
[2026-08-24 16:33:05] [331/1627] Dumping FI_PN_MH_COMMRATE_RUPEE ...
[2026-08-24 16:33:06] [331/1627] OK FI_PN_MH_COMMRATE_RUPEE
[2026-08-24 16:33:06] [332/1627] Dumping FI_PN_MH_CONSOLIDATION ...
[2026-08-24 16:33:06] [332/1627] OK FI_PN_MH_CONSOLIDATION
[2026-08-24 16:33:06] [333/1627] Dumping FI_PN_MH_DCRGRATUITY_CLAIM ...
[2026-08-24 16:33:06] [333/1627] OK FI_PN_MH_DCRGRATUITY_CLAIM
[2026-08-24 16:33:06] [334/1627] Dumping FI_PN_MH_DEATH2P2_ACP_LIC ...
[2026-08-24 16:33:07] [334/1627] OK FI_PN_MH_DEATH2P2_ACP_LIC
[2026-08-24 16:33:07] [335/1627] Dumping FI_PN_MH_DEATH2P2_ACP_LIC_BKP ...
[2026-08-24 16:33:07] [335/1627] OK FI_PN_MH_DEATH2P2_ACP_LIC_BKP
[2026-08-24 16:33:07] [336/1627] Dumping FI_PN_MH_DEATH_GRATCHART ...
[2026-08-24 16:33:08] [336/1627] OK FI_PN_MH_DEATH_GRATCHART
[2026-08-24 16:33:08] [337/1627] Dumping FI_PN_MH_EARNDEDN ...
[2026-08-24 16:33:09] [337/1627] OK FI_PN_MH_EARNDEDN
[2026-08-24 16:33:09] [338/1627] Dumping FI_PN_MH_EARNDEDNLT ...
[2026-08-24 16:33:09] [338/1627] OK FI_PN_MH_EARNDEDNLT
[2026-08-24 16:33:09] [339/1627] Dumping FI_PN_MH_EARNDEDN_PENELIGBLE ...
[2026-08-24 16:33:10] [339/1627] OK FI_PN_MH_EARNDEDN_PENELIGBLE
[2026-08-24 16:33:10] [340/1627] Dumping FI_PN_MH_EARNDEDN_TEST ...
[2026-08-24 16:33:11] [340/1627] OK FI_PN_MH_EARNDEDN_TEST
[2026-08-24 16:33:11] [341/1627] Dumping FI_PN_MH_ERNDEDNMAP ...
[2026-08-24 16:33:11] [341/1627] OK FI_PN_MH_ERNDEDNMAP
[2026-08-24 16:33:11] [342/1627] Dumping FI_PN_MH_EXGRATIA_HOLDER ...
[2026-08-24 16:33:14] [342/1627] OK FI_PN_MH_EXGRATIA_HOLDER
[2026-08-24 16:33:14] [343/1627] Dumping FI_PN_MH_EXG_CIRCULAR ...
[2026-08-24 16:33:15] [343/1627] OK FI_PN_MH_EXG_CIRCULAR
[2026-08-24 16:33:15] [344/1627] Dumping FI_PN_MH_FAMILYPENSIONER ...
[2026-08-24 16:33:24] [344/1627] OK FI_PN_MH_FAMILYPENSIONER
[2026-08-24 16:33:24] [345/1627] Dumping FI_PN_MH_FAMILYPENSIONER_1709 ...
[2026-08-24 16:33:24] [345/1627] OK FI_PN_MH_FAMILYPENSIONER_1709
[2026-08-24 16:33:24] [346/1627] Dumping FI_PN_MH_FAMILYPENSIONER_BKP ...
[2026-08-24 16:33:31] [346/1627] OK FI_PN_MH_FAMILYPENSIONER_BKP
[2026-08-24 16:33:31] [347/1627] Dumping FI_PN_MH_FAMILYPENSIONER_PREV ...
[2026-08-24 16:33:39] [347/1627] OK FI_PN_MH_FAMILYPENSIONER_PREV
[2026-08-24 16:33:39] [348/1627] Dumping FI_PN_MH_FAMILY_ACP_LIC ...
[2026-08-24 16:33:39] [348/1627] OK FI_PN_MH_FAMILY_ACP_LIC
[2026-08-24 16:33:39] [349/1627] Dumping FI_PN_MH_FPEN_CACLAIM ...
[2026-08-24 16:33:47] [349/1627] OK FI_PN_MH_FPEN_CACLAIM
[2026-08-24 16:33:47] [350/1627] Dumping FI_PN_MH_FPEN_CACLAIM_ARPAN ...
[2026-08-24 16:33:47] [350/1627] OK FI_PN_MH_FPEN_CACLAIM_ARPAN
[2026-08-24 16:33:47] [351/1627] Dumping FI_PN_MH_FPEN_CACLAIM_BK ...
[2026-08-24 16:33:48] [351/1627] OK FI_PN_MH_FPEN_CACLAIM_BK
[2026-08-24 16:33:48] [352/1627] Dumping FI_PN_MH_FPEN_CIRCULAR ...
[2026-08-24 16:33:48] [352/1627] OK FI_PN_MH_FPEN_CIRCULAR
[2026-08-24 16:33:48] [353/1627] Dumping FI_PN_MH_JRNLTYPE ...
[2026-08-24 16:33:48] [353/1627] OK FI_PN_MH_JRNLTYPE
[2026-08-24 16:33:48] [354/1627] Dumping FI_PN_MH_LETTER ...
[2026-08-24 16:33:49] [354/1627] OK FI_PN_MH_LETTER
[2026-08-24 16:33:49] [355/1627] Dumping FI_PN_MH_LETTER_H ...
[2026-08-24 16:33:49] [355/1627] OK FI_PN_MH_LETTER_H
[2026-08-24 16:33:49] [356/1627] Dumping FI_PN_MH_MACP_FAMILY ...
[2026-08-24 16:33:49] [356/1627] OK FI_PN_MH_MACP_FAMILY
[2026-08-24 16:33:49] [357/1627] Dumping FI_PN_MH_MACP_NORMAL ...
[2026-08-24 16:33:50] [357/1627] OK FI_PN_MH_MACP_NORMAL
[2026-08-24 16:33:50] [358/1627] Dumping FI_PN_MH_OLDBILL ...
[2026-08-24 16:33:59] [358/1627] OK FI_PN_MH_OLDBILL
[2026-08-24 16:33:59] [359/1627] Dumping FI_PN_MH_OLDBILL_H ...
[2026-08-24 16:34:00] [359/1627] OK FI_PN_MH_OLDBILL_H
[2026-08-24 16:34:00] [360/1627] Dumping FI_PN_MH_OLDBILL_PARAM ...
[2026-08-24 16:34:02] [360/1627] OK FI_PN_MH_OLDBILL_PARAM
[2026-08-24 16:34:02] [361/1627] Dumping FI_PN_MH_PAYSCALE ...
[2026-08-24 16:34:02] [361/1627] OK FI_PN_MH_PAYSCALE
[2026-08-24 16:34:02] [362/1627] Dumping FI_PN_MH_PENFPEN_DEATH ...
[2026-08-24 16:34:03] [362/1627] OK FI_PN_MH_PENFPEN_DEATH
[2026-08-24 16:34:03] [363/1627] Dumping FI_PN_MH_PENSIONER ...
[2026-08-24 16:34:12] [363/1627] OK FI_PN_MH_PENSIONER
[2026-08-24 16:34:12] [364/1627] Dumping FI_PN_MH_PENSIONER_01012007 ...
[2026-08-24 16:34:12] [364/1627] OK FI_PN_MH_PENSIONER_01012007
[2026-08-24 16:34:12] [365/1627] Dumping FI_PN_MH_PENSIONER_EXC ...
[2026-08-24 16:34:13] [365/1627] OK FI_PN_MH_PENSIONER_EXC
[2026-08-24 16:34:13] [366/1627] Dumping FI_PN_MH_PENSIONER_PREV ...
[2026-08-24 16:34:15] [366/1627] OK FI_PN_MH_PENSIONER_PREV
[2026-08-24 16:34:15] [367/1627] Dumping FI_PN_MH_PENSIONER_REV ...
[2026-08-24 16:34:15] [367/1627] OK FI_PN_MH_PENSIONER_REV
[2026-08-24 16:34:15] [368/1627] Dumping FI_PN_MH_PENSION_PROPOSAL ...
[2026-08-24 16:34:18] [368/1627] OK FI_PN_MH_PENSION_PROPOSAL
[2026-08-24 16:34:18] [369/1627] Dumping FI_PN_MH_PENSION_PROPOSAL_H ...
[2026-08-24 16:34:19] [369/1627] OK FI_PN_MH_PENSION_PROPOSAL_H
[2026-08-24 16:34:19] [370/1627] Dumping FI_PN_MH_PENSION_PROPOSAL_PREV ...
[2026-08-24 16:34:21] [370/1627] OK FI_PN_MH_PENSION_PROPOSAL_PREV
[2026-08-24 16:34:21] [371/1627] Dumping FI_PN_MH_PEN_CAL ...
[2026-08-24 16:34:22] [371/1627] OK FI_PN_MH_PEN_CAL
[2026-08-24 16:34:22] [372/1627] Dumping FI_PN_MH_PMTHSETUP ...
[2026-08-24 16:34:22] [372/1627] OK FI_PN_MH_PMTHSETUP
[2026-08-24 16:34:22] [373/1627] Dumping FI_PN_MH_RELIEF_RATE ...
[2026-08-24 16:34:23] [373/1627] OK FI_PN_MH_RELIEF_RATE
[2026-08-24 16:34:23] [374/1627] Dumping FI_PN_MH_SCALEMAP ...
[2026-08-24 16:34:23] [374/1627] OK FI_PN_MH_SCALEMAP
[2026-08-24 16:34:23] [375/1627] Dumping FI_PN_MH_SERVICE_GRATCHART ...
[2026-08-24 16:34:24] [375/1627] OK FI_PN_MH_SERVICE_GRATCHART
[2026-08-24 16:34:24] [376/1627] Dumping FI_PN_MH_UOM ...
[2026-08-24 16:34:24] [376/1627] OK FI_PN_MH_UOM
[2026-08-24 16:34:24] [377/1627] Dumping FI_PN_MONTHLY_BILL_STAT ...
[2026-08-24 16:34:25] [377/1627] OK FI_PN_MONTHLY_BILL_STAT
[2026-08-24 16:34:25] [378/1627] Dumping FI_PN_MONTHLY_PENSION ...
[2026-08-24 16:38:22] [378/1627] OK FI_PN_MONTHLY_PENSION
[2026-08-24 16:38:22] [379/1627] Dumping FI_PN_MONTHLY_PENSION_NEW ...
[2026-08-24 16:38:34] [379/1627] OK FI_PN_MONTHLY_PENSION_NEW
[2026-08-24 16:38:34] [380/1627] Dumping FI_PN_MTHWISE_PEN ...
[2026-08-24 16:49:28] [380/1627] OK FI_PN_MTHWISE_PEN
[2026-08-24 16:49:28] [381/1627] Dumping FI_PN_MTHWISE_PEN_GRP ...
[2026-08-24 16:50:24] [381/1627] OK FI_PN_MTHWISE_PEN_GRP
[2026-08-24 16:50:24] [382/1627] Dumping FI_PN_MTHWISE_PEN_NET ...
[2026-08-24 16:56:31] [382/1627] OK FI_PN_MTHWISE_PEN_NET
[2026-08-24 16:56:31] [383/1627] Dumping FI_PN_MTHWISE_PEN_NET_LIC ...
[2026-08-24 16:56:52] [383/1627] OK FI_PN_MTHWISE_PEN_NET_LIC
[2026-08-24 16:56:52] [384/1627] Dumping FI_PN_MTH_BILL_ALLOC ...
[2026-08-24 16:56:55] [384/1627] OK FI_PN_MTH_BILL_ALLOC
[2026-08-24 16:56:55] [385/1627] Dumping FI_PN_NABA_ERP ...
[2026-08-24 16:56:56] [385/1627] OK FI_PN_NABA_ERP
[2026-08-24 16:56:56] [386/1627] Dumping FI_PN_NABA_LOAD ...
[2026-08-24 16:56:57] [386/1627] OK FI_PN_NABA_LOAD
[2026-08-24 16:56:57] [387/1627] Dumping FI_PN_NEW_DAPCT ...
[2026-08-24 16:56:57] [387/1627] OK FI_PN_NEW_DAPCT
[2026-08-24 16:56:57] [388/1627] Dumping FI_PN_NEW_DAPCT_2022 ...
[2026-08-24 16:56:58] [388/1627] OK FI_PN_NEW_DAPCT_2022
[2026-08-24 16:56:58] [389/1627] Dumping FI_PN_NEW_PAY ...
[2026-08-24 16:56:59] [389/1627] OK FI_PN_NEW_PAY
[2026-08-24 16:56:59] [390/1627] Dumping FI_PN_NEW_PAY_BK ...
[2026-08-24 16:57:00] [390/1627] OK FI_PN_NEW_PAY_BK
[2026-08-24 16:57:00] [391/1627] Dumping FI_PN_NEW_REQ1 ...
[2026-08-24 16:57:02] [391/1627] OK FI_PN_NEW_REQ1
[2026-08-24 16:57:02] [392/1627] Dumping FI_PN_NON_LIC_FAMILY ...
[2026-08-24 16:57:04] [392/1627] OK FI_PN_NON_LIC_FAMILY
[2026-08-24 16:57:04] [393/1627] Dumping FI_PN_NPS_PENSIONER ...
[2026-08-24 16:57:04] [393/1627] OK FI_PN_NPS_PENSIONER
[2026-08-24 16:57:04] [394/1627] Dumping FI_PN_OCT_RESTOR ...
[2026-08-24 16:57:05] [394/1627] OK FI_PN_OCT_RESTOR
[2026-08-24 16:57:05] [395/1627] Dumping FI_PN_OLDAGE_ARREAR ...
[2026-08-24 16:57:06] [395/1627] OK FI_PN_OLDAGE_ARREAR
[2026-08-24 16:57:06] [396/1627] Dumping FI_PN_OLDAGE_ARREAR_WEB ...
[2026-08-24 16:57:33] [396/1627] OK FI_PN_OLDAGE_ARREAR_WEB
[2026-08-24 16:57:33] [397/1627] Dumping FI_PN_PAYMENT2022 ...
[2026-08-24 16:57:34] [397/1627] OK FI_PN_PAYMENT2022
[2026-08-24 16:57:34] [398/1627] Dumping FI_PN_PAYMENTWORK2022 ...
[2026-08-24 16:57:34] [398/1627] OK FI_PN_PAYMENTWORK2022
[2026-08-24 16:57:34] [399/1627] Dumping FI_PN_PAY_SHEET_2022 ...
[2026-08-24 16:57:41] [399/1627] OK FI_PN_PAY_SHEET_2022
[2026-08-24 16:57:41] [400/1627] Dumping FI_PN_PAY_SHEET_2022SUM ...
[2026-08-24 16:57:44] [400/1627] OK FI_PN_PAY_SHEET_2022SUM
[2026-08-24 16:57:44] [401/1627] Dumping FI_PN_PEN_CAL ...
[2026-08-24 16:57:50] [401/1627] OK FI_PN_PEN_CAL
[2026-08-24 16:57:50] [402/1627] Dumping FI_PN_PEN_CAL_BKP ...
[2026-08-24 16:57:53] [402/1627] OK FI_PN_PEN_CAL_BKP
[2026-08-24 16:57:53] [403/1627] Dumping FI_PN_PEN_CAL_HIST ...
[2026-08-24 16:57:55] [403/1627] OK FI_PN_PEN_CAL_HIST
[2026-08-24 16:57:55] [404/1627] Dumping FI_PN_PEN_DTL_50CS ...
[2026-08-24 16:57:56] [404/1627] OK FI_PN_PEN_DTL_50CS
[2026-08-24 16:57:56] [405/1627] Dumping FI_PN_PEN_HDR_50CS ...
[2026-08-24 16:57:57] [405/1627] OK FI_PN_PEN_HDR_50CS
[2026-08-24 16:57:57] [406/1627] Dumping FI_PN_PORT_PENSIONER ...
[2026-08-24 16:57:58] [406/1627] OK FI_PN_PORT_PENSIONER
[2026-08-24 16:57:58] [407/1627] Dumping FI_PN_PRADIP ...
[2026-08-24 16:57:58] [407/1627] OK FI_PN_PRADIP
[2026-08-24 16:57:58] [408/1627] Dumping FI_PN_RESTORE_FEB19 ...
[2026-08-24 16:57:59] [408/1627] OK FI_PN_RESTORE_FEB19
[2026-08-24 16:57:59] [409/1627] Dumping FI_PN_RESTORE_FEB19_2 ...
[2026-08-24 16:58:00] [409/1627] OK FI_PN_RESTORE_FEB19_2
[2026-08-24 16:58:00] [410/1627] Dumping FI_PN_REVERT ...
[2026-08-24 16:58:01] [410/1627] OK FI_PN_REVERT
[2026-08-24 16:58:01] [411/1627] Dumping FI_PN_REV_PEN_ARR ...
[2026-08-24 17:00:06] [411/1627] OK FI_PN_REV_PEN_ARR
[2026-08-24 17:00:06] [412/1627] Dumping FI_PN_REV_SALOUT ...
[2026-08-24 17:00:09] [412/1627] OK FI_PN_REV_SALOUT
[2026-08-24 17:00:09] [413/1627] Dumping FI_PN_ROLL ...
[2026-08-24 17:00:10] [413/1627] OK FI_PN_ROLL
[2026-08-24 17:00:10] [414/1627] Dumping FI_PN_SANDIP ...
[2026-08-24 17:00:21] [414/1627] OK FI_PN_SANDIP
[2026-08-24 17:00:21] [415/1627] Dumping FI_PN_SBI_BAD_DATA ...
[2026-08-24 17:00:22] [415/1627] OK FI_PN_SBI_BAD_DATA
[2026-08-24 17:00:22] [416/1627] Dumping FI_PN_SBI_DUP_DATA ...
[2026-08-24 17:00:22] [416/1627] OK FI_PN_SBI_DUP_DATA
[2026-08-24 17:00:22] [417/1627] Dumping FI_PN_SBI_ERROR ...
[2026-08-24 17:00:23] [417/1627] OK FI_PN_SBI_ERROR
[2026-08-24 17:00:23] [418/1627] Dumping FI_PN_SBI_INIT_DATA ...
[2026-08-24 17:00:32] [418/1627] OK FI_PN_SBI_INIT_DATA
[2026-08-24 17:00:32] [419/1627] Dumping FI_PN_SBI_INIT_DATA_HIST ...
[2026-08-24 17:00:39] [419/1627] OK FI_PN_SBI_INIT_DATA_HIST
[2026-08-24 17:00:39] [420/1627] Dumping FI_PN_SBI_JULY_DATA ...
[2026-08-24 17:00:44] [420/1627] OK FI_PN_SBI_JULY_DATA
[2026-08-24 17:00:44] [421/1627] Dumping FI_PN_SBI_LIC_TEXT ...
[2026-08-24 17:00:47] [421/1627] OK FI_PN_SBI_LIC_TEXT
[2026-08-24 17:00:47] [422/1627] Dumping FI_PN_SBI_PREV_DATA ...
[2026-08-24 17:01:04] [422/1627] OK FI_PN_SBI_PREV_DATA
[2026-08-24 17:01:04] [423/1627] Dumping FI_PN_SBI_RAW_DATA ...
[2026-08-24 17:01:04] [423/1627] OK FI_PN_SBI_RAW_DATA
[2026-08-24 17:01:04] [424/1627] Dumping FI_PN_SBI_RAW_DATA_HIST ...
[2026-08-24 17:01:06] [424/1627] OK FI_PN_SBI_RAW_DATA_HIST
[2026-08-24 17:01:06] [425/1627] Dumping FI_PN_SCALE_MAP ...
[2026-08-24 17:01:06] [425/1627] OK FI_PN_SCALE_MAP
[2026-08-24 17:01:06] [426/1627] Dumping FI_PN_SCALE_MAP_OFFI ...
[2026-08-24 17:01:06] [426/1627] OK FI_PN_SCALE_MAP_OFFI
[2026-08-24 17:01:06] [427/1627] Dumping FI_PN_SLNO_GEN ...
[2026-08-24 17:01:07] [427/1627] OK FI_PN_SLNO_GEN
[2026-08-24 17:01:07] [428/1627] Dumping FI_PN_TD_17092014_FPENSION ...
[2026-08-24 17:01:07] [428/1627] OK FI_PN_TD_17092014_FPENSION
[2026-08-24 17:01:07] [429/1627] Dumping FI_PN_TD_2P2_ARREAR ...
[2026-08-24 17:01:07] [429/1627] OK FI_PN_TD_2P2_ARREAR
[2026-08-24 17:01:07] [430/1627] Dumping FI_PN_TD_ACP_FAM_LIC ...
[2026-08-24 17:01:07] [430/1627] OK FI_PN_TD_ACP_FAM_LIC
[2026-08-24 17:01:07] [431/1627] Dumping FI_PN_TD_ANNUITY ...
[2026-08-24 17:01:07] [431/1627] OK FI_PN_TD_ANNUITY
[2026-08-24 17:01:07] [432/1627] Dumping FI_PN_TD_ARREAR2P2 ...
[2026-08-24 17:01:09] [432/1627] OK FI_PN_TD_ARREAR2P2
[2026-08-24 17:01:09] [433/1627] Dumping FI_PN_TD_ARREAR2P2_ACP ...
[2026-08-24 17:01:09] [433/1627] OK FI_PN_TD_ARREAR2P2_ACP
[2026-08-24 17:01:09] [434/1627] Dumping FI_PN_TD_ARREAR2P2_ACP_LIC ...
[2026-08-24 17:01:09] [434/1627] OK FI_PN_TD_ARREAR2P2_ACP_LIC
[2026-08-24 17:01:09] [435/1627] Dumping FI_PN_TD_ARREAR2P2_ACP_LIC_BKP ...
[2026-08-24 17:01:10] [435/1627] OK FI_PN_TD_ARREAR2P2_ACP_LIC_BKP
[2026-08-24 17:01:10] [436/1627] Dumping FI_PN_TD_ARREAR2P2_ACP_LIC_FAM ...
[2026-08-24 17:01:10] [436/1627] OK FI_PN_TD_ARREAR2P2_ACP_LIC_FAM
[2026-08-24 17:01:10] [437/1627] Dumping FI_PN_TD_ARREAR2P2_ACP_LIC_OLD ...
[2026-08-24 17:01:10] [437/1627] OK FI_PN_TD_ARREAR2P2_ACP_LIC_OLD
[2026-08-24 17:01:10] [438/1627] Dumping FI_PN_TD_ARREAR_CON ...
[2026-08-24 17:01:28] [438/1627] OK FI_PN_TD_ARREAR_CON
[2026-08-24 17:01:28] [439/1627] Dumping FI_PN_TD_ARREAR_CON_DEATH ...
[2026-08-24 17:01:31] [439/1627] OK FI_PN_TD_ARREAR_CON_DEATH
[2026-08-24 17:01:31] [440/1627] Dumping FI_PN_TD_ARREAR_CON_FAM ...
[2026-08-24 17:01:47] [440/1627] OK FI_PN_TD_ARREAR_CON_FAM
[2026-08-24 17:01:47] [441/1627] Dumping FI_PN_TD_ARREAR_CON_HIS ...
[2026-08-24 17:02:02] [441/1627] OK FI_PN_TD_ARREAR_CON_HIS
[2026-08-24 17:02:02] [442/1627] Dumping FI_PN_TD_ARREAR_CON_LIC ...
[2026-08-24 17:02:04] [442/1627] OK FI_PN_TD_ARREAR_CON_LIC
[2026-08-24 17:02:04] [443/1627] Dumping FI_PN_TD_ARREAR_CON_REPROC ...
[2026-08-24 17:02:05] [443/1627] OK FI_PN_TD_ARREAR_CON_REPROC
[2026-08-24 17:02:05] [444/1627] Dumping FI_PN_TD_ARREAR_LIC_DEATH ...
[2026-08-24 17:02:05] [444/1627] OK FI_PN_TD_ARREAR_LIC_DEATH
[2026-08-24 17:02:05] [445/1627] Dumping FI_PN_TD_ARREAR_WEB ...
[2026-08-24 17:02:51] [445/1627] OK FI_PN_TD_ARREAR_WEB
[2026-08-24 17:02:51] [446/1627] Dumping FI_PN_TD_ARR_CON_SC ...
[2026-08-24 17:02:51] [446/1627] OK FI_PN_TD_ARR_CON_SC
[2026-08-24 17:02:51] [447/1627] Dumping FI_PN_TD_BASIC_CHANGE_ARR ...
[2026-08-24 17:02:56] [447/1627] OK FI_PN_TD_BASIC_CHANGE_ARR
[2026-08-24 17:02:56] [448/1627] Dumping FI_PN_TD_BASIC_CHANGE_ARR_126 ...
[2026-08-24 17:02:56] [448/1627] OK FI_PN_TD_BASIC_CHANGE_ARR_126
[2026-08-24 17:02:56] [449/1627] Dumping FI_PN_TD_BILLALOC ...
[2026-08-24 17:03:00] [449/1627] OK FI_PN_TD_BILLALOC
[2026-08-24 17:03:00] [450/1627] Dumping FI_PN_TD_BILLPASS ...
[2026-08-24 17:03:02] [450/1627] OK FI_PN_TD_BILLPASS
[2026-08-24 17:03:02] [451/1627] Dumping FI_PN_TD_BILLPASS_BACKUP ...
[2026-08-24 17:03:02] [451/1627] OK FI_PN_TD_BILLPASS_BACKUP
[2026-08-24 17:03:02] [452/1627] Dumping FI_PN_TD_COMBILL ...
[2026-08-24 17:03:03] [452/1627] OK FI_PN_TD_COMBILL
[2026-08-24 17:03:03] [453/1627] Dumping FI_PN_TD_CON_CPI_N ...
[2026-08-24 17:03:03] [453/1627] OK FI_PN_TD_CON_CPI_N
[2026-08-24 17:03:03] [454/1627] Dumping FI_PN_TD_CON_DEATH ...
[2026-08-24 17:03:05] [454/1627] OK FI_PN_TD_CON_DEATH
[2026-08-24 17:03:05] [455/1627] Dumping FI_PN_TD_CON_DEATH_LIC ...
[2026-08-24 17:03:06] [455/1627] OK FI_PN_TD_CON_DEATH_LIC
[2026-08-24 17:03:06] [456/1627] Dumping FI_PN_TD_CON_DEATH_TEST ...
[2026-08-24 17:03:06] [456/1627] OK FI_PN_TD_CON_DEATH_TEST
[2026-08-24 17:03:06] [457/1627] Dumping FI_PN_TD_CON_FAM_MULTI ...
[2026-08-24 17:03:07] [457/1627] OK FI_PN_TD_CON_FAM_MULTI
[2026-08-24 17:03:07] [458/1627] Dumping FI_PN_TD_CON_FAM_MULTI_LIC ...
[2026-08-24 17:03:08] [458/1627] OK FI_PN_TD_CON_FAM_MULTI_LIC
[2026-08-24 17:03:08] [459/1627] Dumping FI_PN_TD_CON_LIC_DEATH ...
[2026-08-24 17:03:08] [459/1627] OK FI_PN_TD_CON_LIC_DEATH
[2026-08-24 17:03:08] [460/1627] Dumping FI_PN_TD_CON_LIC_NORMAL ...
[2026-08-24 17:03:13] [460/1627] OK FI_PN_TD_CON_LIC_NORMAL
[2026-08-24 17:03:13] [461/1627] Dumping FI_PN_TD_CON_LIC_NORMAL_COPY ...
[2026-08-24 17:03:17] [461/1627] OK FI_PN_TD_CON_LIC_NORMAL_COPY
[2026-08-24 17:03:17] [462/1627] Dumping FI_PN_TD_CON_LIC_NORMAL_RANO ...
[2026-08-24 17:03:18] [462/1627] OK FI_PN_TD_CON_LIC_NORMAL_RANO
[2026-08-24 17:03:18] [463/1627] Dumping FI_PN_TD_CON_NORMAL ...
[2026-08-24 17:03:53] [463/1627] OK FI_PN_TD_CON_NORMAL
[2026-08-24 17:03:53] [464/1627] Dumping FI_PN_TD_CON_NORMAL_1 ...
[2026-08-24 17:04:05] [464/1627] OK FI_PN_TD_CON_NORMAL_1
[2026-08-24 17:04:05] [465/1627] Dumping FI_PN_TD_CON_NORMAL_2 ...
[2026-08-24 17:04:11] [465/1627] OK FI_PN_TD_CON_NORMAL_2
[2026-08-24 17:04:11] [466/1627] Dumping FI_PN_TD_CON_NORMAL_3 ...
[2026-08-24 17:04:23] [466/1627] OK FI_PN_TD_CON_NORMAL_3
[2026-08-24 17:04:23] [467/1627] Dumping FI_PN_TD_CON_NORMAL_4 ...
[2026-08-24 17:04:27] [467/1627] OK FI_PN_TD_CON_NORMAL_4
[2026-08-24 17:04:27] [468/1627] Dumping FI_PN_TD_CON_NORMAL_5 ...
[2026-08-24 17:04:28] [468/1627] OK FI_PN_TD_CON_NORMAL_5
[2026-08-24 17:04:28] [469/1627] Dumping FI_PN_TD_CON_NORMAL_SPL ...
[2026-08-24 17:04:28] [469/1627] OK FI_PN_TD_CON_NORMAL_SPL
[2026-08-24 17:04:28] [470/1627] Dumping FI_PN_TD_CON_NORMAL_TC ...
[2026-08-24 17:04:28] [470/1627] OK FI_PN_TD_CON_NORMAL_TC
[2026-08-24 17:04:28] [471/1627] Dumping FI_PN_TD_DEATH2P2_ACP_LIC ...
[2026-08-24 17:04:29] [471/1627] OK FI_PN_TD_DEATH2P2_ACP_LIC
[2026-08-24 17:04:29] [472/1627] Dumping FI_PN_TD_DEATH2P2_ACP_LIC_BKP ...
[2026-08-24 17:04:29] [472/1627] OK FI_PN_TD_DEATH2P2_ACP_LIC_BKP
[2026-08-24 17:04:29] [473/1627] Dumping FI_PN_TD_DECEASED_OLDAGE ...
[2026-08-24 17:04:29] [473/1627] OK FI_PN_TD_DECEASED_OLDAGE
[2026-08-24 17:04:29] [474/1627] Dumping FI_PN_TD_EXGRATIA_BILL ...
[2026-08-24 17:04:29] [474/1627] OK FI_PN_TD_EXGRATIA_BILL
[2026-08-24 17:04:29] [475/1627] Dumping FI_PN_TD_EXG_BCK ...
[2026-08-24 17:04:29] [475/1627] OK FI_PN_TD_EXG_BCK
[2026-08-24 17:04:29] [476/1627] Dumping FI_PN_TD_FAMILY_ACP_LIC ...
[2026-08-24 17:04:29] [476/1627] OK FI_PN_TD_FAMILY_ACP_LIC
[2026-08-24 17:04:29] [477/1627] Dumping FI_PN_TD_FAM_LIC_DEATH ...
[2026-08-24 17:04:30] [477/1627] OK FI_PN_TD_FAM_LIC_DEATH
[2026-08-24 17:04:30] [478/1627] Dumping FI_PN_TD_FIRST_MONTH_EXG ...
[2026-08-24 17:04:31] [478/1627] OK FI_PN_TD_FIRST_MONTH_EXG
[2026-08-24 17:04:31] [479/1627] Dumping FI_PN_TD_FIRST_MONTH_FPEN ...
[2026-08-24 17:04:38] [479/1627] OK FI_PN_TD_FIRST_MONTH_FPEN
[2026-08-24 17:04:38] [480/1627] Dumping FI_PN_TD_FIRST_MONTH_FPENSION ...
[2026-08-24 17:04:52] [480/1627] OK FI_PN_TD_FIRST_MONTH_FPENSION
[2026-08-24 17:04:52] [481/1627] Dumping FI_PN_TD_FIRST_MONTH_PENSION ...
[2026-08-24 17:05:09] [481/1627] OK FI_PN_TD_FIRST_MONTH_PENSION
[2026-08-24 17:05:09] [482/1627] Dumping FI_PN_TD_FIRST_MONTH_PENSIONB ...
[2026-08-24 17:05:11] [482/1627] OK FI_PN_TD_FIRST_MONTH_PENSIONB
[2026-08-24 17:05:11] [483/1627] Dumping FI_PN_TD_FIRST_MONTH_PEN_EXC ...
[2026-08-24 17:05:11] [483/1627] OK FI_PN_TD_FIRST_MONTH_PEN_EXC
[2026-08-24 17:05:11] [484/1627] Dumping FI_PN_TD_FIRST_MONTH_PEN_REV ...
[2026-08-24 17:05:11] [484/1627] OK FI_PN_TD_FIRST_MONTH_PEN_REV
[2026-08-24 17:05:11] [485/1627] Dumping FI_PN_TD_FIRST_MONTH_TEST ...
[2026-08-24 17:05:19] [485/1627] OK FI_PN_TD_FIRST_MONTH_TEST
[2026-08-24 17:05:19] [486/1627] Dumping FI_PN_TD_FIRST_MTH_EXG_BKUP ...
[2026-08-24 17:05:19] [486/1627] OK FI_PN_TD_FIRST_MTH_EXG_BKUP
[2026-08-24 17:05:19] [487/1627] Dumping FI_PN_TD_FIRST_MTH_FPEN_BKUP ...
[2026-08-24 17:05:22] [487/1627] OK FI_PN_TD_FIRST_MTH_FPEN_BKUP
[2026-08-24 17:05:22] [488/1627] Dumping FI_PN_TD_FIRST_MTH_PEN_BKUP ...
[2026-08-24 17:05:28] [488/1627] OK FI_PN_TD_FIRST_MTH_PEN_BKUP
[2026-08-24 17:05:28] [489/1627] Dumping FI_PN_TD_G20_BILL ...
[2026-08-24 17:05:28] [489/1627] OK FI_PN_TD_G20_BILL
[2026-08-24 17:05:28] [490/1627] Dumping FI_PN_TD_G20_BILL_SU ...
[2026-08-24 17:05:28] [490/1627] OK FI_PN_TD_G20_BILL_SU
[2026-08-24 17:05:28] [491/1627] Dumping FI_PN_TD_GRAD_VOUCHER ...
[2026-08-24 17:05:28] [491/1627] OK FI_PN_TD_GRAD_VOUCHER
[2026-08-24 17:05:28] [492/1627] Dumping FI_PN_TD_INT_DEDUCTION ...
[2026-08-24 17:05:29] [492/1627] OK FI_PN_TD_INT_DEDUCTION
[2026-08-24 17:05:29] [493/1627] Dumping FI_PN_TD_JV ...
[2026-08-24 17:05:34] [493/1627] OK FI_PN_TD_JV
[2026-08-24 17:05:34] [494/1627] Dumping FI_PN_TD_JV_BKP ...
[2026-08-24 17:05:37] [494/1627] OK FI_PN_TD_JV_BKP
[2026-08-24 17:05:37] [495/1627] Dumping FI_PN_TD_KOPT_BANK ...
[2026-08-24 17:05:38] [495/1627] OK FI_PN_TD_KOPT_BANK
[2026-08-24 17:05:38] [496/1627] Dumping FI_PN_TD_LC_PENSIONER ...
[2026-08-24 17:05:39] [496/1627] OK FI_PN_TD_LC_PENSIONER
[2026-08-24 17:05:39] [497/1627] Dumping FI_PN_TD_MACP_FAMILY ...
[2026-08-24 17:05:40] [497/1627] OK FI_PN_TD_MACP_FAMILY
[2026-08-24 17:05:40] [498/1627] Dumping FI_PN_TD_MACP_LIC_FAMILY ...
[2026-08-24 17:05:40] [498/1627] OK FI_PN_TD_MACP_LIC_FAMILY
[2026-08-24 17:05:40] [499/1627] Dumping FI_PN_TD_MACP_LIC_NORMAL ...
[2026-08-24 17:05:40] [499/1627] OK FI_PN_TD_MACP_LIC_NORMAL
[2026-08-24 17:05:40] [500/1627] Dumping FI_PN_TD_MACP_NORMAL ...
[2026-08-24 17:05:41] [500/1627] OK FI_PN_TD_MACP_NORMAL
[2026-08-24 17:05:41] [501/1627] Dumping FI_PN_TD_MONTHLY_EXG ...
[2026-08-24 17:05:42] [501/1627] OK FI_PN_TD_MONTHLY_EXG
[2026-08-24 17:05:42] [502/1627] Dumping FI_PN_TD_NOM_LT_PENSION ...
[2026-08-24 17:05:43] [502/1627] OK FI_PN_TD_NOM_LT_PENSION
[2026-08-24 17:05:43] [503/1627] Dumping FI_PN_TD_NOM_LT_PENSION_BKP ...
[2026-08-24 17:05:43] [503/1627] OK FI_PN_TD_NOM_LT_PENSION_BKP
[2026-08-24 17:05:43] [504/1627] Dumping FI_PN_TD_NOM_LT_PENSION_HIST ...
[2026-08-24 17:05:43] [504/1627] OK FI_PN_TD_NOM_LT_PENSION_HIST
[2026-08-24 17:05:43] [505/1627] Dumping FI_PN_TD_NOM_LT_PENSION_SANDIP ...
[2026-08-24 17:05:43] [505/1627] OK FI_PN_TD_NOM_LT_PENSION_SANDIP
[2026-08-24 17:05:43] [506/1627] Dumping FI_PN_TD_OFFICER_CONS ...
[2026-08-24 17:05:46] [506/1627] OK FI_PN_TD_OFFICER_CONS
[2026-08-24 17:05:46] [507/1627] Dumping FI_PN_TD_OFFICER_CONS_BKP ...
[2026-08-24 17:05:46] [507/1627] OK FI_PN_TD_OFFICER_CONS_BKP
[2026-08-24 17:05:46] [508/1627] Dumping FI_PN_TD_OFFICER_CONS_BKP_BKP ...
[2026-08-24 17:05:46] [508/1627] OK FI_PN_TD_OFFICER_CONS_BKP_BKP
[2026-08-24 17:05:46] [509/1627] Dumping FI_PN_TD_OFFICER_CONS_LIC ...
[2026-08-24 17:05:47] [509/1627] OK FI_PN_TD_OFFICER_CONS_LIC
[2026-08-24 17:05:47] [510/1627] Dumping FI_PN_TD_OFFICER_CONS_LIC_HIST ...
[2026-08-24 17:05:47] [510/1627] OK FI_PN_TD_OFFICER_CONS_LIC_HIST
[2026-08-24 17:05:47] [511/1627] Dumping FI_PN_TD_OFFICER_CONS_SPC ...
[2026-08-24 17:05:47] [511/1627] OK FI_PN_TD_OFFICER_CONS_SPC
[2026-08-24 17:05:47] [512/1627] Dumping FI_PN_TD_OFFI_SPL_PEN ...
[2026-08-24 17:05:48] [512/1627] OK FI_PN_TD_OFFI_SPL_PEN
[2026-08-24 17:05:48] [513/1627] Dumping FI_PN_TD_OFFI_SPL_PEN_OLD ...
[2026-08-24 17:05:48] [513/1627] OK FI_PN_TD_OFFI_SPL_PEN_OLD
[2026-08-24 17:05:48] [514/1627] Dumping FI_PN_TD_OLDAGE_ARREAR ...
[2026-08-24 17:06:06] [514/1627] OK FI_PN_TD_OLDAGE_ARREAR
[2026-08-24 17:06:06] [515/1627] Dumping FI_PN_TD_OLDAGE_ARREAR1 ...
[2026-08-24 17:06:07] [515/1627] OK FI_PN_TD_OLDAGE_ARREAR1
[2026-08-24 17:06:07] [516/1627] Dumping FI_PN_TD_OLDAGE_ARREAR2 ...
[2026-08-24 17:06:08] [516/1627] OK FI_PN_TD_OLDAGE_ARREAR2
[2026-08-24 17:06:08] [517/1627] Dumping FI_PN_TD_OLDAGE_ARREAR3 ...
[2026-08-24 17:06:09] [517/1627] OK FI_PN_TD_OLDAGE_ARREAR3
[2026-08-24 17:06:09] [518/1627] Dumping FI_PN_TD_OLDAGE_ARREAR_TAN ...
[2026-08-24 17:06:28] [518/1627] OK FI_PN_TD_OLDAGE_ARREAR_TAN
[2026-08-24 17:06:28] [519/1627] Dumping FI_PN_TD_PEN_CAL ...
[2026-08-24 17:06:28] [519/1627] OK FI_PN_TD_PEN_CAL
[2026-08-24 17:06:28] [520/1627] Dumping FI_PN_TD_REV_ARR ...
[2026-08-24 17:06:29] [520/1627] OK FI_PN_TD_REV_ARR
[2026-08-24 17:06:29] [521/1627] Dumping FI_PN_TD_REV_ARR_BACK ...
[2026-08-24 17:06:30] [521/1627] OK FI_PN_TD_REV_ARR_BACK
[2026-08-24 17:06:30] [522/1627] Dumping FI_PN_TD_REV_ARR_BKP ...
[2026-08-24 17:06:31] [522/1627] OK FI_PN_TD_REV_ARR_BKP
[2026-08-24 17:06:31] [523/1627] Dumping FI_PN_TD_REV_ARR_FAMILY ...
[2026-08-24 17:06:32] [523/1627] OK FI_PN_TD_REV_ARR_FAMILY
[2026-08-24 17:06:32] [524/1627] Dumping FI_PN_TD_SALOUT ...
[2026-08-24 17:06:40] [524/1627] OK FI_PN_TD_SALOUT
[2026-08-24 17:06:40] [525/1627] Dumping FI_PN_TD_SALOUT_EXC ...
[2026-08-24 17:06:40] [525/1627] OK FI_PN_TD_SALOUT_EXC
[2026-08-24 17:06:40] [526/1627] Dumping FI_PN_TD_SEPCOM ...
[2026-08-24 17:06:41] [526/1627] OK FI_PN_TD_SEPCOM
[2026-08-24 17:06:41] [527/1627] Dumping FI_PN_TD_SPL_CASES ...
[2026-08-24 17:06:41] [527/1627] OK FI_PN_TD_SPL_CASES
[2026-08-24 17:06:41] [528/1627] Dumping FI_PN_TD_SPL_CASES_LIC_1695 ...
[2026-08-24 17:06:41] [528/1627] OK FI_PN_TD_SPL_CASES_LIC_1695
[2026-08-24 17:06:41] [529/1627] Dumping FI_PN_TD_VOUCHER ...
[2026-08-24 17:06:41] [529/1627] OK FI_PN_TD_VOUCHER
[2026-08-24 17:06:41] [530/1627] Dumping FI_PN_TD_VOUCHER_HIST ...
[2026-08-24 17:06:41] [530/1627] OK FI_PN_TD_VOUCHER_HIST
[2026-08-24 17:06:41] [531/1627] Dumping FI_PN_TD_WAGE_REV_DEATH ...
[2026-08-24 17:06:42] [531/1627] OK FI_PN_TD_WAGE_REV_DEATH
[2026-08-24 17:06:42] [532/1627] Dumping FI_PN_TD_WAGE_REV_FAMILY ...
[2026-08-24 17:06:42] [532/1627] OK FI_PN_TD_WAGE_REV_FAMILY
[2026-08-24 17:06:42] [533/1627] Dumping FI_PN_TD_WAGE_REV_NORMAL ...
[2026-08-24 17:06:43] [533/1627] OK FI_PN_TD_WAGE_REV_NORMAL
[2026-08-24 17:06:43] [534/1627] Dumping FI_PN_TD_WAGE_REV_NORMAL_BKP ...
[2026-08-24 17:06:44] [534/1627] OK FI_PN_TD_WAGE_REV_NORMAL_BKP
[2026-08-24 17:06:44] [535/1627] Dumping FI_PN_TH_17092014_FPENSION ...
[2026-08-24 17:06:44] [535/1627] OK FI_PN_TH_17092014_FPENSION
[2026-08-24 17:06:44] [536/1627] Dumping FI_PN_TH_ACP_FAM_LIC ...
[2026-08-24 17:06:44] [536/1627] OK FI_PN_TH_ACP_FAM_LIC
[2026-08-24 17:06:44] [537/1627] Dumping FI_PN_TH_ARREAR2P2 ...
[2026-08-24 17:06:44] [537/1627] OK FI_PN_TH_ARREAR2P2
[2026-08-24 17:06:44] [538/1627] Dumping FI_PN_TH_ARREAR2P2_ACP ...
[2026-08-24 17:06:44] [538/1627] OK FI_PN_TH_ARREAR2P2_ACP
[2026-08-24 17:06:44] [539/1627] Dumping FI_PN_TH_ARREAR2P2_ACP_LIC ...
[2026-08-24 17:06:45] [539/1627] OK FI_PN_TH_ARREAR2P2_ACP_LIC
[2026-08-24 17:06:45] [540/1627] Dumping FI_PN_TH_ARREAR2P2_ACP_LIC_BKP ...
[2026-08-24 17:06:45] [540/1627] OK FI_PN_TH_ARREAR2P2_ACP_LIC_BKP
[2026-08-24 17:06:45] [541/1627] Dumping FI_PN_TH_ARREAR2P2_ACP_LIC_FAM ...
[2026-08-24 17:06:45] [541/1627] OK FI_PN_TH_ARREAR2P2_ACP_LIC_FAM
[2026-08-24 17:06:45] [542/1627] Dumping FI_PN_TH_ARREAR2P2_ACP_LIC_OLD ...
[2026-08-24 17:06:45] [542/1627] OK FI_PN_TH_ARREAR2P2_ACP_LIC_OLD
[2026-08-24 17:06:45] [543/1627] Dumping FI_PN_TH_ARREAR2P2_BACK ...
[2026-08-24 17:06:45] [543/1627] OK FI_PN_TH_ARREAR2P2_BACK
[2026-08-24 17:06:45] [544/1627] Dumping FI_PN_TH_ARREAR2P2_TEMP ...
[2026-08-24 17:06:46] [544/1627] OK FI_PN_TH_ARREAR2P2_TEMP
[2026-08-24 17:06:46] [545/1627] Dumping FI_PN_TH_ARREAR_CON ...
[2026-08-24 17:06:48] [545/1627] OK FI_PN_TH_ARREAR_CON
[2026-08-24 17:06:48] [546/1627] Dumping FI_PN_TH_ARREAR_CON_DEATH ...
[2026-08-24 17:06:49] [546/1627] OK FI_PN_TH_ARREAR_CON_DEATH
[2026-08-24 17:06:49] [547/1627] Dumping FI_PN_TH_ARREAR_CON_FAM ...
[2026-08-24 17:06:51] [547/1627] OK FI_PN_TH_ARREAR_CON_FAM
[2026-08-24 17:06:51] [548/1627] Dumping FI_PN_TH_ARREAR_CON_HIS ...
[2026-08-24 17:06:53] [548/1627] OK FI_PN_TH_ARREAR_CON_HIS
[2026-08-24 17:06:53] [549/1627] Dumping FI_PN_TH_ARREAR_CON_LIC ...
[2026-08-24 17:06:53] [549/1627] OK FI_PN_TH_ARREAR_CON_LIC
[2026-08-24 17:06:53] [550/1627] Dumping FI_PN_TH_ARREAR_LIC_DEATH ...
[2026-08-24 17:06:54] [550/1627] OK FI_PN_TH_ARREAR_LIC_DEATH
[2026-08-24 17:06:54] [551/1627] Dumping FI_PN_TH_ARREAR_WEB ...
[2026-08-24 17:06:59] [551/1627] OK FI_PN_TH_ARREAR_WEB
[2026-08-24 17:06:59] [552/1627] Dumping FI_PN_TH_ARR_CON_FAM_SC ...
[2026-08-24 17:06:59] [552/1627] OK FI_PN_TH_ARR_CON_FAM_SC
[2026-08-24 17:06:59] [553/1627] Dumping FI_PN_TH_ARR_CON_SC ...
[2026-08-24 17:06:59] [553/1627] OK FI_PN_TH_ARR_CON_SC
[2026-08-24 17:06:59] [554/1627] Dumping FI_PN_TH_BANKRECOV ...
[2026-08-24 17:07:00] [554/1627] OK FI_PN_TH_BANKRECOV
[2026-08-24 17:07:00] [555/1627] Dumping FI_PN_TH_BANKRECOV_H ...
[2026-08-24 17:07:00] [555/1627] OK FI_PN_TH_BANKRECOV_H
[2026-08-24 17:07:00] [556/1627] Dumping FI_PN_TH_BASIC_CHANGE_ARR ...
[2026-08-24 17:07:00] [556/1627] OK FI_PN_TH_BASIC_CHANGE_ARR
[2026-08-24 17:07:00] [557/1627] Dumping FI_PN_TH_BASIC_CHANGE_ARR_126 ...
[2026-08-24 17:07:00] [557/1627] OK FI_PN_TH_BASIC_CHANGE_ARR_126
[2026-08-24 17:07:00] [558/1627] Dumping FI_PN_TH_BILLPASS ...
[2026-08-24 17:07:04] [558/1627] OK FI_PN_TH_BILLPASS
[2026-08-24 17:07:04] [559/1627] Dumping FI_PN_TH_COMBILL ...
[2026-08-24 17:07:04] [559/1627] OK FI_PN_TH_COMBILL
[2026-08-24 17:07:04] [560/1627] Dumping FI_PN_TH_CON_CPI_N ...
[2026-08-24 17:07:04] [560/1627] OK FI_PN_TH_CON_CPI_N
[2026-08-24 17:07:04] [561/1627] Dumping FI_PN_TH_CON_DEATH ...
[2026-08-24 17:07:05] [561/1627] OK FI_PN_TH_CON_DEATH
[2026-08-24 17:07:05] [562/1627] Dumping FI_PN_TH_CON_DEATH_LIC ...
[2026-08-24 17:07:05] [562/1627] OK FI_PN_TH_CON_DEATH_LIC
[2026-08-24 17:07:05] [563/1627] Dumping FI_PN_TH_CON_DEATH_TEST ...
[2026-08-24 17:07:05] [563/1627] OK FI_PN_TH_CON_DEATH_TEST
[2026-08-24 17:07:05] [564/1627] Dumping FI_PN_TH_CON_FAM_MULTI ...
[2026-08-24 17:07:06] [564/1627] OK FI_PN_TH_CON_FAM_MULTI
[2026-08-24 17:07:06] [565/1627] Dumping FI_PN_TH_CON_FAM_MULTI_LIC ...
[2026-08-24 17:07:06] [565/1627] OK FI_PN_TH_CON_FAM_MULTI_LIC
[2026-08-24 17:07:06] [566/1627] Dumping FI_PN_TH_CON_LIC_DEATH ...
[2026-08-24 17:07:06] [566/1627] OK FI_PN_TH_CON_LIC_DEATH
[2026-08-24 17:07:06] [567/1627] Dumping FI_PN_TH_CON_LIC_NORMAL ...
[2026-08-24 17:07:06] [567/1627] OK FI_PN_TH_CON_LIC_NORMAL
[2026-08-24 17:07:06] [568/1627] Dumping FI_PN_TH_CON_LIC_NORMAL_COPY ...
[2026-08-24 17:07:07] [568/1627] OK FI_PN_TH_CON_LIC_NORMAL_COPY
[2026-08-24 17:07:07] [569/1627] Dumping FI_PN_TH_CON_NORMAL ...
[2026-08-24 17:07:10] [569/1627] OK FI_PN_TH_CON_NORMAL
[2026-08-24 17:07:10] [570/1627] Dumping FI_PN_TH_CON_NORMAL_1 ...
[2026-08-24 17:07:10] [570/1627] OK FI_PN_TH_CON_NORMAL_1
[2026-08-24 17:07:10] [571/1627] Dumping FI_PN_TH_CON_NORMAL_2 ...
[2026-08-24 17:07:11] [571/1627] OK FI_PN_TH_CON_NORMAL_2
[2026-08-24 17:07:11] [572/1627] Dumping FI_PN_TH_CON_NORMAL_3 ...
[2026-08-24 17:07:12] [572/1627] OK FI_PN_TH_CON_NORMAL_3
[2026-08-24 17:07:12] [573/1627] Dumping FI_PN_TH_CON_NORMAL_4 ...
[2026-08-24 17:07:12] [573/1627] OK FI_PN_TH_CON_NORMAL_4
[2026-08-24 17:07:12] [574/1627] Dumping FI_PN_TH_CON_NORMAL_5 ...
[2026-08-24 17:07:12] [574/1627] OK FI_PN_TH_CON_NORMAL_5
[2026-08-24 17:07:12] [575/1627] Dumping FI_PN_TH_CON_NORMAL_SPL ...
[2026-08-24 17:07:13] [575/1627] OK FI_PN_TH_CON_NORMAL_SPL
[2026-08-24 17:07:13] [576/1627] Dumping FI_PN_TH_DEATH2P2_ACP_LIC ...
[2026-08-24 17:07:13] [576/1627] OK FI_PN_TH_DEATH2P2_ACP_LIC
[2026-08-24 17:07:13] [577/1627] Dumping FI_PN_TH_DEATH2P2_ACP_LIC_BKP ...
[2026-08-24 17:07:13] [577/1627] OK FI_PN_TH_DEATH2P2_ACP_LIC_BKP
[2026-08-24 17:07:13] [578/1627] Dumping FI_PN_TH_DECEASED_OLDAGE ...
[2026-08-24 17:07:13] [578/1627] OK FI_PN_TH_DECEASED_OLDAGE
[2026-08-24 17:07:13] [579/1627] Dumping FI_PN_TH_DED_PEN_CAL ...
[2026-08-24 17:07:13] [579/1627] OK FI_PN_TH_DED_PEN_CAL
[2026-08-24 17:07:13] [580/1627] Dumping FI_PN_TH_ERRLOG_SU ...
[2026-08-24 17:07:13] [580/1627] OK FI_PN_TH_ERRLOG_SU
[2026-08-24 17:07:13] [581/1627] Dumping FI_PN_TH_ERROR_LOG ...
[2026-08-24 17:07:14] [581/1627] OK FI_PN_TH_ERROR_LOG
[2026-08-24 17:07:14] [582/1627] Dumping FI_PN_TH_ERROR_LOG_REV ...
[2026-08-24 17:07:14] [582/1627] OK FI_PN_TH_ERROR_LOG_REV
[2026-08-24 17:07:14] [583/1627] Dumping FI_PN_TH_ERROR_PEN_CAL ...
[2026-08-24 17:07:14] [583/1627] OK FI_PN_TH_ERROR_PEN_CAL
[2026-08-24 17:07:14] [584/1627] Dumping FI_PN_TH_EXGRATIA_BILL ...
[2026-08-24 17:07:14] [584/1627] OK FI_PN_TH_EXGRATIA_BILL
[2026-08-24 17:07:14] [585/1627] Dumping FI_PN_TH_EXG_BCK ...
[2026-08-24 17:07:14] [585/1627] OK FI_PN_TH_EXG_BCK
[2026-08-24 17:07:14] [586/1627] Dumping FI_PN_TH_EXG_TMP ...
[2026-08-24 17:07:15] [586/1627] OK FI_PN_TH_EXG_TMP
[2026-08-24 17:07:15] [587/1627] Dumping FI_PN_TH_FAMILY_ACP_LIC ...
[2026-08-24 17:07:15] [587/1627] OK FI_PN_TH_FAMILY_ACP_LIC
[2026-08-24 17:07:15] [588/1627] Dumping FI_PN_TH_FAM_LIC_DEATH ...
[2026-08-24 17:07:15] [588/1627] OK FI_PN_TH_FAM_LIC_DEATH
[2026-08-24 17:07:15] [589/1627] Dumping FI_PN_TH_FIRST_MONTH_EXG ...
[2026-08-24 17:07:16] [589/1627] OK FI_PN_TH_FIRST_MONTH_EXG
[2026-08-24 17:07:16] [590/1627] Dumping FI_PN_TH_FIRST_MONTH_FPEN ...
[2026-08-24 17:07:21] [590/1627] OK FI_PN_TH_FIRST_MONTH_FPEN
[2026-08-24 17:07:21] [591/1627] Dumping FI_PN_TH_FIRST_MONTH_FPENSION ...
[2026-08-24 17:07:29] [591/1627] OK FI_PN_TH_FIRST_MONTH_FPENSION
[2026-08-24 17:07:29] [592/1627] Dumping FI_PN_TH_FIRST_MONTH_FPENSIOQL ...
[2026-08-24 17:07:33] [592/1627] OK FI_PN_TH_FIRST_MONTH_FPENSIOQL
[2026-08-24 17:07:33] [593/1627] Dumping FI_PN_TH_FIRST_MONTH_PENSION ...
[2026-08-24 17:07:44] [593/1627] OK FI_PN_TH_FIRST_MONTH_PENSION
[2026-08-24 17:07:44] [594/1627] Dumping FI_PN_TH_FIRST_MONTH_PEN_EXC ...
[2026-08-24 17:07:45] [594/1627] OK FI_PN_TH_FIRST_MONTH_PEN_EXC
[2026-08-24 17:07:45] [595/1627] Dumping FI_PN_TH_FIRST_MONTH_PEN_REV ...
[2026-08-24 17:07:45] [595/1627] OK FI_PN_TH_FIRST_MONTH_PEN_REV
[2026-08-24 17:07:45] [596/1627] Dumping FI_PN_TH_FIRST_MONTH_TEST ...
[2026-08-24 17:07:51] [596/1627] OK FI_PN_TH_FIRST_MONTH_TEST
[2026-08-24 17:07:51] [597/1627] Dumping FI_PN_TH_FIRST_MTH_EXG_BKUP ...
[2026-08-24 17:07:51] [597/1627] OK FI_PN_TH_FIRST_MTH_EXG_BKUP
[2026-08-24 17:07:51] [598/1627] Dumping FI_PN_TH_FPENSION_BILL ...
[2026-08-24 17:07:52] [598/1627] OK FI_PN_TH_FPENSION_BILL
[2026-08-24 17:07:52] [599/1627] Dumping FI_PN_TH_FPENSION_TMP ...
[2026-08-24 17:07:53] [599/1627] OK FI_PN_TH_FPENSION_TMP
[2026-08-24 17:07:53] [600/1627] Dumping FI_PN_TH_G20_BILL ...
[2026-08-24 17:07:53] [600/1627] OK FI_PN_TH_G20_BILL
[2026-08-24 17:07:53] [601/1627] Dumping FI_PN_TH_GRAD_VOUCHER ...
[2026-08-24 17:07:53] [601/1627] OK FI_PN_TH_GRAD_VOUCHER
[2026-08-24 17:07:53] [602/1627] Dumping FI_PN_TH_INTMNTH_DEDN ...
[2026-08-24 17:07:53] [602/1627] OK FI_PN_TH_INTMNTH_DEDN
[2026-08-24 17:07:53] [603/1627] Dumping FI_PN_TH_INTMNTH_DEDN_REV ...
[2026-08-24 17:07:53] [603/1627] OK FI_PN_TH_INTMNTH_DEDN_REV
[2026-08-24 17:07:53] [604/1627] Dumping FI_PN_TH_INT_DEDUCTION ...
[2026-08-24 17:07:54] [604/1627] OK FI_PN_TH_INT_DEDUCTION
[2026-08-24 17:07:54] [605/1627] Dumping FI_PN_TH_JV ...
[2026-08-24 17:07:56] [605/1627] OK FI_PN_TH_JV
[2026-08-24 17:07:56] [606/1627] Dumping FI_PN_TH_JV_BKP ...
[2026-08-24 17:07:57] [606/1627] OK FI_PN_TH_JV_BKP
[2026-08-24 17:07:57] [607/1627] Dumping FI_PN_TH_LC_PENSIONER ...
[2026-08-24 17:07:57] [607/1627] OK FI_PN_TH_LC_PENSIONER
[2026-08-24 17:07:57] [608/1627] Dumping FI_PN_TH_MACP_FAMILY ...
[2026-08-24 17:07:58] [608/1627] OK FI_PN_TH_MACP_FAMILY
[2026-08-24 17:07:58] [609/1627] Dumping FI_PN_TH_MACP_LIC_FAMILY ...
[2026-08-24 17:07:58] [609/1627] OK FI_PN_TH_MACP_LIC_FAMILY
[2026-08-24 17:07:58] [610/1627] Dumping FI_PN_TH_MACP_LIC_NORMAL ...
[2026-08-24 17:07:58] [610/1627] OK FI_PN_TH_MACP_LIC_NORMAL
[2026-08-24 17:07:58] [611/1627] Dumping FI_PN_TH_MACP_NORMAL ...
[2026-08-24 17:07:58] [611/1627] OK FI_PN_TH_MACP_NORMAL
[2026-08-24 17:07:58] [612/1627] Dumping FI_PN_TH_MONTHLY_EXG ...
[2026-08-24 17:07:59] [612/1627] OK FI_PN_TH_MONTHLY_EXG
[2026-08-24 17:07:59] [613/1627] Dumping FI_PN_TH_NOM_LT_PENSION ...
[2026-08-24 17:08:00] [613/1627] OK FI_PN_TH_NOM_LT_PENSION
[2026-08-24 17:08:00] [614/1627] Dumping FI_PN_TH_NOM_LT_PENSION_BK ...
[2026-08-24 17:08:00] [614/1627] OK FI_PN_TH_NOM_LT_PENSION_BK
[2026-08-24 17:08:00] [615/1627] Dumping FI_PN_TH_NOM_LT_PENSION_BKP ...
[2026-08-24 17:08:00] [615/1627] OK FI_PN_TH_NOM_LT_PENSION_BKP
[2026-08-24 17:08:00] [616/1627] Dumping FI_PN_TH_NOM_LT_PENSION_HIST ...
[2026-08-24 17:08:00] [616/1627] OK FI_PN_TH_NOM_LT_PENSION_HIST
[2026-08-24 17:08:00] [617/1627] Dumping FI_PN_TH_NOM_LT_PENSION_RAW ...
[2026-08-24 17:08:01] [617/1627] OK FI_PN_TH_NOM_LT_PENSION_RAW
[2026-08-24 17:08:01] [618/1627] Dumping FI_PN_TH_NOM_LT_PENSION_SANDIP ...
[2026-08-24 17:08:01] [618/1627] OK FI_PN_TH_NOM_LT_PENSION_SANDIP
[2026-08-24 17:08:01] [619/1627] Dumping FI_PN_TH_OFFICER_CONS ...
[2026-08-24 17:08:01] [619/1627] OK FI_PN_TH_OFFICER_CONS
[2026-08-24 17:08:01] [620/1627] Dumping FI_PN_TH_OFFICER_CONS_BKP ...
[2026-08-24 17:08:01] [620/1627] OK FI_PN_TH_OFFICER_CONS_BKP
[2026-08-24 17:08:01] [621/1627] Dumping FI_PN_TH_OFFICER_CONS_BKP_BKP ...
[2026-08-24 17:08:02] [621/1627] OK FI_PN_TH_OFFICER_CONS_BKP_BKP
[2026-08-24 17:08:02] [622/1627] Dumping FI_PN_TH_OFFICER_CONS_LIC ...
[2026-08-24 17:08:02] [622/1627] OK FI_PN_TH_OFFICER_CONS_LIC
[2026-08-24 17:08:02] [623/1627] Dumping FI_PN_TH_OFFICER_CONS_LIC_HIST ...
[2026-08-24 17:08:02] [623/1627] OK FI_PN_TH_OFFICER_CONS_LIC_HIST
[2026-08-24 17:08:02] [624/1627] Dumping FI_PN_TH_OFFICER_CONS_NEW ...
[2026-08-24 17:08:02] [624/1627] OK FI_PN_TH_OFFICER_CONS_NEW
[2026-08-24 17:08:02] [625/1627] Dumping FI_PN_TH_OFFI_SPL_PEN ...
[2026-08-24 17:08:03] [625/1627] OK FI_PN_TH_OFFI_SPL_PEN
[2026-08-24 17:08:03] [626/1627] Dumping FI_PN_TH_OFFI_SPL_PEN_BKP ...
[2026-08-24 17:08:03] [626/1627] OK FI_PN_TH_OFFI_SPL_PEN_BKP
[2026-08-24 17:08:03] [627/1627] Dumping FI_PN_TH_OFFI_SPL_PEN_OLD ...
[2026-08-24 17:08:03] [627/1627] OK FI_PN_TH_OFFI_SPL_PEN_OLD
[2026-08-24 17:08:03] [628/1627] Dumping FI_PN_TH_OLDAGE_ARREAR ...
[2026-08-24 17:08:04] [628/1627] OK FI_PN_TH_OLDAGE_ARREAR
[2026-08-24 17:08:04] [629/1627] Dumping FI_PN_TH_OLDAGE_ARREAR1 ...
[2026-08-24 17:08:04] [629/1627] OK FI_PN_TH_OLDAGE_ARREAR1
[2026-08-24 17:08:04] [630/1627] Dumping FI_PN_TH_OLDAGE_ARREAR2 ...
[2026-08-24 17:08:05] [630/1627] OK FI_PN_TH_OLDAGE_ARREAR2
[2026-08-24 17:08:05] [631/1627] Dumping FI_PN_TH_OLDAGE_ARREAR3 ...
[2026-08-24 17:08:05] [631/1627] OK FI_PN_TH_OLDAGE_ARREAR3
[2026-08-24 17:08:05] [632/1627] Dumping FI_PN_TH_PENSION_BILL ...
[2026-08-24 17:08:08] [632/1627] OK FI_PN_TH_PENSION_BILL
[2026-08-24 17:08:08] [633/1627] Dumping FI_PN_TH_PENSION_BILL_ARPAN ...
[2026-08-24 17:08:09] [633/1627] OK FI_PN_TH_PENSION_BILL_ARPAN
[2026-08-24 17:08:09] [634/1627] Dumping FI_PN_TH_PENSION_BILL_BKP ...
[2026-08-24 17:08:10] [634/1627] OK FI_PN_TH_PENSION_BILL_BKP
[2026-08-24 17:08:10] [635/1627] Dumping FI_PN_TH_PENSION_BILL_EXC ...
[2026-08-24 17:08:10] [635/1627] OK FI_PN_TH_PENSION_BILL_EXC
[2026-08-24 17:08:10] [636/1627] Dumping FI_PN_TH_PENSION_TMP ...
[2026-08-24 17:08:12] [636/1627] OK FI_PN_TH_PENSION_TMP
[2026-08-24 17:08:12] [637/1627] Dumping FI_PN_TH_PEN_CAL ...
[2026-08-24 17:08:12] [637/1627] OK FI_PN_TH_PEN_CAL
[2026-08-24 17:08:12] [638/1627] Dumping FI_PN_TH_REV_ARR ...
[2026-08-24 17:08:13] [638/1627] OK FI_PN_TH_REV_ARR
[2026-08-24 17:08:13] [639/1627] Dumping FI_PN_TH_REV_ARR_BKP ...
[2026-08-24 17:08:13] [639/1627] OK FI_PN_TH_REV_ARR_BKP
[2026-08-24 17:08:13] [640/1627] Dumping FI_PN_TH_REV_ARR_FAMILY ...
[2026-08-24 17:08:13] [640/1627] OK FI_PN_TH_REV_ARR_FAMILY
[2026-08-24 17:08:13] [641/1627] Dumping FI_PN_TH_REV_ARR_SANDIP ...
[2026-08-24 17:08:13] [641/1627] OK FI_PN_TH_REV_ARR_SANDIP
[2026-08-24 17:08:13] [642/1627] Dumping FI_PN_TH_SALOUT ...
[2026-08-24 17:08:20] [642/1627] OK FI_PN_TH_SALOUT
[2026-08-24 17:08:20] [643/1627] Dumping FI_PN_TH_SALOUT_EXC ...
[2026-08-24 17:08:20] [643/1627] OK FI_PN_TH_SALOUT_EXC
[2026-08-24 17:08:20] [644/1627] Dumping FI_PN_TH_SEPCOM ...
[2026-08-24 17:08:20] [644/1627] OK FI_PN_TH_SEPCOM
[2026-08-24 17:08:20] [645/1627] Dumping FI_PN_TH_SPL_CASES ...
[2026-08-24 17:08:21] [645/1627] OK FI_PN_TH_SPL_CASES
[2026-08-24 17:08:21] [646/1627] Dumping FI_PN_TH_SYSTEM_MGR ...
[2026-08-24 17:08:21] [646/1627] OK FI_PN_TH_SYSTEM_MGR
[2026-08-24 17:08:21] [647/1627] Dumping FI_PN_TH_VOUCHER ...
[2026-08-24 17:08:21] [647/1627] OK FI_PN_TH_VOUCHER
[2026-08-24 17:08:21] [648/1627] Dumping FI_PN_TH_VOUCHER_HIST ...
[2026-08-24 17:08:21] [648/1627] OK FI_PN_TH_VOUCHER_HIST
[2026-08-24 17:08:21] [649/1627] Dumping FI_PN_TH_WAGE_REV_DEATH ...
[2026-08-24 17:08:22] [649/1627] OK FI_PN_TH_WAGE_REV_DEATH
[2026-08-24 17:08:22] [650/1627] Dumping FI_PN_TH_WAGE_REV_FAMILY ...
[2026-08-24 17:08:22] [650/1627] OK FI_PN_TH_WAGE_REV_FAMILY
[2026-08-24 17:08:22] [651/1627] Dumping FI_PN_TH_WAGE_REV_NORMAL ...
[2026-08-24 17:08:22] [651/1627] OK FI_PN_TH_WAGE_REV_NORMAL
[2026-08-24 17:08:22] [652/1627] Dumping FI_PN_TH_WAGE_REV_NORMAL_BKP ...
[2026-08-24 17:08:22] [652/1627] OK FI_PN_TH_WAGE_REV_NORMAL_BKP
[2026-08-24 17:08:22] [653/1627] Dumping FI_PN_TQS_FAM_PENSIONER ...
[2026-08-24 17:08:23] [653/1627] OK FI_PN_TQS_FAM_PENSIONER
[2026-08-24 17:08:23] [654/1627] Dumping FI_PN_TQS_FAM_PENSIONER_DTL ...
[2026-08-24 17:08:23] [654/1627] OK FI_PN_TQS_FAM_PENSIONER_DTL
[2026-08-24 17:08:23] [655/1627] Dumping FI_PN_TQS_PENSIONER ...
[2026-08-24 17:08:23] [655/1627] OK FI_PN_TQS_PENSIONER
[2026-08-24 17:08:23] [656/1627] Dumping FI_PN_TQS_PENSIONER_DTL ...
[2026-08-24 17:08:23] [656/1627] OK FI_PN_TQS_PENSIONER_DTL
[2026-08-24 17:08:23] [657/1627] Dumping FI_PN_TRANSFER_BANK_RATHIN ...
[2026-08-24 17:08:23] [657/1627] OK FI_PN_TRANSFER_BANK_RATHIN
[2026-08-24 17:08:23] [658/1627] Dumping FI_PN_TRANSFER_BANK_TEXT ...
[2026-08-24 17:08:24] [658/1627] OK FI_PN_TRANSFER_BANK_TEXT
[2026-08-24 17:08:24] [659/1627] Dumping FI_PN_UNPAID_DATA ...
[2026-08-24 17:08:25] [659/1627] OK FI_PN_UNPAID_DATA
[2026-08-24 17:08:25] [660/1627] Dumping FI_PN_VOU_PARTICULARS ...
[2026-08-24 17:08:25] [660/1627] OK FI_PN_VOU_PARTICULARS
[2026-08-24 17:08:25] [661/1627] Dumping FI_PN_VOU_TYPE ...
[2026-08-24 17:08:25] [661/1627] OK FI_PN_VOU_TYPE
[2026-08-24 17:08:25] [662/1627] Dumping FI_PN_WAGE_2017_DTL ...
[2026-08-24 17:08:26] [662/1627] OK FI_PN_WAGE_2017_DTL
[2026-08-24 17:08:26] [663/1627] Dumping FI_PN_WAGE_2017_DTL_BUNCH ...
[2026-08-24 17:08:26] [663/1627] OK FI_PN_WAGE_2017_DTL_BUNCH
[2026-08-24 17:08:26] [664/1627] Dumping FI_PN_WAGE_2017_DTL_BUNCH_BKP ...
[2026-08-24 17:08:27] [664/1627] OK FI_PN_WAGE_2017_DTL_BUNCH_BKP
[2026-08-24 17:08:27] [665/1627] Dumping FI_PN_WAGE_2017_DTL_OFFI1 ...
[2026-08-24 17:08:27] [665/1627] OK FI_PN_WAGE_2017_DTL_OFFI1
[2026-08-24 17:08:27] [666/1627] Dumping FI_PN_WAGE_2017_DTL_OFFI2 ...
[2026-08-24 17:08:29] [666/1627] OK FI_PN_WAGE_2017_DTL_OFFI2
[2026-08-24 17:08:29] [667/1627] Dumping FI_PN_WAGE_2017_DTL_SEC ...
[2026-08-24 17:08:31] [667/1627] OK FI_PN_WAGE_2017_DTL_SEC
[2026-08-24 17:08:31] [668/1627] Dumping FI_PN_WAGE_2017_DTL_SEC_DEL ...
[2026-08-24 17:08:31] [668/1627] OK FI_PN_WAGE_2017_DTL_SEC_DEL
[2026-08-24 17:08:31] [669/1627] Dumping FI_PN_WAGE_2017_DTL_SEC_SINGLE ...
[2026-08-24 17:08:32] [669/1627] OK FI_PN_WAGE_2017_DTL_SEC_SINGLE
[2026-08-24 17:08:32] [670/1627] Dumping FI_PN_WAGE_2017_DTL_THIRD ...
[2026-08-24 17:08:58] [670/1627] OK FI_PN_WAGE_2017_DTL_THIRD
[2026-08-24 17:08:58] [671/1627] Dumping FI_PN_WAGE_2017_DTL_THIRD_126 ...
[2026-08-24 17:08:58] [671/1627] OK FI_PN_WAGE_2017_DTL_THIRD_126
[2026-08-24 17:08:58] [672/1627] Dumping FI_PN_WAGE_2017_DTL_THIRD_EX ...
[2026-08-24 17:08:59] [672/1627] OK FI_PN_WAGE_2017_DTL_THIRD_EX
[2026-08-24 17:08:59] [673/1627] Dumping FI_PN_WAGE_2017_DTL_THIRD_LCNO ...
[2026-08-24 17:09:00] [673/1627] OK FI_PN_WAGE_2017_DTL_THIRD_LCNO
[2026-08-24 17:09:00] [674/1627] Dumping FI_PN_WAGE_2017_HDR ...
[2026-08-24 17:09:00] [674/1627] OK FI_PN_WAGE_2017_HDR
[2026-08-24 17:09:00] [675/1627] Dumping FI_PN_WAGE_2017_HDR_BUNCH ...
[2026-08-24 17:09:00] [675/1627] OK FI_PN_WAGE_2017_HDR_BUNCH
[2026-08-24 17:09:00] [676/1627] Dumping FI_PN_WAGE_2017_HDR_OFFI1 ...
[2026-08-24 17:09:00] [676/1627] OK FI_PN_WAGE_2017_HDR_OFFI1
[2026-08-24 17:09:00] [677/1627] Dumping FI_PN_WAGE_2017_HDR_OFFI2 ...
[2026-08-24 17:09:01] [677/1627] OK FI_PN_WAGE_2017_HDR_OFFI2
[2026-08-24 17:09:01] [678/1627] Dumping FI_PN_WAGE_2017_HDR_SEC ...
[2026-08-24 17:09:01] [678/1627] OK FI_PN_WAGE_2017_HDR_SEC
[2026-08-24 17:09:01] [679/1627] Dumping FI_PN_WAGE_2017_HDR_SEC_DEL ...
[2026-08-24 17:09:01] [679/1627] OK FI_PN_WAGE_2017_HDR_SEC_DEL
[2026-08-24 17:09:01] [680/1627] Dumping FI_PN_WAGE_2017_HDR_TAN ...
[2026-08-24 17:09:02] [680/1627] OK FI_PN_WAGE_2017_HDR_TAN
[2026-08-24 17:09:02] [681/1627] Dumping FI_PN_WAGE_2017_HDR_TANU ...
[2026-08-24 17:09:02] [681/1627] OK FI_PN_WAGE_2017_HDR_TANU
[2026-08-24 17:09:02] [682/1627] Dumping FI_PN_WAGE_2017_HDR_THIRD ...
[2026-08-24 17:09:05] [682/1627] OK FI_PN_WAGE_2017_HDR_THIRD
[2026-08-24 17:09:05] [683/1627] Dumping FI_PN_WAGE_2017_HDR_THIRD_126 ...
[2026-08-24 17:09:05] [683/1627] OK FI_PN_WAGE_2017_HDR_THIRD_126
[2026-08-24 17:09:05] [684/1627] Dumping FI_PN_WAGE_2017_HDR_THIRD_2022 ...
[2026-08-24 17:09:06] [684/1627] OK FI_PN_WAGE_2017_HDR_THIRD_2022
[2026-08-24 17:09:06] [685/1627] Dumping FI_PN_WAGE_2017_HDR_THIRD_DEL ...
[2026-08-24 17:09:07] [685/1627] OK FI_PN_WAGE_2017_HDR_THIRD_DEL
[2026-08-24 17:09:07] [686/1627] Dumping FI_PN_WAGE_2017_HDR_THIRD_LCNO ...
[2026-08-24 17:09:07] [686/1627] OK FI_PN_WAGE_2017_HDR_THIRD_LCNO
[2026-08-24 17:09:07] [687/1627] Dumping FI_PN_WAGE_2022_DTL ...
[2026-08-24 17:09:08] [687/1627] OK FI_PN_WAGE_2022_DTL
[2026-08-24 17:09:08] [688/1627] Dumping FI_PN_WAGE_2022_DTL_280425 ...
[2026-08-24 17:09:09] [688/1627] OK FI_PN_WAGE_2022_DTL_280425
[2026-08-24 17:09:09] [689/1627] Dumping FI_PN_WAGE_2022_DTL_A ...
[2026-08-24 17:09:09] [689/1627] OK FI_PN_WAGE_2022_DTL_A
[2026-08-24 17:09:09] [690/1627] Dumping FI_PN_WAGE_2022_DTL_BKUP ...
[2026-08-24 17:09:10] [690/1627] OK FI_PN_WAGE_2022_DTL_BKUP
[2026-08-24 17:09:10] [691/1627] Dumping FI_PN_WAGE_2022_DTL_BKUP230625 ...
[2026-08-24 17:09:11] [691/1627] OK FI_PN_WAGE_2022_DTL_BKUP230625
[2026-08-24 17:09:11] [692/1627] Dumping FI_PN_WAGE_2022_DTL_DEATH ...
[2026-08-24 17:09:11] [692/1627] OK FI_PN_WAGE_2022_DTL_DEATH
[2026-08-24 17:09:11] [693/1627] Dumping FI_PN_WAGE_2022_DTL_FEB25 ...
[2026-08-24 17:09:11] [693/1627] OK FI_PN_WAGE_2022_DTL_FEB25
[2026-08-24 17:09:11] [694/1627] Dumping FI_PN_WAGE_2022_DTL_JUN25 ...
[2026-08-24 17:09:12] [694/1627] OK FI_PN_WAGE_2022_DTL_JUN25
[2026-08-24 17:09:12] [695/1627] Dumping FI_PN_WAGE_2022_DTL_PALAS ...
[2026-08-24 17:09:13] [695/1627] OK FI_PN_WAGE_2022_DTL_PALAS
[2026-08-24 17:09:13] [696/1627] Dumping FI_PN_WAGE_2022_DTL_PAL_280425 ...
[2026-08-24 17:09:14] [696/1627] OK FI_PN_WAGE_2022_DTL_PAL_280425
[2026-08-24 17:09:14] [697/1627] Dumping FI_PN_WAGE_2022_DTL_THIRD ...
[2026-08-24 17:09:58] [697/1627] OK FI_PN_WAGE_2022_DTL_THIRD
[2026-08-24 17:09:58] [698/1627] Dumping FI_PN_WAGE_2022_DTL_THIRD_BKP ...
[2026-08-24 17:10:41] [698/1627] OK FI_PN_WAGE_2022_DTL_THIRD_BKP
[2026-08-24 17:10:41] [699/1627] Dumping FI_PN_WAGE_2022_HDR ...
[2026-08-24 17:10:41] [699/1627] OK FI_PN_WAGE_2022_HDR
[2026-08-24 17:10:41] [700/1627] Dumping FI_PN_WAGE_2022_HDR_1 ...
[2026-08-24 17:10:41] [700/1627] OK FI_PN_WAGE_2022_HDR_1
[2026-08-24 17:10:41] [701/1627] Dumping FI_PN_WAGE_2022_HDR_120525 ...
[2026-08-24 17:10:42] [701/1627] OK FI_PN_WAGE_2022_HDR_120525
[2026-08-24 17:10:42] [702/1627] Dumping FI_PN_WAGE_2022_HDR_280425 ...
[2026-08-24 17:10:42] [702/1627] OK FI_PN_WAGE_2022_HDR_280425
[2026-08-24 17:10:42] [703/1627] Dumping FI_PN_WAGE_2022_HDR_BKUP ...
[2026-08-24 17:10:43] [703/1627] OK FI_PN_WAGE_2022_HDR_BKUP
[2026-08-24 17:10:43] [704/1627] Dumping FI_PN_WAGE_2022_HDR_BKUP230625 ...
[2026-08-24 17:10:43] [704/1627] OK FI_PN_WAGE_2022_HDR_BKUP230625
[2026-08-24 17:10:43] [705/1627] Dumping FI_PN_WAGE_2022_HDR_FEB25 ...
[2026-08-24 17:10:43] [705/1627] OK FI_PN_WAGE_2022_HDR_FEB25
[2026-08-24 17:10:43] [706/1627] Dumping FI_PN_WAGE_2022_HDR_JUN25 ...
[2026-08-24 17:10:44] [706/1627] OK FI_PN_WAGE_2022_HDR_JUN25
[2026-08-24 17:10:44] [707/1627] Dumping FI_PN_WAGE_2022_HDR_PALAS ...
[2026-08-24 17:10:44] [707/1627] OK FI_PN_WAGE_2022_HDR_PALAS
[2026-08-24 17:10:44] [708/1627] Dumping FI_PN_WAGE_2022_HDR_PAL_280425 ...
[2026-08-24 17:10:45] [708/1627] OK FI_PN_WAGE_2022_HDR_PAL_280425
[2026-08-24 17:10:45] [709/1627] Dumping FI_PN_WAGE_2022_HDR_THIRD ...
[2026-08-24 17:10:51] [709/1627] OK FI_PN_WAGE_2022_HDR_THIRD
[2026-08-24 17:10:51] [710/1627] Dumping FI_PN_WAGE_2022_HDR_THIRD0826 ...
[2026-08-24 17:10:56] [710/1627] OK FI_PN_WAGE_2022_HDR_THIRD0826
[2026-08-24 17:10:56] [711/1627] Dumping FI_PN_WAGE_2022_HDR_THIRD_BKP ...
[2026-08-24 17:11:01] [711/1627] OK FI_PN_WAGE_2022_HDR_THIRD_BKP
[2026-08-24 17:11:01] [712/1627] Dumping FI_PN_WAGE_2022_HDR_THIRD_DONE ...
[2026-08-24 17:11:02] [712/1627] OK FI_PN_WAGE_2022_HDR_THIRD_DONE
[2026-08-24 17:11:02] [713/1627] Dumping FI_PN_WAGE_2022_HDR_TRD_020925 ...
[2026-08-24 17:11:06] [713/1627] OK FI_PN_WAGE_2022_HDR_TRD_020925
[2026-08-24 17:11:06] [714/1627] Dumping FI_PN_WAGE_2022_HDR_TRD_220825 ...
[2026-08-24 17:11:10] [714/1627] OK FI_PN_WAGE_2022_HDR_TRD_220825
[2026-08-24 17:11:10] [715/1627] Dumping FI_PN_WAGE_2022_HDR_TRD_RET ...
[2026-08-24 17:11:10] [715/1627] OK FI_PN_WAGE_2022_HDR_TRD_RET
[2026-08-24 17:11:10] [716/1627] Dumping FI_PN_WAGE_2022_LEFT ...
[2026-08-24 17:11:11] [716/1627] OK FI_PN_WAGE_2022_LEFT
[2026-08-24 17:11:11] [717/1627] Dumping FI_PN_WAGE_2022_LEFT1 ...
[2026-08-24 17:11:11] [717/1627] OK FI_PN_WAGE_2022_LEFT1
[2026-08-24 17:11:11] [718/1627] Dumping FI_PN_WAGE_DTL_BUNCH_BKP_2208 ...
[2026-08-24 17:11:11] [718/1627] OK FI_PN_WAGE_DTL_BUNCH_BKP_2208
[2026-08-24 17:11:11] [719/1627] Dumping FI_PN_WAGE_SEC_BACKUP ...
[2026-08-24 17:11:12] [719/1627] OK FI_PN_WAGE_SEC_BACKUP
[2026-08-24 17:11:12] [720/1627] Dumping FI_PN_WRC_2017 ...
[2026-08-24 17:11:12] [720/1627] OK FI_PN_WRC_2017
[2026-08-24 17:11:12] [721/1627] Dumping FI_PR_2017_7PCT_OFFICER ...
[2026-08-24 17:11:12] [721/1627] OK FI_PR_2017_7PCT_OFFICER
[2026-08-24 17:11:12] [722/1627] Dumping FI_PR_50_1 ...
[2026-08-24 17:11:12] [722/1627] OK FI_PR_50_1
[2026-08-24 17:11:12] [723/1627] Dumping FI_PR_50_2 ...
[2026-08-24 17:11:12] [723/1627] OK FI_PR_50_2
[2026-08-24 17:11:12] [724/1627] Dumping FI_PR_50_3 ...
[2026-08-24 17:11:13] [724/1627] OK FI_PR_50_3
[2026-08-24 17:11:13] [725/1627] Dumping FI_PR_50_4 ...
[2026-08-24 17:11:13] [725/1627] OK FI_PR_50_4
[2026-08-24 17:11:13] [726/1627] Dumping FI_PR_55_1 ...
[2026-08-24 17:11:13] [726/1627] OK FI_PR_55_1
[2026-08-24 17:11:13] [727/1627] Dumping FI_PR_55_2 ...
[2026-08-24 17:11:13] [727/1627] OK FI_PR_55_2
[2026-08-24 17:11:13] [728/1627] Dumping FI_PR_55_3 ...
[2026-08-24 17:11:13] [728/1627] OK FI_PR_55_3
[2026-08-24 17:11:14] [729/1627] Dumping FI_PR_55_3_052017 ...
[2026-08-24 17:11:14] [729/1627] OK FI_PR_55_3_052017
[2026-08-24 17:11:14] [730/1627] Dumping FI_PR_55_4 ...
[2026-08-24 17:11:14] [730/1627] OK FI_PR_55_4
[2026-08-24 17:11:14] [731/1627] Dumping FI_PR_55_4_052017 ...
[2026-08-24 17:11:14] [731/1627] OK FI_PR_55_4_052017
[2026-08-24 17:11:14] [732/1627] Dumping FI_PR_AA ...
[2026-08-24 17:11:14] [732/1627] OK FI_PR_AA
[2026-08-24 17:11:14] [733/1627] Dumping FI_PR_ALLOWANCE_RATE ...
[2026-08-24 17:11:15] [733/1627] OK FI_PR_ALLOWANCE_RATE
[2026-08-24 17:11:15] [734/1627] Dumping FI_PR_ARR_BASIC_DA_HRA_0708 ...
[2026-08-24 17:11:26] [734/1627] OK FI_PR_ARR_BASIC_DA_HRA_0708
[2026-08-24 17:11:26] [735/1627] Dumping FI_PR_ARR_CAL_97 ...
[2026-08-24 17:11:26] [735/1627] OK FI_PR_ARR_CAL_97
[2026-08-24 17:11:26] [736/1627] Dumping FI_PR_ARR_CAL_97_15310 ...
[2026-08-24 17:11:26] [736/1627] OK FI_PR_ARR_CAL_97_15310
[2026-08-24 17:11:26] [737/1627] Dumping FI_PR_ARR_CAL_97_TEMP ...
[2026-08-24 17:11:27] [737/1627] OK FI_PR_ARR_CAL_97_TEMP
[2026-08-24 17:11:27] [738/1627] Dumping FI_PR_ARR_PAYMENT_LIST ...
[2026-08-24 17:11:27] [738/1627] OK FI_PR_ARR_PAYMENT_LIST
[2026-08-24 17:11:27] [739/1627] Dumping FI_PR_AUDIT_CAFE_EMP ...
[2026-08-24 17:11:27] [739/1627] OK FI_PR_AUDIT_CAFE_EMP
[2026-08-24 17:11:27] [740/1627] Dumping FI_PR_AUDIT_QUERY ...
[2026-08-24 17:11:27] [740/1627] OK FI_PR_AUDIT_QUERY
[2026-08-24 17:11:27] [741/1627] Dumping FI_PR_BASIC_01012007_WOB ...
[2026-08-24 17:11:28] [741/1627] OK FI_PR_BASIC_01012007_WOB
[2026-08-24 17:11:28] [742/1627] Dumping FI_PR_BASIC_2007WR_12 ...
[2026-08-24 17:11:28] [742/1627] OK FI_PR_BASIC_2007WR_12
[2026-08-24 17:11:28] [743/1627] Dumping FI_PR_BASIC_2007WR_12_BCK ...
[2026-08-24 17:11:28] [743/1627] OK FI_PR_BASIC_2007WR_12_BCK
[2026-08-24 17:11:28] [744/1627] Dumping FI_PR_BASIC_2007WR_12_BUNCH ...
[2026-08-24 17:11:29] [744/1627] OK FI_PR_BASIC_2007WR_12_BUNCH
[2026-08-24 17:11:29] [745/1627] Dumping FI_PR_BASIC_2007WR_12_BUNCH5 ...
[2026-08-24 17:11:29] [745/1627] OK FI_PR_BASIC_2007WR_12_BUNCH5
[2026-08-24 17:11:29] [746/1627] Dumping FI_PR_BASIC_2007WR_12_BUNCH5_A ...
[2026-08-24 17:11:29] [746/1627] OK FI_PR_BASIC_2007WR_12_BUNCH5_A
[2026-08-24 17:11:29] [747/1627] Dumping FI_PR_BASIC_2007WR_9100 ...
[2026-08-24 17:11:30] [747/1627] OK FI_PR_BASIC_2007WR_9100
[2026-08-24 17:11:30] [748/1627] Dumping FI_PR_BASIC_2007WR_BUNCH5_9100 ...
[2026-08-24 17:11:30] [748/1627] OK FI_PR_BASIC_2007WR_BUNCH5_9100
[2026-08-24 17:11:30] [749/1627] Dumping FI_PR_BASIC_2007WR_BUNCH5_BCK ...
[2026-08-24 17:11:30] [749/1627] OK FI_PR_BASIC_2007WR_BUNCH5_BCK
[2026-08-24 17:11:30] [750/1627] Dumping FI_PR_BASIC_2007WR_BUNCH5_NOV ...
[2026-08-24 17:11:30] [750/1627] OK FI_PR_BASIC_2007WR_BUNCH5_NOV
[2026-08-24 17:11:30] [751/1627] Dumping FI_PR_BASIC_2007WR_FAIC1 ...
[2026-08-24 17:11:31] [751/1627] OK FI_PR_BASIC_2007WR_FAIC1
[2026-08-24 17:11:31] [752/1627] Dumping FI_PR_BASIC_2007WR_FAIC10 ...
[2026-08-24 17:11:31] [752/1627] OK FI_PR_BASIC_2007WR_FAIC10
[2026-08-24 17:11:31] [753/1627] Dumping FI_PR_BASIC_2007WR_FAIC11 ...
[2026-08-24 17:11:31] [753/1627] OK FI_PR_BASIC_2007WR_FAIC11
[2026-08-24 17:11:31] [754/1627] Dumping FI_PR_BASIC_2007WR_FAIC13 ...
[2026-08-24 17:11:32] [754/1627] OK FI_PR_BASIC_2007WR_FAIC13
[2026-08-24 17:11:32] [755/1627] Dumping FI_PR_BASIC_2007WR_FAIC14 ...
[2026-08-24 17:11:32] [755/1627] OK FI_PR_BASIC_2007WR_FAIC14
[2026-08-24 17:11:32] [756/1627] Dumping FI_PR_BASIC_2007WR_FAIC15 ...
[2026-08-24 17:11:32] [756/1627] OK FI_PR_BASIC_2007WR_FAIC15
[2026-08-24 17:11:32] [757/1627] Dumping FI_PR_BASIC_2007WR_FAIC16 ...
[2026-08-24 17:11:32] [757/1627] OK FI_PR_BASIC_2007WR_FAIC16
[2026-08-24 17:11:32] [758/1627] Dumping FI_PR_BASIC_2007WR_FAIC16_BCK ...
[2026-08-24 17:11:32] [758/1627] OK FI_PR_BASIC_2007WR_FAIC16_BCK
[2026-08-24 17:11:32] [759/1627] Dumping FI_PR_BASIC_2007WR_FAIC1_V1 ...
[2026-08-24 17:11:32] [759/1627] OK FI_PR_BASIC_2007WR_FAIC1_V1
[2026-08-24 17:11:32] [760/1627] Dumping FI_PR_BASIC_2007WR_FAIC2 ...
[2026-08-24 17:11:32] [760/1627] OK FI_PR_BASIC_2007WR_FAIC2
[2026-08-24 17:11:32] [761/1627] Dumping FI_PR_BASIC_2007WR_FAIC2_V1 ...
[2026-08-24 17:11:33] [761/1627] OK FI_PR_BASIC_2007WR_FAIC2_V1
[2026-08-24 17:11:33] [762/1627] Dumping FI_PR_BASIC_2007WR_FAIC3 ...
[2026-08-24 17:11:33] [762/1627] OK FI_PR_BASIC_2007WR_FAIC3
[2026-08-24 17:11:33] [763/1627] Dumping FI_PR_BASIC_2007WR_FAIC3_V1 ...
[2026-08-24 17:11:33] [763/1627] OK FI_PR_BASIC_2007WR_FAIC3_V1
[2026-08-24 17:11:33] [764/1627] Dumping FI_PR_BASIC_2007WR_FAIC4 ...
[2026-08-24 17:11:33] [764/1627] OK FI_PR_BASIC_2007WR_FAIC4
[2026-08-24 17:11:33] [765/1627] Dumping FI_PR_BASIC_2007WR_FAIC4_V1 ...
[2026-08-24 17:11:33] [765/1627] OK FI_PR_BASIC_2007WR_FAIC4_V1
[2026-08-24 17:11:33] [766/1627] Dumping FI_PR_BASIC_2007WR_FAIC5 ...
[2026-08-24 17:11:33] [766/1627] OK FI_PR_BASIC_2007WR_FAIC5
[2026-08-24 17:11:33] [767/1627] Dumping FI_PR_BASIC_2007WR_FAIC5_V1 ...
[2026-08-24 17:11:34] [767/1627] OK FI_PR_BASIC_2007WR_FAIC5_V1
[2026-08-24 17:11:34] [768/1627] Dumping FI_PR_BASIC_2007WR_FAIC6 ...
[2026-08-24 17:11:34] [768/1627] OK FI_PR_BASIC_2007WR_FAIC6
[2026-08-24 17:11:34] [769/1627] Dumping FI_PR_BASIC_2007WR_FAIC7 ...
[2026-08-24 17:11:34] [769/1627] OK FI_PR_BASIC_2007WR_FAIC7
[2026-08-24 17:11:34] [770/1627] Dumping FI_PR_BASIC_2007WR_FAIC8 ...
[2026-08-24 17:11:35] [770/1627] OK FI_PR_BASIC_2007WR_FAIC8
[2026-08-24 17:11:35] [771/1627] Dumping FI_PR_BASIC_2007WR_FAIC9 ...
[2026-08-24 17:11:35] [771/1627] OK FI_PR_BASIC_2007WR_FAIC9
[2026-08-24 17:11:35] [772/1627] Dumping FI_PR_BASIC_2007WR_FAIC9_JUL11 ...
[2026-08-24 17:11:35] [772/1627] OK FI_PR_BASIC_2007WR_FAIC9_JUL11
[2026-08-24 17:11:35] [773/1627] Dumping FI_PR_BASIC_2007WR_UPGRD ...
[2026-08-24 17:11:35] [773/1627] OK FI_PR_BASIC_2007WR_UPGRD
[2026-08-24 17:11:35] [774/1627] Dumping FI_PR_BASIC_AMT_CHECK_WOB ...
[2026-08-24 17:11:36] [774/1627] OK FI_PR_BASIC_AMT_CHECK_WOB
[2026-08-24 17:11:36] [775/1627] Dumping FI_PR_BASIC_DEC_2006_OFFICER ...
[2026-08-24 17:11:36] [775/1627] OK FI_PR_BASIC_DEC_2006_OFFICER
[2026-08-24 17:11:36] [776/1627] Dumping FI_PR_BASIC_DEC_2006_OFFICER16 ...
[2026-08-24 17:11:36] [776/1627] OK FI_PR_BASIC_DEC_2006_OFFICER16
[2026-08-24 17:11:36] [777/1627] Dumping FI_PR_BASIC_DEC_2006_OFFICER_M ...
[2026-08-24 17:11:37] [777/1627] OK FI_PR_BASIC_DEC_2006_OFFICER_M
[2026-08-24 17:11:37] [778/1627] Dumping FI_PR_BASIC_DEC_2006_OFF_2016 ...
[2026-08-24 17:11:37] [778/1627] OK FI_PR_BASIC_DEC_2006_OFF_2016
[2026-08-24 17:11:37] [779/1627] Dumping FI_PR_BASIC_DEC_2006_OFF_2022 ...
[2026-08-24 17:11:37] [779/1627] OK FI_PR_BASIC_DEC_2006_OFF_2022
[2026-08-24 17:11:37] [780/1627] Dumping FI_PR_BB ...
[2026-08-24 17:11:37] [780/1627] OK FI_PR_BB
[2026-08-24 17:11:37] [781/1627] Dumping FI_PR_BUDJET_COST_CNTR ...
[2026-08-24 17:11:37] [781/1627] OK FI_PR_BUDJET_COST_CNTR
[2026-08-24 17:11:37] [782/1627] Dumping FI_PR_CHEQUE_DEPOSITE ...
[2026-08-24 17:11:37] [782/1627] OK FI_PR_CHEQUE_DEPOSITE
[2026-08-24 17:11:37] [783/1627] Dumping FI_PR_CLASS3_ACP_EMP ...
[2026-08-24 17:11:37] [783/1627] OK FI_PR_CLASS3_ACP_EMP
[2026-08-24 17:11:37] [784/1627] Dumping FI_PR_COT_ARREAR ...
[2026-08-24 17:11:38] [784/1627] OK FI_PR_COT_ARREAR
[2026-08-24 17:11:38] [785/1627] Dumping FI_PR_COURT_DED_WR2012 ...
[2026-08-24 17:11:38] [785/1627] OK FI_PR_COURT_DED_WR2012
[2026-08-24 17:11:38] [786/1627] Dumping FI_PR_COURT_DED_WR2017 ...
[2026-08-24 17:11:38] [786/1627] OK FI_PR_COURT_DED_WR2017
[2026-08-24 17:11:38] [787/1627] Dumping FI_PR_COURT_DED_WRARR ...
[2026-08-24 17:11:38] [787/1627] OK FI_PR_COURT_DED_WRARR
[2026-08-24 17:11:38] [788/1627] Dumping FI_PR_CPF_ARR ...
[2026-08-24 17:11:38] [788/1627] OK FI_PR_CPF_ARR
[2026-08-24 17:11:38] [789/1627] Dumping FI_PR_DA_ACTUAL_CLAIM ...
[2026-08-24 17:11:47] [789/1627] OK FI_PR_DA_ACTUAL_CLAIM
[2026-08-24 17:11:47] [790/1627] Dumping FI_PR_DA_DIFF_2024 ...
[2026-08-24 17:11:48] [790/1627] OK FI_PR_DA_DIFF_2024
[2026-08-24 17:11:48] [791/1627] Dumping FI_PR_DA_DTL ...
[2026-08-24 17:11:57] [791/1627] OK FI_PR_DA_DTL
[2026-08-24 17:11:57] [792/1627] Dumping FI_PR_DA_RATE_97 ...
[2026-08-24 17:11:57] [792/1627] OK FI_PR_DA_RATE_97
[2026-08-24 17:11:57] [793/1627] Dumping FI_PR_EARNDEDN_ADJ_MINUS ...
[2026-08-24 17:11:57] [793/1627] OK FI_PR_EARNDEDN_ADJ_MINUS
[2026-08-24 17:11:57] [794/1627] Dumping FI_PR_EARNDEDN_LIMIT ...
[2026-08-24 17:11:57] [794/1627] OK FI_PR_EARNDEDN_LIMIT
[2026-08-24 17:11:57] [795/1627] Dumping FI_PR_EARNDEDN_LIMIT_HIST ...
[2026-08-24 17:11:57] [795/1627] OK FI_PR_EARNDEDN_LIMIT_HIST
[2026-08-24 17:11:57] [796/1627] Dumping FI_PR_EARN_COMP ...
[2026-08-24 17:11:58] [796/1627] OK FI_PR_EARN_COMP
[2026-08-24 17:11:58] [797/1627] Dumping FI_PR_EARN_COMP2 ...
[2026-08-24 17:11:58] [797/1627] OK FI_PR_EARN_COMP2
[2026-08-24 17:11:58] [798/1627] Dumping FI_PR_ECS_EMP ...
[2026-08-24 17:11:58] [798/1627] OK FI_PR_ECS_EMP
[2026-08-24 17:11:58] [799/1627] Dumping FI_PR_EMP_BASIC ...
[2026-08-24 17:11:59] [799/1627] OK FI_PR_EMP_BASIC
[2026-08-24 17:11:59] [800/1627] Dumping FI_PR_EMP_BASIC_BEF_2PT2_2007 ...
[2026-08-24 17:11:59] [800/1627] OK FI_PR_EMP_BASIC_BEF_2PT2_2007
[2026-08-24 17:11:59] [801/1627] Dumping FI_PR_EMP_BUNCH_DIFF ...
[2026-08-24 17:11:59] [801/1627] OK FI_PR_EMP_BUNCH_DIFF
[2026-08-24 17:11:59] [802/1627] Dumping FI_PR_EMP_SPECIFIC_EARN ...
[2026-08-24 17:12:05] [802/1627] OK FI_PR_EMP_SPECIFIC_EARN
[2026-08-24 17:12:05] [803/1627] Dumping FI_PR_ENCASH ...
[2026-08-24 17:12:06] [803/1627] OK FI_PR_ENCASH
[2026-08-24 17:12:06] [804/1627] Dumping FI_PR_FA_EXCL ...
[2026-08-24 17:12:06] [804/1627] OK FI_PR_FA_EXCL
[2026-08-24 17:12:06] [805/1627] Dumping FI_PR_FEST_BAL ...
[2026-08-24 17:12:06] [805/1627] OK FI_PR_FEST_BAL
[2026-08-24 17:12:06] [806/1627] Dumping FI_PR_FEST_BAL_ARP ...
[2026-08-24 17:12:07] [806/1627] OK FI_PR_FEST_BAL_ARP
[2026-08-24 17:12:07] [807/1627] Dumping FI_PR_FEST_DUE_2012 ...
[2026-08-24 17:12:07] [807/1627] OK FI_PR_FEST_DUE_2012
[2026-08-24 17:12:07] [808/1627] Dumping FI_PR_FEST_DUE_2021 ...
[2026-08-24 17:12:07] [808/1627] OK FI_PR_FEST_DUE_2021
[2026-08-24 17:12:07] [809/1627] Dumping FI_PR_FIN_IMPACT_9100 ...
[2026-08-24 17:12:07] [809/1627] OK FI_PR_FIN_IMPACT_9100
[2026-08-24 17:12:07] [810/1627] Dumping FI_PR_FOT_UNIT ...
[2026-08-24 17:12:09] [810/1627] OK FI_PR_FOT_UNIT
[2026-08-24 17:12:09] [811/1627] Dumping FI_PR_FUND_DATA ...
[2026-08-24 17:12:10] [811/1627] OK FI_PR_FUND_DATA
[2026-08-24 17:12:10] [812/1627] Dumping FI_PR_FUND_DATA_1 ...
[2026-08-24 17:12:11] [812/1627] OK FI_PR_FUND_DATA_1
[2026-08-24 17:12:11] [813/1627] Dumping FI_PR_GROSS_MISMATCH ...
[2026-08-24 17:12:11] [813/1627] OK FI_PR_GROSS_MISMATCH
[2026-08-24 17:12:11] [814/1627] Dumping FI_PR_HARDSHIP_DIFF ...
[2026-08-24 17:12:11] [814/1627] OK FI_PR_HARDSHIP_DIFF
[2026-08-24 17:12:11] [815/1627] Dumping FI_PR_INTERIM_ADJ_INS ...
[2026-08-24 17:12:12] [815/1627] OK FI_PR_INTERIM_ADJ_INS
[2026-08-24 17:12:12] [816/1627] Dumping FI_PR_IT_SCRUTINY ...
[2026-08-24 17:12:16] [816/1627] OK FI_PR_IT_SCRUTINY
[2026-08-24 17:12:16] [817/1627] Dumping FI_PR_LB_UNION_022008 ...
[2026-08-24 17:12:17] [817/1627] OK FI_PR_LB_UNION_022008
[2026-08-24 17:12:17] [818/1627] Dumping FI_PR_LEAVE_POST_ERR ...
[2026-08-24 17:12:17] [818/1627] FAIL FI_PR_LEAVE_POST_ERR: (1171, 'All parts of a PRIMARY KEY must be NOT NULL; if you need NULL in a key, use UNIQUE instead')
[2026-08-24 17:12:17] [819/1627] Dumping FI_PR_LEAVE_POST_ERR_PALAS ...
[2026-08-24 17:12:17] [819/1627] OK FI_PR_LEAVE_POST_ERR_PALAS
[2026-08-24 17:12:17] [820/1627] Dumping FI_PR_LEAVE_POST_MAST ...
[2026-08-24 17:12:18] [820/1627] OK FI_PR_LEAVE_POST_MAST
[2026-08-24 17:12:18] [821/1627] Dumping FI_PR_LEAVE_POST_MAST_PALAS ...
[2026-08-24 17:12:18] [821/1627] OK FI_PR_LEAVE_POST_MAST_PALAS
[2026-08-24 17:12:18] [822/1627] Dumping FI_PR_LOCAL_ALLOWANCE_2017 ...
[2026-08-24 17:12:18] [822/1627] OK FI_PR_LOCAL_ALLOWANCE_2017
[2026-08-24 17:12:18] [823/1627] Dumping FI_PR_LV_56J ...
[2026-08-24 17:12:18] [823/1627] OK FI_PR_LV_56J
[2026-08-24 17:12:18] [824/1627] Dumping FI_PR_MACP_ARR_APR2014 ...
[2026-08-24 17:12:19] [824/1627] OK FI_PR_MACP_ARR_APR2014
[2026-08-24 17:12:19] [825/1627] Dumping FI_PR_MACP_ARR_AUG2017 ...
[2026-08-24 17:12:19] [825/1627] OK FI_PR_MACP_ARR_AUG2017
[2026-08-24 17:12:19] [826/1627] Dumping FI_PR_MACP_ARR_DEC2013 ...
[2026-08-24 17:12:19] [826/1627] OK FI_PR_MACP_ARR_DEC2013
[2026-08-24 17:12:19] [827/1627] Dumping FI_PR_MACP_ARR_FEB2014 ...
[2026-08-24 17:12:19] [827/1627] OK FI_PR_MACP_ARR_FEB2014
[2026-08-24 17:12:19] [828/1627] Dumping FI_PR_MACP_ARR_FEB2_2014 ...
[2026-08-24 17:12:19] [828/1627] OK FI_PR_MACP_ARR_FEB2_2014
[2026-08-24 17:12:19] [829/1627] Dumping FI_PR_MACP_ARR_FEB3_2014 ...
[2026-08-24 17:12:19] [829/1627] OK FI_PR_MACP_ARR_FEB3_2014
[2026-08-24 17:12:19] [830/1627] Dumping FI_PR_MACP_ARR_JAN2014 ...
[2026-08-24 17:12:19] [830/1627] OK FI_PR_MACP_ARR_JAN2014
[2026-08-24 17:12:19] [831/1627] Dumping FI_PR_MACP_ARR_MAR2014_RET ...
[2026-08-24 17:12:19] [831/1627] OK FI_PR_MACP_ARR_MAR2014_RET
[2026-08-24 17:12:19] [832/1627] Dumping FI_PR_MACP_ARR_MAR2017 ...
[2026-08-24 17:12:20] [832/1627] OK FI_PR_MACP_ARR_MAR2017
[2026-08-24 17:12:20] [833/1627] Dumping FI_PR_MACP_DEDN ...
[2026-08-24 17:12:20] [833/1627] OK FI_PR_MACP_DEDN
[2026-08-24 17:12:20] [834/1627] Dumping FI_PR_MD_AC_ALLOC ...
[2026-08-24 17:12:20] [834/1627] OK FI_PR_MD_AC_ALLOC
[2026-08-24 17:12:20] [835/1627] Dumping FI_PR_MD_AC_ALLOC_032006 ...
[2026-08-24 17:12:20] [835/1627] OK FI_PR_MD_AC_ALLOC_032006
[2026-08-24 17:12:20] [836/1627] Dumping FI_PR_MD_AC_ALLOC_BAK ...
[2026-08-24 17:12:20] [836/1627] OK FI_PR_MD_AC_ALLOC_BAK
[2026-08-24 17:12:20] [837/1627] Dumping FI_PR_MD_AC_ALLOC_BL ...
[2026-08-24 17:12:20] [837/1627] OK FI_PR_MD_AC_ALLOC_BL
[2026-08-24 17:12:20] [838/1627] Dumping FI_PR_MD_CALC_DA ...
[2026-08-24 17:12:20] [838/1627] OK FI_PR_MD_CALC_DA
[2026-08-24 17:12:20] [839/1627] Dumping FI_PR_MD_CALC_DA_130225 ...
[2026-08-24 17:12:21] [839/1627] OK FI_PR_MD_CALC_DA_130225
[2026-08-24 17:12:21] [840/1627] Dumping FI_PR_MD_CALC_DA_1997WR ...
[2026-08-24 17:12:21] [840/1627] OK FI_PR_MD_CALC_DA_1997WR
[2026-08-24 17:12:21] [841/1627] Dumping FI_PR_MD_CALC_DA_2007WR ...
[2026-08-24 17:12:21] [841/1627] OK FI_PR_MD_CALC_DA_2007WR
[2026-08-24 17:12:21] [842/1627] Dumping FI_PR_MD_CALC_DA_2012WR ...
[2026-08-24 17:12:21] [842/1627] OK FI_PR_MD_CALC_DA_2012WR
[2026-08-24 17:12:21] [843/1627] Dumping FI_PR_MD_CALC_DA_2022 ...
[2026-08-24 17:12:21] [843/1627] OK FI_PR_MD_CALC_DA_2022
[2026-08-24 17:12:21] [844/1627] Dumping FI_PR_MD_CLIMIT ...
[2026-08-24 17:12:21] [844/1627] OK FI_PR_MD_CLIMIT
[2026-08-24 17:12:21] [845/1627] Dumping FI_PR_MD_CLIMIT_1997WR ...
[2026-08-24 17:12:21] [845/1627] OK FI_PR_MD_CLIMIT_1997WR
[2026-08-24 17:12:21] [846/1627] Dumping FI_PR_MD_CLIMIT_2007WR ...
[2026-08-24 17:12:22] [846/1627] OK FI_PR_MD_CLIMIT_2007WR
[2026-08-24 17:12:22] [847/1627] Dumping FI_PR_MD_CRATE ...
[2026-08-24 17:12:22] [847/1627] OK FI_PR_MD_CRATE
[2026-08-24 17:12:22] [848/1627] Dumping FI_PR_MD_CRATE_1997WR ...
[2026-08-24 17:12:22] [848/1627] OK FI_PR_MD_CRATE_1997WR
[2026-08-24 17:12:22] [849/1627] Dumping FI_PR_MD_CRATE_2007WR ...
[2026-08-24 17:12:22] [849/1627] OK FI_PR_MD_CRATE_2007WR
[2026-08-24 17:12:22] [850/1627] Dumping FI_PR_MD_CTRATE ...
[2026-08-24 17:12:22] [850/1627] OK FI_PR_MD_CTRATE
[2026-08-24 17:12:22] [851/1627] Dumping FI_PR_MD_CTRATE_1997WR ...
[2026-08-24 17:12:22] [851/1627] OK FI_PR_MD_CTRATE_1997WR
[2026-08-24 17:12:22] [852/1627] Dumping FI_PR_MD_CTRATE_2007WR ...
[2026-08-24 17:12:22] [852/1627] OK FI_PR_MD_CTRATE_2007WR
[2026-08-24 17:12:22] [853/1627] Dumping FI_PR_MD_DIVFACT ...
[2026-08-24 17:12:22] [853/1627] OK FI_PR_MD_DIVFACT
[2026-08-24 17:12:22] [854/1627] Dumping FI_PR_MD_DIVFACT_1997WR ...
[2026-08-24 17:12:22] [854/1627] OK FI_PR_MD_DIVFACT_1997WR
[2026-08-24 17:12:22] [855/1627] Dumping FI_PR_MD_DIVFACT_2007WR ...
[2026-08-24 17:12:23] [855/1627] OK FI_PR_MD_DIVFACT_2007WR
[2026-08-24 17:12:23] [856/1627] Dumping FI_PR_MD_DRATE ...
[2026-08-24 17:12:23] [856/1627] OK FI_PR_MD_DRATE
[2026-08-24 17:12:23] [857/1627] Dumping FI_PR_MD_DRATE_1997WR ...
[2026-08-24 17:12:23] [857/1627] OK FI_PR_MD_DRATE_1997WR
[2026-08-24 17:12:23] [858/1627] Dumping FI_PR_MD_DRATE_1997WR1 ...
[2026-08-24 17:12:23] [858/1627] OK FI_PR_MD_DRATE_1997WR1
[2026-08-24 17:12:23] [859/1627] Dumping FI_PR_MD_DRATE_2007WR ...
[2026-08-24 17:12:23] [859/1627] OK FI_PR_MD_DRATE_2007WR
[2026-08-24 17:12:23] [860/1627] Dumping FI_PR_MD_DRATE_2007WR_BCK ...
[2026-08-24 17:12:23] [860/1627] OK FI_PR_MD_DRATE_2007WR_BCK
[2026-08-24 17:12:23] [861/1627] Dumping FI_PR_MD_EARNATNDMAP ...
[2026-08-24 17:12:23] [861/1627] OK FI_PR_MD_EARNATNDMAP
[2026-08-24 17:12:23] [862/1627] Dumping FI_PR_MD_ELIGCAT ...
[2026-08-24 17:12:24] [862/1627] OK FI_PR_MD_ELIGCAT
[2026-08-24 17:12:24] [863/1627] Dumping FI_PR_MD_ELIGCAT_12032018 ...
[2026-08-24 17:12:24] [863/1627] OK FI_PR_MD_ELIGCAT_12032018
[2026-08-24 17:12:24] [864/1627] Dumping FI_PR_MD_ELIGCAT_1997WR ...
[2026-08-24 17:12:24] [864/1627] OK FI_PR_MD_ELIGCAT_1997WR
[2026-08-24 17:12:24] [865/1627] Dumping FI_PR_MD_ELIGCAT_1997WR1 ...
[2026-08-24 17:12:25] [865/1627] OK FI_PR_MD_ELIGCAT_1997WR1
[2026-08-24 17:12:25] [866/1627] Dumping FI_PR_MD_ELIGCAT_2007WR ...
[2026-08-24 17:12:25] [866/1627] OK FI_PR_MD_ELIGCAT_2007WR
[2026-08-24 17:12:25] [867/1627] Dumping FI_PR_MD_ELIGCAT_2017WR ...
[2026-08-24 17:12:25] [867/1627] OK FI_PR_MD_ELIGCAT_2017WR
[2026-08-24 17:12:25] [868/1627] Dumping FI_PR_MD_ELIGCAT_MTH ...
[2026-08-24 17:12:46] [868/1627] OK FI_PR_MD_ELIGCAT_MTH
[2026-08-24 17:12:46] [869/1627] Dumping FI_PR_MD_ELIGEMP ...
[2026-08-24 17:12:47] [869/1627] OK FI_PR_MD_ELIGEMP
[2026-08-24 17:12:47] [870/1627] Dumping FI_PR_MD_ELIGEMP_12032018 ...
[2026-08-24 17:12:48] [870/1627] OK FI_PR_MD_ELIGEMP_12032018
[2026-08-24 17:12:48] [871/1627] Dumping FI_PR_MD_ELIGEMP_1997WR ...
[2026-08-24 17:12:49] [871/1627] OK FI_PR_MD_ELIGEMP_1997WR
[2026-08-24 17:12:49] [872/1627] Dumping FI_PR_MD_ELIGEMP_1997WR1 ...
[2026-08-24 17:12:50] [872/1627] OK FI_PR_MD_ELIGEMP_1997WR1
[2026-08-24 17:12:50] [873/1627] Dumping FI_PR_MD_ELIGEMP_2007WR ...
[2026-08-24 17:12:52] [873/1627] OK FI_PR_MD_ELIGEMP_2007WR
[2026-08-24 17:12:52] [874/1627] Dumping FI_PR_MD_ELIGEMP_2017WR ...
[2026-08-24 17:12:52] [874/1627] OK FI_PR_MD_ELIGEMP_2017WR
[2026-08-24 17:12:52] [875/1627] Dumping FI_PR_MD_ELIGEMP_MTH ...
[2026-08-24 17:14:08] [875/1627] OK FI_PR_MD_ELIGEMP_MTH
[2026-08-24 17:14:08] [876/1627] Dumping FI_PR_MD_ELIMIT ...
[2026-08-24 17:14:08] [876/1627] OK FI_PR_MD_ELIMIT
[2026-08-24 17:14:08] [877/1627] Dumping FI_PR_MD_ELIMIT_1997WR ...
[2026-08-24 17:14:09] [877/1627] OK FI_PR_MD_ELIMIT_1997WR
[2026-08-24 17:14:09] [878/1627] Dumping FI_PR_MD_ELIMIT_2007WR ...
[2026-08-24 17:14:09] [878/1627] OK FI_PR_MD_ELIMIT_2007WR
[2026-08-24 17:14:09] [879/1627] Dumping FI_PR_MD_ERATE ...
[2026-08-24 17:14:09] [879/1627] OK FI_PR_MD_ERATE
[2026-08-24 17:14:09] [880/1627] Dumping FI_PR_MD_ERATE_1997WR ...
[2026-08-24 17:14:09] [880/1627] OK FI_PR_MD_ERATE_1997WR
[2026-08-24 17:14:09] [881/1627] Dumping FI_PR_MD_ERATE_1997WR1 ...
[2026-08-24 17:14:09] [881/1627] OK FI_PR_MD_ERATE_1997WR1
[2026-08-24 17:14:09] [882/1627] Dumping FI_PR_MD_ERATE_2007WR ...
[2026-08-24 17:14:10] [882/1627] OK FI_PR_MD_ERATE_2007WR
[2026-08-24 17:14:10] [883/1627] Dumping FI_PR_MD_FRATE ...
[2026-08-24 17:14:10] [883/1627] OK FI_PR_MD_FRATE
[2026-08-24 17:14:10] [884/1627] Dumping FI_PR_MD_FRATE_1997WR ...
[2026-08-24 17:14:10] [884/1627] OK FI_PR_MD_FRATE_1997WR
[2026-08-24 17:14:10] [885/1627] Dumping FI_PR_MD_FRATE_1997WR1 ...
[2026-08-24 17:14:10] [885/1627] OK FI_PR_MD_FRATE_1997WR1
[2026-08-24 17:14:10] [886/1627] Dumping FI_PR_MD_FRATE_2007WR ...
[2026-08-24 17:14:10] [886/1627] OK FI_PR_MD_FRATE_2007WR
[2026-08-24 17:14:10] [887/1627] Dumping FI_PR_MD_MBASEVAL ...
[2026-08-24 17:14:11] [887/1627] OK FI_PR_MD_MBASEVAL
[2026-08-24 17:14:11] [888/1627] Dumping FI_PR_MD_MBASEVAL_1997WR ...
[2026-08-24 17:14:11] [888/1627] OK FI_PR_MD_MBASEVAL_1997WR
[2026-08-24 17:14:11] [889/1627] Dumping FI_PR_MD_MBASEVAL_2007WR ...
[2026-08-24 17:14:11] [889/1627] OK FI_PR_MD_MBASEVAL_2007WR
[2026-08-24 17:14:11] [890/1627] Dumping FI_PR_MD_MBASEVAL_ARR ...
[2026-08-24 17:14:11] [890/1627] OK FI_PR_MD_MBASEVAL_ARR
[2026-08-24 17:14:11] [891/1627] Dumping FI_PR_MD_QRENTEMP ...
[2026-08-24 17:14:12] [891/1627] OK FI_PR_MD_QRENTEMP
[2026-08-24 17:14:12] [892/1627] Dumping FI_PR_MD_QRENTEMP_HIS ...
[2026-08-24 17:14:12] [892/1627] OK FI_PR_MD_QRENTEMP_HIS
[2026-08-24 17:14:12] [893/1627] Dumping FI_PR_MD_QRENTEMP_OLD ...
[2026-08-24 17:14:13] [893/1627] OK FI_PR_MD_QRENTEMP_OLD
[2026-08-24 17:14:13] [894/1627] Dumping FI_PR_MD_QRENTRT ...
[2026-08-24 17:14:13] [894/1627] OK FI_PR_MD_QRENTRT
[2026-08-24 17:14:13] [895/1627] Dumping FI_PR_MD_QSUBLOCN ...
[2026-08-24 17:14:13] [895/1627] OK FI_PR_MD_QSUBLOCN
[2026-08-24 17:14:13] [896/1627] Dumping FI_PR_MD_SBASEVAL ...
[2026-08-24 17:14:13] [896/1627] OK FI_PR_MD_SBASEVAL
[2026-08-24 17:14:13] [897/1627] Dumping FI_PR_MD_SBASEVAL_1997WR ...
[2026-08-24 17:14:13] [897/1627] OK FI_PR_MD_SBASEVAL_1997WR
[2026-08-24 17:14:13] [898/1627] Dumping FI_PR_MD_SBASEVAL_2007WR ...
[2026-08-24 17:14:14] [898/1627] OK FI_PR_MD_SBASEVAL_2007WR
[2026-08-24 17:14:14] [899/1627] Dumping FI_PR_MD_STRATE ...
[2026-08-24 17:14:14] [899/1627] OK FI_PR_MD_STRATE
[2026-08-24 17:14:14] [900/1627] Dumping FI_PR_MD_STRATE_1997WR ...
[2026-08-24 17:14:14] [900/1627] OK FI_PR_MD_STRATE_1997WR
[2026-08-24 17:14:14] [901/1627] Dumping FI_PR_MD_STRATE_2007WR ...
[2026-08-24 17:14:14] [901/1627] OK FI_PR_MD_STRATE_2007WR
[2026-08-24 17:14:14] [902/1627] Dumping FI_PR_MEAT_FISH_ARR ...
[2026-08-24 17:14:16] [902/1627] OK FI_PR_MEAT_FISH_ARR
[2026-08-24 17:14:16] [903/1627] Dumping FI_PR_MEAT_FISH_SUMMARY ...
[2026-08-24 17:14:16] [903/1627] OK FI_PR_MEAT_FISH_SUMMARY
[2026-08-24 17:14:16] [904/1627] Dumping FI_PR_MEDICAL_EARNAMTMTH ...
[2026-08-24 17:14:18] [904/1627] OK FI_PR_MEDICAL_EARNAMTMTH
[2026-08-24 17:14:18] [905/1627] Dumping FI_PR_MH_ADA_RATE ...
[2026-08-24 17:14:18] [905/1627] OK FI_PR_MH_ADA_RATE
[2026-08-24 17:14:18] [906/1627] Dumping FI_PR_MH_ADA_RATE_2007WR ...
[2026-08-24 17:14:19] [906/1627] OK FI_PR_MH_ADA_RATE_2007WR
[2026-08-24 17:14:19] [907/1627] Dumping FI_PR_MH_ADA_RATE_OLD ...
[2026-08-24 17:14:19] [907/1627] OK FI_PR_MH_ADA_RATE_OLD
[2026-08-24 17:14:19] [908/1627] Dumping FI_PR_MH_ADJTYPE ...
[2026-08-24 17:14:19] [908/1627] OK FI_PR_MH_ADJTYPE
[2026-08-24 17:14:19] [909/1627] Dumping FI_PR_MH_ARREAR ...
[2026-08-24 17:14:19] [909/1627] OK FI_PR_MH_ARREAR
[2026-08-24 17:14:19] [910/1627] Dumping FI_PR_MH_BILL_PRINT ...
[2026-08-24 17:14:20] [910/1627] OK FI_PR_MH_BILL_PRINT
[2026-08-24 17:14:20] [911/1627] Dumping FI_PR_MH_BILL_PRINT_DEAD ...
[2026-08-24 17:14:20] [911/1627] OK FI_PR_MH_BILL_PRINT_DEAD
[2026-08-24 17:14:20] [912/1627] Dumping FI_PR_MH_CAFE ...
[2026-08-24 17:14:20] [912/1627] OK FI_PR_MH_CAFE
[2026-08-24 17:14:20] [913/1627] Dumping FI_PR_MH_CAFE_FINYR ...
[2026-08-24 17:14:20] [913/1627] OK FI_PR_MH_CAFE_FINYR
[2026-08-24 17:14:20] [914/1627] Dumping FI_PR_MH_CAFE_GROUP ...
[2026-08-24 17:14:20] [914/1627] OK FI_PR_MH_CAFE_GROUP
[2026-08-24 17:14:20] [915/1627] Dumping FI_PR_MH_CALC_DA ...
[2026-08-24 17:14:20] [915/1627] OK FI_PR_MH_CALC_DA
[2026-08-24 17:14:21] [916/1627] Dumping FI_PR_MH_CALC_DA_130225 ...
[2026-08-24 17:14:21] [916/1627] OK FI_PR_MH_CALC_DA_130225
[2026-08-24 17:14:21] [917/1627] Dumping FI_PR_MH_CALC_DA_1997WR ...
[2026-08-24 17:14:21] [917/1627] OK FI_PR_MH_CALC_DA_1997WR
[2026-08-24 17:14:21] [918/1627] Dumping FI_PR_MH_CALC_DA_2007WR ...
[2026-08-24 17:14:21] [918/1627] OK FI_PR_MH_CALC_DA_2007WR
[2026-08-24 17:14:21] [919/1627] Dumping FI_PR_MH_CALC_DA_2012WR ...
[2026-08-24 17:14:21] [919/1627] OK FI_PR_MH_CALC_DA_2012WR
[2026-08-24 17:14:21] [920/1627] Dumping FI_PR_MH_CALC_DA_2022 ...
[2026-08-24 17:14:22] [920/1627] OK FI_PR_MH_CALC_DA_2022
[2026-08-24 17:14:22] [921/1627] Dumping FI_PR_MH_CALC_DA_2022WR ...
[2026-08-24 17:14:22] [921/1627] OK FI_PR_MH_CALC_DA_2022WR
[2026-08-24 17:14:22] [922/1627] Dumping FI_PR_MH_CALC_DA_PALAS ...
[2026-08-24 17:14:22] [922/1627] OK FI_PR_MH_CALC_DA_PALAS
[2026-08-24 17:14:22] [923/1627] Dumping FI_PR_MH_CALC_DA_REV_OFFICER ...
[2026-08-24 17:14:22] [923/1627] OK FI_PR_MH_CALC_DA_REV_OFFICER
[2026-08-24 17:14:22] [924/1627] Dumping FI_PR_MH_COURTS ...
[2026-08-24 17:14:22] [924/1627] OK FI_PR_MH_COURTS
[2026-08-24 17:14:22] [925/1627] Dumping FI_PR_MH_CRDT_CONTRA ...
[2026-08-24 17:14:23] [925/1627] OK FI_PR_MH_CRDT_CONTRA
[2026-08-24 17:14:23] [926/1627] Dumping FI_PR_MH_CRDT_CONTRA_PF ...
[2026-08-24 17:14:23] [926/1627] OK FI_PR_MH_CRDT_CONTRA_PF
[2026-08-24 17:14:23] [927/1627] Dumping FI_PR_MH_ENTRY_LIMIT ...
[2026-08-24 17:14:23] [927/1627] OK FI_PR_MH_ENTRY_LIMIT
[2026-08-24 17:14:23] [928/1627] Dumping FI_PR_MH_ENTRY_LIMIT_AUDIT ...
[2026-08-24 17:14:23] [928/1627] OK FI_PR_MH_ENTRY_LIMIT_AUDIT
[2026-08-24 17:14:23] [929/1627] Dumping FI_PR_MH_ERNDEDNMAP ...
[2026-08-24 17:14:23] [929/1627] OK FI_PR_MH_ERNDEDNMAP
[2026-08-24 17:14:23] [930/1627] Dumping FI_PR_MH_HOD_DEPUTY ...
[2026-08-24 17:14:23] [930/1627] OK FI_PR_MH_HOD_DEPUTY
[2026-08-24 17:14:23] [931/1627] Dumping FI_PR_MH_INTERIM_RELIEF ...
[2026-08-24 17:14:24] [931/1627] OK FI_PR_MH_INTERIM_RELIEF
[2026-08-24 17:14:24] [932/1627] Dumping FI_PR_MH_INTERIM_RELIEF_BACKUP ...
[2026-08-24 17:14:24] [932/1627] OK FI_PR_MH_INTERIM_RELIEF_BACKUP
[2026-08-24 17:14:24] [933/1627] Dumping FI_PR_MH_IT ...
[2026-08-24 17:14:24] [933/1627] OK FI_PR_MH_IT
[2026-08-24 17:14:24] [934/1627] Dumping FI_PR_MH_LEAVE ...
[2026-08-24 17:14:24] [934/1627] OK FI_PR_MH_LEAVE
[2026-08-24 17:14:24] [935/1627] Dumping FI_PR_MH_OT_SANC ...
[2026-08-24 17:14:24] [935/1627] OK FI_PR_MH_OT_SANC
[2026-08-24 17:14:24] [936/1627] Dumping FI_PR_MH_OUTSIDE_PARTY ...
[2026-08-24 17:14:24] [936/1627] OK FI_PR_MH_OUTSIDE_PARTY
[2026-08-24 17:14:24] [937/1627] Dumping FI_PR_MH_PAYSCALE_MAP ...
[2026-08-24 17:14:25] [937/1627] OK FI_PR_MH_PAYSCALE_MAP
[2026-08-24 17:14:25] [938/1627] Dumping FI_PR_MH_PAYSCALE_MAP2017 ...
[2026-08-24 17:14:25] [938/1627] OK FI_PR_MH_PAYSCALE_MAP2017
[2026-08-24 17:14:25] [939/1627] Dumping FI_PR_MH_PAYSCALE_MAP_OFF ...
[2026-08-24 17:14:25] [939/1627] OK FI_PR_MH_PAYSCALE_MAP_OFF
[2026-08-24 17:14:25] [940/1627] Dumping FI_PR_MH_PFCONTRIB ...
[2026-08-24 17:14:26] [940/1627] OK FI_PR_MH_PFCONTRIB
[2026-08-24 17:14:26] [941/1627] Dumping FI_PR_MH_PFRATE ...
[2026-08-24 17:14:27] [941/1627] OK FI_PR_MH_PFRATE
[2026-08-24 17:14:27] [942/1627] Dumping FI_PR_MH_PROFTAX_RT ...
[2026-08-24 17:14:27] [942/1627] OK FI_PR_MH_PROFTAX_RT
[2026-08-24 17:14:27] [943/1627] Dumping FI_PR_MH_QLOCN ...
[2026-08-24 17:14:27] [943/1627] OK FI_PR_MH_QLOCN
[2026-08-24 17:14:27] [944/1627] Dumping FI_PR_MH_QRENT_2020 ...
[2026-08-24 17:14:27] [944/1627] OK FI_PR_MH_QRENT_2020
[2026-08-24 17:14:27] [945/1627] Dumping FI_PR_MH_WRKUNION ...
[2026-08-24 17:14:27] [945/1627] OK FI_PR_MH_WRKUNION
[2026-08-24 17:14:27] [946/1627] Dumping FI_PR_MTH_OT_SANC ...
[2026-08-24 17:14:28] [946/1627] OK FI_PR_MTH_OT_SANC
[2026-08-24 17:14:28] [947/1627] Dumping FI_PR_NETARR_REVOFF ...
[2026-08-24 17:14:28] [947/1627] OK FI_PR_NETARR_REVOFF
[2026-08-24 17:14:28] [948/1627] Dumping FI_PR_NET_PLR_2011 ...
[2026-08-24 17:14:28] [948/1627] OK FI_PR_NET_PLR_2011
[2026-08-24 17:14:28] [949/1627] Dumping FI_PR_NET_PLR_2011_BCK ...
[2026-08-24 17:14:28] [949/1627] OK FI_PR_NET_PLR_2011_BCK
[2026-08-24 17:14:28] [950/1627] Dumping FI_PR_NET_PLR_2011_RET ...
[2026-08-24 17:14:28] [950/1627] OK FI_PR_NET_PLR_2011_RET
[2026-08-24 17:14:28] [951/1627] Dumping FI_PR_NET_PLR_2012 ...
[2026-08-24 17:14:29] [951/1627] OK FI_PR_NET_PLR_2012
[2026-08-24 17:14:29] [952/1627] Dumping FI_PR_NET_PLR_2012_BCK ...
[2026-08-24 17:14:29] [952/1627] OK FI_PR_NET_PLR_2012_BCK
[2026-08-24 17:14:29] [953/1627] Dumping FI_PR_NET_PLR_2012_RET ...
[2026-08-24 17:14:29] [953/1627] OK FI_PR_NET_PLR_2012_RET
[2026-08-24 17:14:29] [954/1627] Dumping FI_PR_ONLINE_FA_NOT_THROUGH ...
[2026-08-24 17:14:30] [954/1627] OK FI_PR_ONLINE_FA_NOT_THROUGH
[2026-08-24 17:14:30] [955/1627] Dumping FI_PR_ONLINE_FA_SUB ...
[2026-08-24 17:14:35] [955/1627] OK FI_PR_ONLINE_FA_SUB
[2026-08-24 17:14:35] [956/1627] Dumping FI_PR_ONLINE_SUPER_USER ...
[2026-08-24 17:14:35] [956/1627] OK FI_PR_ONLINE_SUPER_USER
[2026-08-24 17:14:35] [957/1627] Dumping FI_PR_ONLINE_USER_DTL ...
[2026-08-24 17:14:35] [957/1627] OK FI_PR_ONLINE_USER_DTL
[2026-08-24 17:14:35] [958/1627] Dumping FI_PR_ONLINE_USER_DTL_DEL ...
[2026-08-24 17:14:35] [958/1627] OK FI_PR_ONLINE_USER_DTL_DEL
[2026-08-24 17:14:35] [959/1627] Dumping FI_PR_ONLINE_USER_HDR ...
[2026-08-24 17:14:35] [959/1627] OK FI_PR_ONLINE_USER_HDR
[2026-08-24 17:14:35] [960/1627] Dumping FI_PR_OTHER_PAY_WR2017 ...
[2026-08-24 17:14:36] [960/1627] OK FI_PR_OTHER_PAY_WR2017
[2026-08-24 17:14:36] [961/1627] Dumping FI_PR_OVDN_ARR ...
[2026-08-24 17:14:36] [961/1627] OK FI_PR_OVDN_ARR
[2026-08-24 17:14:36] [962/1627] Dumping FI_PR_OVDN_ARR_1 ...
[2026-08-24 17:14:36] [962/1627] OK FI_PR_OVDN_ARR_1
[2026-08-24 17:14:36] [963/1627] Dumping FI_PR_OVDN_ARR_2011 ...
[2026-08-24 17:14:36] [963/1627] OK FI_PR_OVDN_ARR_2011
[2026-08-24 17:14:36] [964/1627] Dumping FI_PR_OVDN_ARR_BCK ...
[2026-08-24 17:14:37] [964/1627] OK FI_PR_OVDN_ARR_BCK
[2026-08-24 17:14:37] [965/1627] Dumping FI_PR_OVDN_RECOVERY ...
[2026-08-24 17:14:37] [965/1627] OK FI_PR_OVDN_RECOVERY
[2026-08-24 17:14:37] [966/1627] Dumping FI_PR_PF_NPS_DEDUCT ...
[2026-08-24 17:14:38] [966/1627] OK FI_PR_PF_NPS_DEDUCT
[2026-08-24 17:14:38] [967/1627] Dumping FI_PR_PF_NPS_DUE ...
[2026-08-24 17:14:38] [967/1627] OK FI_PR_PF_NPS_DUE
[2026-08-24 17:14:38] [968/1627] Dumping FI_PR_PILOT_31122006 ...
[2026-08-24 17:14:38] [968/1627] OK FI_PR_PILOT_31122006
[2026-08-24 17:14:38] [969/1627] Dumping FI_PR_PILOT_SENIORITY ...
[2026-08-24 17:14:38] [969/1627] OK FI_PR_PILOT_SENIORITY
[2026-08-24 17:14:38] [970/1627] Dumping FI_PR_PLR2011_2012 ...
[2026-08-24 17:14:39] [970/1627] OK FI_PR_PLR2011_2012
[2026-08-24 17:14:39] [971/1627] Dumping FI_PR_PLR_0607_NPL ...
[2026-08-24 17:14:39] [971/1627] OK FI_PR_PLR_0607_NPL
[2026-08-24 17:14:39] [972/1627] Dumping FI_PR_PLR_0708_NPL ...
[2026-08-24 17:14:39] [972/1627] OK FI_PR_PLR_0708_NPL
[2026-08-24 17:14:39] [973/1627] Dumping FI_PR_PLR_DIFF_2020 ...
[2026-08-24 17:14:39] [973/1627] OK FI_PR_PLR_DIFF_2020
[2026-08-24 17:14:39] [974/1627] Dumping FI_PR_PLR_DIFF_2021 ...
[2026-08-24 17:14:40] [974/1627] OK FI_PR_PLR_DIFF_2021
[2026-08-24 17:14:40] [975/1627] Dumping FI_PR_PLR_LV_2006 ...
[2026-08-24 17:14:41] [975/1627] OK FI_PR_PLR_LV_2006
[2026-08-24 17:14:41] [976/1627] Dumping FI_PR_PLR_LV_2007 ...
[2026-08-24 17:14:41] [976/1627] OK FI_PR_PLR_LV_2007
[2026-08-24 17:14:41] [977/1627] Dumping FI_PR_PLR_LV_2008 ...
[2026-08-24 17:14:42] [977/1627] OK FI_PR_PLR_LV_2008
[2026-08-24 17:14:42] [978/1627] Dumping FI_PR_PLR_LV_2008_COMPARE ...
[2026-08-24 17:14:42] [978/1627] OK FI_PR_PLR_LV_2008_COMPARE
[2026-08-24 17:14:42] [979/1627] Dumping FI_PR_PLR_LV_2010 ...
[2026-08-24 17:14:43] [979/1627] OK FI_PR_PLR_LV_2010
[2026-08-24 17:14:43] [980/1627] Dumping FI_PR_PLR_LV_2011 ...
[2026-08-24 17:14:43] [980/1627] OK FI_PR_PLR_LV_2011
[2026-08-24 17:14:43] [981/1627] Dumping FI_PR_PLR_LV_2011_BCK ...
[2026-08-24 17:14:44] [981/1627] OK FI_PR_PLR_LV_2011_BCK
[2026-08-24 17:14:44] [982/1627] Dumping FI_PR_PLR_LV_2011_RET ...
[2026-08-24 17:14:44] [982/1627] OK FI_PR_PLR_LV_2011_RET
[2026-08-24 17:14:44] [983/1627] Dumping FI_PR_PLR_LV_2012 ...
[2026-08-24 17:14:45] [983/1627] OK FI_PR_PLR_LV_2012
[2026-08-24 17:14:45] [984/1627] Dumping FI_PR_PLR_LV_2012_BCK ...
[2026-08-24 17:14:45] [984/1627] OK FI_PR_PLR_LV_2012_BCK
[2026-08-24 17:14:45] [985/1627] Dumping FI_PR_PLR_LV_2012_RET ...
[2026-08-24 17:14:45] [985/1627] OK FI_PR_PLR_LV_2012_RET
[2026-08-24 17:14:45] [986/1627] Dumping FI_PR_PLR_LV_2013 ...
[2026-08-24 17:14:45] [986/1627] OK FI_PR_PLR_LV_2013
[2026-08-24 17:14:45] [987/1627] Dumping FI_PR_PLR_LV_2014 ...
[2026-08-24 17:14:46] [987/1627] OK FI_PR_PLR_LV_2014
[2026-08-24 17:14:46] [988/1627] Dumping FI_PR_PLR_LV_2014_RET ...
[2026-08-24 17:14:46] [988/1627] OK FI_PR_PLR_LV_2014_RET
[2026-08-24 17:14:46] [989/1627] Dumping FI_PR_PLR_LV_2015 ...
[2026-08-24 17:14:47] [989/1627] OK FI_PR_PLR_LV_2015
[2026-08-24 17:14:47] [990/1627] Dumping FI_PR_PLR_LV_2015_RET ...
[2026-08-24 17:14:47] [990/1627] OK FI_PR_PLR_LV_2015_RET
[2026-08-24 17:14:47] [991/1627] Dumping FI_PR_PLR_LV_2016 ...
[2026-08-24 17:14:48] [991/1627] OK FI_PR_PLR_LV_2016
[2026-08-24 17:14:48] [992/1627] Dumping FI_PR_PLR_LV_2017 ...
[2026-08-24 17:14:49] [992/1627] OK FI_PR_PLR_LV_2017
[2026-08-24 17:14:49] [993/1627] Dumping FI_PR_PLR_LV_2018 ...
[2026-08-24 17:14:50] [993/1627] OK FI_PR_PLR_LV_2018
[2026-08-24 17:14:50] [994/1627] Dumping FI_PR_PLR_LV_2019 ...
[2026-08-24 17:14:50] [994/1627] OK FI_PR_PLR_LV_2019
[2026-08-24 17:14:50] [995/1627] Dumping FI_PR_PLR_LV_2019_15398 ...
[2026-08-24 17:14:51] [995/1627] OK FI_PR_PLR_LV_2019_15398
[2026-08-24 17:14:51] [996/1627] Dumping FI_PR_PLR_LV_2020 ...
[2026-08-24 17:14:51] [996/1627] OK FI_PR_PLR_LV_2020
[2026-08-24 17:14:51] [997/1627] Dumping FI_PR_PLR_LV_2021 ...
[2026-08-24 17:14:51] [997/1627] OK FI_PR_PLR_LV_2021
[2026-08-24 17:14:51] [998/1627] Dumping FI_PR_PM_CARES_FUND ...
[2026-08-24 17:14:51] [998/1627] OK FI_PR_PM_CARES_FUND
[2026-08-24 17:14:51] [999/1627] Dumping FI_PR_POST_DETAILS ...
[2026-08-24 17:14:52] [999/1627] OK FI_PR_POST_DETAILS
[2026-08-24 17:14:52] [1000/1627] Dumping FI_PR_PROCESS_LOCK ...
[2026-08-24 17:14:52] [1000/1627] OK FI_PR_PROCESS_LOCK
[2026-08-24 17:14:52] [1001/1627] Dumping FI_PR_PROMOTION_12 ...
[2026-08-24 17:14:52] [1001/1627] OK FI_PR_PROMOTION_12
[2026-08-24 17:14:52] [1002/1627] Dumping FI_PR_QRENT_DED_WRARR ...
[2026-08-24 17:14:52] [1002/1627] OK FI_PR_QRENT_DED_WRARR
[2026-08-24 17:14:52] [1003/1627] Dumping FI_PR_QRENT_DED_WRARR_OFF ...
[2026-08-24 17:14:53] [1003/1627] OK FI_PR_QRENT_DED_WRARR_OFF
[2026-08-24 17:14:53] [1004/1627] Dumping FI_PR_QRENT_DED_WRARR_OFF_BCK ...
[2026-08-24 17:14:53] [1004/1627] OK FI_PR_QRENT_DED_WRARR_OFF_BCK
[2026-08-24 17:14:53] [1005/1627] Dumping FI_PR_QRENT_TEST ...
[2026-08-24 17:14:57] [1005/1627] OK FI_PR_QRENT_TEST
[2026-08-24 17:14:57] [1006/1627] Dumping FI_PR_QRENT_TEST_OFF ...
[2026-08-24 17:14:58] [1006/1627] OK FI_PR_QRENT_TEST_OFF
[2026-08-24 17:14:58] [1007/1627] Dumping FI_PR_QTRS_RENT_INP ...
[2026-08-24 17:14:58] [1007/1627] OK FI_PR_QTRS_RENT_INP
[2026-08-24 17:14:58] [1008/1627] Dumping FI_PR_QTRS_RENT_OUT ...
[2026-08-24 17:14:58] [1008/1627] OK FI_PR_QTRS_RENT_OUT
[2026-08-24 17:14:58] [1009/1627] Dumping FI_PR_QTR_NEWRT ...
[2026-08-24 17:14:58] [1009/1627] OK FI_PR_QTR_NEWRT
[2026-08-24 17:14:58] [1010/1627] Dumping FI_PR_QTR_NEWRT_34 ...
[2026-08-24 17:14:59] [1010/1627] OK FI_PR_QTR_NEWRT_34
[2026-08-24 17:14:59] [1011/1627] Dumping FI_PR_RET_ARR_WR2017 ...
[2026-08-24 17:14:59] [1011/1627] OK FI_PR_RET_ARR_WR2017
[2026-08-24 17:14:59] [1012/1627] Dumping FI_PR_RET_III_IV_LOT1 ...
[2026-08-24 17:14:59] [1012/1627] OK FI_PR_RET_III_IV_LOT1
[2026-08-24 17:14:59] [1013/1627] Dumping FI_PR_RET_III_IV_LOT2 ...
[2026-08-24 17:14:59] [1013/1627] OK FI_PR_RET_III_IV_LOT2
[2026-08-24 17:14:59] [1014/1627] Dumping FI_PR_RET_III_IV_LOT3 ...
[2026-08-24 17:14:59] [1014/1627] OK FI_PR_RET_III_IV_LOT3
[2026-08-24 17:14:59] [1015/1627] Dumping FI_PR_REVOFFPROV ...
[2026-08-24 17:15:00] [1015/1627] OK FI_PR_REVOFFPROV
[2026-08-24 17:15:00] [1016/1627] Dumping FI_PR_RS_EMP_2012 ...
[2026-08-24 17:15:00] [1016/1627] OK FI_PR_RS_EMP_2012
[2026-08-24 17:15:00] [1017/1627] Dumping FI_PR_SAL_BACKDATA_CREATION ...
[2026-08-24 17:23:40] [1017/1627] OK FI_PR_SAL_BACKDATA_CREATION
[2026-08-24 17:23:40] [1018/1627] Dumping FI_PR_SAL_BACKDATA_TEMP ...
[2026-08-24 17:23:44] [1018/1627] OK FI_PR_SAL_BACKDATA_TEMP
[2026-08-24 17:23:44] [1019/1627] Dumping FI_PR_SCALE_MTH ...
[2026-08-24 17:23:45] [1019/1627] OK FI_PR_SCALE_MTH
[2026-08-24 17:23:45] [1020/1627] Dumping FI_PR_SCALE_YEAR_EMP ...
[2026-08-24 17:23:47] [1020/1627] OK FI_PR_SCALE_YEAR_EMP
[2026-08-24 17:23:47] [1021/1627] Dumping FI_PR_SEPARATION_DT_NULL ...
[2026-08-24 17:23:48] [1021/1627] OK FI_PR_SEPARATION_DT_NULL
[2026-08-24 17:23:48] [1022/1627] Dumping FI_PR_SPL_LV_ENCSH ...
[2026-08-24 17:23:49] [1022/1627] OK FI_PR_SPL_LV_ENCSH
[2026-08-24 17:23:49] [1023/1627] Dumping FI_PR_SPL_LV_ENCSH1 ...
[2026-08-24 17:23:50] [1023/1627] OK FI_PR_SPL_LV_ENCSH1
[2026-08-24 17:23:50] [1024/1627] Dumping FI_PR_STAG ...
[2026-08-24 17:23:51] [1024/1627] OK FI_PR_STAG
[2026-08-24 17:23:51] [1025/1627] Dumping FI_PR_STOP_600_DEDN ...
[2026-08-24 17:23:52] [1025/1627] OK FI_PR_STOP_600_DEDN
[2026-08-24 17:23:52] [1026/1627] Dumping FI_PR_SUPP_ECS ...
[2026-08-24 17:23:53] [1026/1627] OK FI_PR_SUPP_ECS
[2026-08-24 17:23:53] [1027/1627] Dumping FI_PR_SUPP_ECS_AUDIT ...
[2026-08-24 17:23:54] [1027/1627] OK FI_PR_SUPP_ECS_AUDIT
[2026-08-24 17:23:54] [1028/1627] Dumping FI_PR_SUP_ENC_CORR ...
[2026-08-24 17:23:55] [1028/1627] OK FI_PR_SUP_ENC_CORR
[2026-08-24 17:23:55] [1029/1627] Dumping FI_PR_TADA_PARTY_BILL_DTL ...
[2026-08-24 17:23:56] [1029/1627] OK FI_PR_TADA_PARTY_BILL_DTL
[2026-08-24 17:23:56] [1030/1627] Dumping FI_PR_TADA_PARTY_BILL_HDR ...
[2026-08-24 17:23:57] [1030/1627] OK FI_PR_TADA_PARTY_BILL_HDR
[2026-08-24 17:23:57] [1031/1627] Dumping FI_PR_TA_DA_APPROVED_MST ...
[2026-08-24 17:23:58] [1031/1627] OK FI_PR_TA_DA_APPROVED_MST
[2026-08-24 17:23:58] [1032/1627] Dumping FI_PR_TA_DA_CITY_MST ...
[2026-08-24 17:23:59] [1032/1627] OK FI_PR_TA_DA_CITY_MST
[2026-08-24 17:23:59] [1033/1627] Dumping FI_PR_TA_DA_HDR ...
[2026-08-24 17:24:08] [1033/1627] OK FI_PR_TA_DA_HDR
[2026-08-24 17:24:08] [1034/1627] Dumping FI_PR_TA_DA_HDR_DEPUTY ...
[2026-08-24 17:24:09] [1034/1627] OK FI_PR_TA_DA_HDR_DEPUTY
[2026-08-24 17:24:09] [1035/1627] Dumping FI_PR_TA_DTL ...
[2026-08-24 17:24:09] [1035/1627] FAIL FI_PR_TA_DTL: (1171, 'All parts of a PRIMARY KEY must be NOT NULL; if you need NULL in a key, use UNIQUE instead')
[2026-08-24 17:24:09] [1036/1627] Dumping FI_PR_TA_DTL_DEPUTY ...
[2026-08-24 17:24:10] [1036/1627] OK FI_PR_TA_DTL_DEPUTY
[2026-08-24 17:24:10] [1037/1627] Dumping FI_PR_TD_295_STOP_EMP_DTL ...
[2026-08-24 17:24:13] [1037/1627] OK FI_PR_TD_295_STOP_EMP_DTL
[2026-08-24 17:24:13] [1038/1627] Dumping FI_PR_TD_ADV_LV_SAL ...
[2026-08-24 17:24:15] [1038/1627] OK FI_PR_TD_ADV_LV_SAL
[2026-08-24 17:24:15] [1039/1627] Dumping FI_PR_TD_ADV_LV_SALOUT ...
[2026-08-24 17:24:15] [1039/1627] OK FI_PR_TD_ADV_LV_SALOUT
[2026-08-24 17:24:15] [1040/1627] Dumping FI_PR_TD_ADV_LV_SALOUT_PKP ...
[2026-08-24 17:24:16] [1040/1627] OK FI_PR_TD_ADV_LV_SALOUT_PKP
[2026-08-24 17:24:16] [1041/1627] Dumping FI_PR_TD_ADV_LV_SALOUT_PKP1 ...
[2026-08-24 17:24:17] [1041/1627] OK FI_PR_TD_ADV_LV_SALOUT_PKP1
[2026-08-24 17:24:17] [1042/1627] Dumping FI_PR_TD_ARREAR_BONUS ...
[2026-08-24 17:24:34] [1042/1627] OK FI_PR_TD_ARREAR_BONUS
[2026-08-24 17:24:34] [1043/1627] Dumping FI_PR_TD_ARREAR_BONUS200707 ...
[2026-08-24 17:24:52] [1043/1627] OK FI_PR_TD_ARREAR_BONUS200707
[2026-08-24 17:24:52] [1044/1627] Dumping FI_PR_TD_ARREAR_BONUS_110907 ...
[2026-08-24 17:25:06] [1044/1627] OK FI_PR_TD_ARREAR_BONUS_110907
[2026-08-24 17:25:06] [1045/1627] Dumping FI_PR_TD_ARR_2007WR_12 ...
[2026-08-24 17:26:11] [1045/1627] OK FI_PR_TD_ARR_2007WR_12
[2026-08-24 17:26:11] [1046/1627] Dumping FI_PR_TD_ARR_2007WR_12_SUM ...
[2026-08-24 17:26:14] [1046/1627] OK FI_PR_TD_ARR_2007WR_12_SUM
[2026-08-24 17:26:14] [1047/1627] Dumping FI_PR_TD_ARR_2007WR_BACKUP ...
[2026-08-24 17:36:12] [1047/1627] OK FI_PR_TD_ARR_2007WR_BACKUP
[2026-08-24 17:36:12] [1048/1627] Dumping FI_PR_TD_ARR_2007WR_MOD ...
[2026-08-24 17:44:38] [1048/1627] OK FI_PR_TD_ARR_2007WR_MOD
[2026-08-24 17:44:38] [1049/1627] Dumping FI_PR_TD_ARR_2007WR_OF_FAIC ...
[2026-08-24 18:39:30] [1049/1627] FAIL FI_PR_TD_ARR_2007WR_OF_FAIC: DPI-1010: not connected
[2026-08-24 18:39:31] [1050/1627] Dumping FI_PR_TD_ARR_2007WR_OF_JUL11 ...
[2026-08-24 18:39:32] [1050/1627] FAIL FI_PR_TD_ARR_2007WR_OF_JUL11: ORA-12543: TNS:destination host unreachable
Help: https://docs.oracle.com/error-help/db/ora-12543/
[2026-08-24 18:39:32] [1051/1627] Dumping FI_PR_TD_ARR_2007WR_SUM ...
[2026-08-24 18:39:33] [1051/1627] FAIL FI_PR_TD_ARR_2007WR_SUM: ORA-12543: TNS:destination host unreachable
Help: https://docs.oracle.com/error-help/db/ora-12543/
[2026-08-24 18:39:33] [1052/1627] Dumping FI_PR_TD_ARR_COMP ...
[2026-08-24 18:39:33] [1052/1627] FAIL FI_PR_TD_ARR_COMP: ORA-12543: TNS:destination host unreachable
Help: https://docs.oracle.com/error-help/db/ora-12543/
[2026-08-24 18:39:33] [1053/1627] Dumping FI_PR_TD_ARR_COMP_2007WR ...
[2026-08-24 18:39:33] [1053/1627] FAIL FI_PR_TD_ARR_COMP_2007WR: ORA-12543: TNS:destination host unreachable
Help: https://docs.oracle.com/error-help/db/ora-12543/
[2026-08-24 18:39:33] [1054/1627] Dumping FI_PR_TD_ARR_COMP_2007WR_BCK2 ...
[2026-08-24 18:39:34] [1054/1627] FAIL FI_PR_TD_ARR_COMP_2007WR_BCK2: ORA-12543: TNS:destination host unreachable
Help: https://docs.oracle.com/error-help/db/ora-12543/
[2026-08-24 18:39:34] [1055/1627] Dumping FI_PR_TD_ARR_COMP_2007WR_BCK3 ...
[2026-08-24 18:39:34] [1055/1627] FAIL FI_PR_TD_ARR_COMP_2007WR_BCK3: ORA-12543: TNS:destination host unreachable
Help: https://docs.oracle.com/error-help/db/ora-12543/
[2026-08-24 18:39:34] [1056/1627] Dumping FI_PR_TD_ARR_COMP_2007WR_I ...
[2026-08-24 18:39:34] [1056/1627] FAIL FI_PR_TD_ARR_COMP_2007WR_I: ORA-12543: TNS:destination host unreachable
Help: https://docs.oracle.com/error-help/db/ora-12543/
[2026-08-24 18:39:34] [1057/1627] Dumping FI_PR_TD_ARR_COMP_2007WR_OFF ...
[2026-08-24 20:06:17] [1057/1627] FAIL FI_PR_TD_ARR_COMP_2007WR_OFF: ORA-12543: TNS:destination host unreachable
Help: https://docs.oracle.com/error-help/db/ora-12543/
[2026-08-24 20:06:17] [1058/1627] Dumping FI_PR_TD_ARR_COMP_2007WR_OFF34 ...
[2026-08-24 20:06:18] [1058/1627] FAIL FI_PR_TD_ARR_COMP_2007WR_OFF34: ORA-12543: TNS:destination host unreachable
Help: https://docs.oracle.com/error-help/db/ora-12543/
[2026-08-24 20:06:18] [1059/1627] Dumping FI_PR_TD_ARR_COMP_2PT2 ...
[2026-08-24 20:06:19] [1059/1627] FAIL FI_PR_TD_ARR_COMP_2PT2: ORA-12543: TNS:destination host unreachable
Help: https://docs.oracle.com/error-help/db/ora-12543/
[2026-08-24 20:06:19] [1060/1627] Dumping FI_PR_TD_ARR_COMP_LA_2007WR ...
[2026-08-24 20:06:20] [1060/1627] FAIL FI_PR_TD_ARR_COMP_LA_2007WR: ORA-12543: TNS:destination host unreachable
Help: https://docs.oracle.com/error-help/db/ora-12543/
[2026-08-24 20:06:20] [1061/1627] Dumping FI_PR_TD_ARR_COMP_LVENC ...
[2026-08-24 20:06:21] [1061/1627] FAIL FI_PR_TD_ARR_COMP_LVENC: ORA-12543: TNS:destination host unreachable
Help: https://docs.oracle.com/error-help/db/ora-12543/
[2026-08-24 20:06:21] [1062/1627] Dumping FI_PR_TD_CAFE_DOC_RECOV ...
[2026-08-24 20:06:41] [1062/1627] FAIL FI_PR_TD_CAFE_DOC_RECOV: ORA-12170: Cannot connect. TCP connect timeout of 20s for host 192.168.4.62 port 1521. (CONNECTION_ID=pAfLep5SROmtaTeZMabUuw==)
Help: https://docs.oracle.com/error-help/db/ora-12170/
[2026-08-24 20:06:41] [1063/1627] Dumping FI_PR_TD_COURTADJ ...
[2026-08-24 20:07:02] [1063/1627] FAIL FI_PR_TD_COURTADJ: ORA-12170: Cannot connect. TCP connect timeout of 20s for host 192.168.4.62 port 1521. (CONNECTION_ID=4gN/qIrYSKecQtjLdUb3AA==)
Help: https://docs.oracle.com/error-help/db/ora-12170/
[2026-08-24 20:07:02] [1064/1627] Dumping FI_PR_TD_DADJDTL ...
[2026-08-24 20:07:24] [1064/1627] FAIL FI_PR_TD_DADJDTL: ORA-12170: Cannot connect. TCP connect timeout of 20s for host 192.168.4.62 port 1521. (CONNECTION_ID=VLRRdCgVT3GgC3+eM6V4+w==)
Help: https://docs.oracle.com/error-help/db/ora-12170/
[2026-08-24 20:07:24] [1065/1627] Dumping FI_PR_TD_DADJDTL_LOC ...
[2026-08-24 20:07:45] [1065/1627] FAIL FI_PR_TD_DADJDTL_LOC: ORA-12170: Cannot connect. TCP connect timeout of 20s for host 192.168.4.62 port 1521. (CONNECTION_ID=1csvOwBiTCC7EsfGUzCL7A==)
Help: https://docs.oracle.com/error-help/db/ora-12170/
[2026-08-24 20:07:45] [1066/1627] Dumping FI_PR_TD_DADJFOR ...
[2026-08-24 20:08:05] [1066/1627] FAIL FI_PR_TD_DADJFOR: ORA-12170: Cannot connect. TCP connect timeout of 20s for host 192.168.4.62 port 1521. (CONNECTION_ID=3CqarlniTyCcrUGxZ2lYDA==)
Help: https://docs.oracle.com/error-help/db/ora-12170/
[2026-08-24 20:08:05] [1067/1627] Dumping FI_PR_TD_DADJFOR_LOC ...
[2026-08-24 20:08:25] [1067/1627] FAIL FI_PR_TD_DADJFOR_LOC: ORA-12170: Cannot connect. TCP connect timeout of 20s for host 192.168.4.62 port 1521. (CONNECTION_ID=mR3A+q9fSNeoPHpuawHUoA==)
Help: https://docs.oracle.com/error-help/db/ora-12170/
[2026-08-24 20:08:25] [1068/1627] Dumping FI_PR_TD_DA_HRA_ARR ...
[2026-08-24 20:08:45] [1068/1627] FAIL FI_PR_TD_DA_HRA_ARR: ORA-12170: Cannot connect. TCP connect timeout of 20s for host 192.168.4.62 port 1521. (CONNECTION_ID=pfmCG6mkTZiAZ7/fq/fLHw==)
Help: https://docs.oracle.com/error-help/db/ora-12170/
[2026-08-24 20:08:45] [1069/1627] Dumping FI_PR_TD_DEDNSMTH ...
[2026-08-24 20:09:05] [1069/1627] FAIL FI_PR_TD_DEDNSMTH: ORA-12170: Cannot connect. TCP connect timeout of 20s for host 192.168.4.62 port 1521. (CONNECTION_ID=J8tt/0xATkSfsMggVlnWsA==)
Help: https://docs.oracle.com/error-help/db/ora-12170/
[2026-08-24 20:09:05] [1070/1627] Dumping FI_PR_TD_DESIG_STRENGTH ...
[2026-08-24 20:09:26] [1070/1627] FAIL FI_PR_TD_DESIG_STRENGTH: ORA-12170: Cannot connect. TCP connect timeout of 20s for host 192.168.4.62 port 1521. (CONNECTION_ID=w7YnfKQMTGSxXVA1IUuGSQ==)
Help: https://docs.oracle.com/error-help/db/ora-12170/
[2026-08-24 20:09:26] [1071/1627] Dumping FI_PR_TD_DUMM2_SALOUT ...
[2026-08-24 20:09:46] [1071/1627] FAIL FI_PR_TD_DUMM2_SALOUT: ORA-12170: Cannot connect. TCP connect timeout of 20s for host 192.168.4.62 port 1521. (CONNECTION_ID=d1swN8VISCC4vzxBNqc/qQ==)
Help: https://docs.oracle.com/error-help/db/ora-12170/
[2026-08-24 20:09:46] [1072/1627] Dumping FI_PR_TD_DUMM3_SALOUT ...
[2026-08-24 20:10:06] [1072/1627] FAIL FI_PR_TD_DUMM3_SALOUT: ORA-12170: Cannot connect. TCP connect timeout of 20s for host 192.168.4.62 port 1521. (CONNECTION_ID=NPZrcYaUSw6n/77dqemnaw==)
Help: https://docs.oracle.com/error-help/db/ora-12170/
[2026-08-24 20:10:06] [1073/1627] Dumping FI_PR_TD_DUMM_SALOUT ...
[2026-08-24 20:10:27] [1073/1627] FAIL FI_PR_TD_DUMM_SALOUT: ORA-12170: Cannot connect. TCP connect timeout of 20s for host 192.168.4.62 port 1521. (CONNECTION_ID=ToygziOAQBOEdePWTEumVw==)
Help: https://docs.oracle.com/error-help/db/ora-12170/
[2026-08-24 20:10:27] [1074/1627] Dumping FI_PR_TD_EADJDTL ...
[2026-08-24 20:10:47] [1074/1627] FAIL FI_PR_TD_EADJDTL: ORA-12170: Cannot connect. TCP connect timeout of 20s for host 192.168.4.62 port 1521. (CONNECTION_ID=fCHQ8c7ySdaQw8KVOUukkw==)
Help: https://docs.oracle.com/error-help/db/ora-12170/
[2026-08-24 20:10:47] [1075/1627] Dumping FI_PR_TD_EADJDTL_AU2007 ...
[2026-08-24 20:11:07] [1075/1627] FAIL FI_PR_TD_EADJDTL_AU2007: ORA-12170: Cannot connect. TCP connect timeout of 20s for host 192.168.4.62 port 1521. (CONNECTION_ID=u3Hsy8G4SaSh7kdGVXIihg==)
Help: https://docs.oracle.com/error-help/db/ora-12170/
[2026-08-24 20:11:07] [1076/1627] Dumping FI_PR_TD_EADJDTL_BISU ...
[2026-08-24 20:11:28] [1076/1627] FAIL FI_PR_TD_EADJDTL_BISU: ORA-12170: Cannot connect. TCP connect timeout of 20s for host 192.168.4.62 port 1521. (CONNECTION_ID=F94PjfWkRBS8VPDOLLNA2Q==)
Help: https://docs.oracle.com/error-help/db/ora-12170/
[2026-08-24 20:11:28] [1077/1627] Dumping FI_PR_TD_EADJDTL_H ...
[2026-08-24 20:11:48] [1077/1627] FAIL FI_PR_TD_EADJDTL_H: ORA-12170: Cannot connect. TCP connect timeout of 20s for host 192.168.4.62 port 1521. (CONNECTION_ID=3kXB0cjsQem/0BeiRT2mAw==)
Help: https://docs.oracle.com/error-help/db/ora-12170/
[2026-08-24 20:11:48] [1078/1627] Dumping FI_PR_TD_EADJDTL_LOC ...
[2026-08-24 20:12:08] [1078/1627] FAIL FI_PR_TD_EADJDTL_LOC: ORA-12170: Cannot connect. TCP connect timeout of 20s for host 192.168.4.62 port 1521. (CONNECTION_ID=l9CrUdxKSJ60NhTWGfFhSA==)
Help: https://docs.oracle.com/error-help/db/ora-12170/
[2026-08-24 20:12:08] [1079/1627] Dumping FI_PR_TD_EADJFOR ...
[2026-08-24 20:12:28] [1079/1627] FAIL FI_PR_TD_EADJFOR: ORA-12170: Cannot connect. TCP connect timeout of 20s for host 192.168.4.62 port 1521. (CONNECTION_ID=uQ877fxHToOSLAGn2YdNQw==)
Help: https://docs.oracle.com/error-help/db/ora-12170/
[2026-08-24 20:12:28] [1080/1627] Dumping FI_PR_TD_EADJFOR_LOC ...
[2026-08-24 20:12:48] [1080/1627] FAIL FI_PR_TD_EADJFOR_LOC: ORA-12170: Cannot connect. TCP connect timeout of 20s for host 192.168.4.62 port 1521. (CONNECTION_ID=DutHIVkIToKQ9s+Z0Bqygg==)
Help: https://docs.oracle.com/error-help/db/ora-12170/
[2026-08-24 20:12:48] [1081/1627] Dumping FI_PR_TD_EADJFOR_MAY ...
[2026-08-24 20:13:09] [1081/1627] FAIL FI_PR_TD_EADJFOR_MAY: ORA-12170: Cannot connect. TCP connect timeout of 20s for host 192.168.4.62 port 1521. (CONNECTION_ID=pFGsFokTQOC0C5lDV/VxXQ==)
Help: https://docs.oracle.com/error-help/db/ora-12170/
[2026-08-24 20:13:09] [1082/1627] Dumping FI_PR_TD_ELGDEDRT ...
[2026-08-24 20:13:29] [1082/1627] FAIL FI_PR_TD_ELGDEDRT: ORA-12170: Cannot connect. TCP connect timeout of 20s for host 192.168.4.62 port 1521. (CONNECTION_ID=vRmLf5POQeOWH7+AvmvViA==)
Help: https://docs.oracle.com/error-help/db/ora-12170/
[2026-08-24 20:13:29] [1083/1627] Dumping FI_PR_TD_FNORM_RECOV ...
