[2026-08-25 10:20:47] Start dump: 1627 pending of 1627 selected (resume=False, mode=append-upsert, skip_fk=True)
[2026-08-25 10:20:47] [1/1627] Dumping FI_LA_ADV_LVNCSH ...
[2026-08-25 10:20:48] [1/1627] OK FI_LA_ADV_LVNCSH
[2026-08-25 10:20:48] [2/1627] Dumping FI_LA_APPL_DTL ...
[2026-08-25 10:20:51] [2/1627] OK FI_LA_APPL_DTL
[2026-08-25 10:20:51] [3/1627] Dumping FI_LA_APPL_HDR ...
[2026-08-25 10:20:54] [3/1627] OK FI_LA_APPL_HDR
[2026-08-25 10:20:54] [4/1627] Dumping FI_LA_APPL_HDR_FORM ...
[2026-08-25 10:20:57] [4/1627] OK FI_LA_APPL_HDR_FORM
[2026-08-25 10:20:57] [5/1627] Dumping FI_LA_BAL_DAYS ...
[2026-08-25 10:20:59] [5/1627] OK FI_LA_BAL_DAYS
[2026-08-25 10:20:59] [6/1627] Dumping FI_LA_ENCASH_REG ...
[2026-08-25 10:21:07] [6/1627] OK FI_LA_ENCASH_REG
[2026-08-25 10:21:07] [7/1627] Dumping FI_LA_ENCASH_REG_TEST ...
[2026-08-25 10:21:08] [7/1627] OK FI_LA_ENCASH_REG_TEST
[2026-08-25 10:21:08] [8/1627] Dumping FI_LA_ENC_LVBAL ...
[2026-08-25 10:21:11] [8/1627] OK FI_LA_ENC_LVBAL
[2026-08-25 10:21:11] [9/1627] Dumping FI_LA_ENC_LVBAL_TC ...
[2026-08-25 10:21:14] [9/1627] OK FI_LA_ENC_LVBAL_TC
[2026-08-25 10:21:14] [10/1627] Dumping FI_LA_LEAVE_POST_SALARY ...
[2026-08-25 10:23:39] [10/1627] OK FI_LA_LEAVE_POST_SALARY
[2026-08-25 10:23:39] [11/1627] Dumping FI_LA_LEAVE_POST_SALARY_0225 ...
[2026-08-25 10:23:40] [11/1627] OK FI_LA_LEAVE_POST_SALARY_0225
[2026-08-25 10:23:40] [12/1627] Dumping FI_LA_LEAVE_POST_SALARY_PALAS ...
[2026-08-25 10:23:42] [12/1627] OK FI_LA_LEAVE_POST_SALARY_PALAS
[2026-08-25 10:23:42] [13/1627] Dumping FI_LA_LVNCSH_ARREAR ...
[2026-08-25 10:23:46] [13/1627] OK FI_LA_LVNCSH_ARREAR
[2026-08-25 10:23:46] [14/1627] Dumping FI_LA_LV_STATUS ...
[2026-08-25 10:23:49] [14/1627] OK FI_LA_LV_STATUS
[2026-08-25 10:23:49] [15/1627] Dumping FI_LA_MACP_ENCASH ...
[2026-08-25 10:23:51] [15/1627] OK FI_LA_MACP_ENCASH
[2026-08-25 10:23:51] [16/1627] Dumping FI_LA_MD_CRNORMS ...
[2026-08-25 10:23:52] [16/1627] OK FI_LA_MD_CRNORMS
[2026-08-25 10:23:52] [17/1627] Dumping FI_LA_MH_ATTENDTYPE ...
[2026-08-25 10:23:53] [17/1627] OK FI_LA_MH_ATTENDTYPE
[2026-08-25 10:23:53] [18/1627] Dumping FI_LA_MH_BILL_PRINT ...
[2026-08-25 10:23:55] [18/1627] OK FI_LA_MH_BILL_PRINT
[2026-08-25 10:23:55] [19/1627] Dumping FI_LA_MH_CRNORMS ...
[2026-08-25 10:23:56] [19/1627] OK FI_LA_MH_CRNORMS
[2026-08-25 10:23:56] [20/1627] Dumping FI_LA_MH_DRLIMIT ...
[2026-08-25 10:23:57] [20/1627] OK FI_LA_MH_DRLIMIT
[2026-08-25 10:23:57] [21/1627] Dumping FI_LA_MH_LVBAL_MAX ...
[2026-08-25 10:23:58] [21/1627] OK FI_LA_MH_LVBAL_MAX
[2026-08-25 10:23:58] [22/1627] Dumping FI_LA_MH_LVELIG ...
[2026-08-25 10:23:59] [22/1627] OK FI_LA_MH_LVELIG
[2026-08-25 10:23:59] [23/1627] Dumping FI_LA_MH_LVREASON ...
[2026-08-25 10:24:01] [23/1627] OK FI_LA_MH_LVREASON
[2026-08-25 10:24:01] [24/1627] Dumping FI_LA_MH_SANC_EMP ...
[2026-08-25 10:24:01] [24/1627] OK FI_LA_MH_SANC_EMP
[2026-08-25 10:24:01] [25/1627] Dumping FI_LA_MH_USAGE ...
[2026-08-25 10:24:02] [25/1627] OK FI_LA_MH_USAGE
[2026-08-25 10:24:02] [26/1627] Dumping FI_LA_REPORT_STATUS ...
[2026-08-25 10:24:05] [26/1627] OK FI_LA_REPORT_STATUS
[2026-08-25 10:24:05] [27/1627] Dumping FI_LA_SUP_MH_REG ...
[2026-08-25 10:24:06] [27/1627] OK FI_LA_SUP_MH_REG
[2026-08-25 10:24:06] [28/1627] Dumping FI_LA_TD_LVADJ ...
[2026-08-25 10:24:07] [28/1627] OK FI_LA_TD_LVADJ
[2026-08-25 10:24:07] [29/1627] Dumping FI_LA_TD_LVAPPL ...
[2026-08-25 10:24:07] [29/1627] OK FI_LA_TD_LVAPPL
[2026-08-25 10:24:08] [30/1627] Dumping FI_LA_TD_LVAPPL_T ...
[2026-08-25 10:24:08] [30/1627] OK FI_LA_TD_LVAPPL_T
[2026-08-25 10:24:08] [31/1627] Dumping FI_LA_TD_LVNCSH_T ...
[2026-08-25 10:24:09] [31/1627] OK FI_LA_TD_LVNCSH_T
[2026-08-25 10:24:09] [32/1627] Dumping FI_LA_TEMP_LVSTATUS ...
[2026-08-25 10:24:10] [32/1627] OK FI_LA_TEMP_LVSTATUS
[2026-08-25 10:24:10] [33/1627] Dumping FI_LA_TH_EMPLVBAL ...
[2026-08-25 10:25:03] [33/1627] OK FI_LA_TH_EMPLVBAL
[2026-08-25 10:25:03] [34/1627] Dumping FI_LA_TH_ERRLOG ...
[2026-08-25 10:25:45] [34/1627] OK FI_LA_TH_ERRLOG
[2026-08-25 10:25:45] [35/1627] Dumping FI_LA_TH_LVADJ ...
[2026-08-25 10:25:46] [35/1627] OK FI_LA_TH_LVADJ
[2026-08-25 10:25:46] [36/1627] Dumping FI_LA_TH_LVADJUST ...
[2026-08-25 10:25:47] [36/1627] OK FI_LA_TH_LVADJUST
[2026-08-25 10:25:47] [37/1627] Dumping FI_LA_TH_LVADJ_H ...
[2026-08-25 10:25:47] [37/1627] OK FI_LA_TH_LVADJ_H
[2026-08-25 10:25:47] [38/1627] Dumping FI_LA_TH_LVAPPL ...
[2026-08-25 10:28:40] [38/1627] OK FI_LA_TH_LVAPPL
[2026-08-25 10:28:40] [39/1627] Dumping FI_LA_TH_LVAPPL_H ...
[2026-08-25 10:28:50] [39/1627] OK FI_LA_TH_LVAPPL_H
[2026-08-25 10:28:50] [40/1627] Dumping FI_LA_TH_LVAPPL_NEW ...
[2026-08-25 10:28:51] [40/1627] OK FI_LA_TH_LVAPPL_NEW
[2026-08-25 10:28:51] [41/1627] Dumping FI_LA_TH_LVAPPL_PALAS ...
[2026-08-25 10:28:52] [41/1627] OK FI_LA_TH_LVAPPL_PALAS
[2026-08-25 10:28:52] [42/1627] Dumping FI_LA_TH_LVAPPL_UPD_H ...
[2026-08-25 10:28:54] [42/1627] OK FI_LA_TH_LVAPPL_UPD_H
[2026-08-25 10:28:54] [43/1627] Dumping FI_LA_TH_LVCREDIT ...
[2026-08-25 10:30:12] [43/1627] OK FI_LA_TH_LVCREDIT
[2026-08-25 10:30:12] [44/1627] Dumping FI_LA_TH_LVCREDIT_SM ...
[2026-08-25 10:30:13] [44/1627] OK FI_LA_TH_LVCREDIT_SM
[2026-08-25 10:30:13] [45/1627] Dumping FI_LA_TH_LVDEBIT ...
[2026-08-25 10:33:48] [45/1627] OK FI_LA_TH_LVDEBIT
[2026-08-25 10:33:48] [46/1627] Dumping FI_LA_TH_LVDEBIT_SM ...
[2026-08-25 10:33:49] [46/1627] OK FI_LA_TH_LVDEBIT_SM
[2026-08-25 10:33:50] [47/1627] Dumping FI_LA_TH_LVNCSH ...
[2026-08-25 10:34:07] [47/1627] OK FI_LA_TH_LVNCSH
[2026-08-25 10:34:07] [48/1627] Dumping FI_LA_TH_LVNCSH_22012014 ...
[2026-08-25 10:34:17] [48/1627] OK FI_LA_TH_LVNCSH_22012014
[2026-08-25 10:34:17] [49/1627] Dumping FI_LA_TH_LVNCSH_ARR ...
[2026-08-25 10:34:18] [49/1627] OK FI_LA_TH_LVNCSH_ARR
[2026-08-25 10:34:18] [50/1627] Dumping FI_LA_TH_LVNCSH_CY ...
[2026-08-25 10:34:27] [50/1627] OK FI_LA_TH_LVNCSH_CY
[2026-08-25 10:34:27] [51/1627] Dumping FI_LA_TH_LVNCSH_CY_22012014 ...
[2026-08-25 10:34:32] [51/1627] OK FI_LA_TH_LVNCSH_CY_22012014
[2026-08-25 10:34:32] [52/1627] Dumping FI_LA_TH_LVNCSH_ENC_ARR ...
[2026-08-25 10:34:32] [52/1627] OK FI_LA_TH_LVNCSH_ENC_ARR
[2026-08-25 10:34:32] [53/1627] Dumping FI_LA_TH_LVNCSH_ENC_ARR_DOC ...
[2026-08-25 10:34:33] [53/1627] OK FI_LA_TH_LVNCSH_ENC_ARR_DOC
[2026-08-25 10:34:33] [54/1627] Dumping FI_LA_TH_LVNCSH_ENC_ARR_EXT ...
[2026-08-25 10:34:34] [54/1627] OK FI_LA_TH_LVNCSH_ENC_ARR_EXT
[2026-08-25 10:34:34] [55/1627] Dumping FI_LA_TH_LVNCSH_ENC_ARR_OFF ...
[2026-08-25 10:34:35] [55/1627] OK FI_LA_TH_LVNCSH_ENC_ARR_OFF
[2026-08-25 10:34:35] [56/1627] Dumping FI_LA_TH_LVNCSH_ENC_ARR_STAFF ...
[2026-08-25 10:34:37] [56/1627] OK FI_LA_TH_LVNCSH_ENC_ARR_STAFF
[2026-08-25 10:34:37] [57/1627] Dumping FI_LA_TH_LVNCSH_ENC_ARR_TEMP ...
[2026-08-25 10:34:39] [57/1627] OK FI_LA_TH_LVNCSH_ENC_ARR_TEMP
[2026-08-25 10:34:39] [58/1627] Dumping FI_LA_TH_LVNCSH_H ...
[2026-08-25 10:34:40] [58/1627] OK FI_LA_TH_LVNCSH_H
[2026-08-25 10:34:40] [59/1627] Dumping FI_LA_TH_LVNCSH_RET ...
[2026-08-25 10:34:43] [59/1627] OK FI_LA_TH_LVNCSH_RET
[2026-08-25 10:34:43] [60/1627] Dumping FI_LA_TH_LVOPBAL ...
[2026-08-25 10:44:57] [60/1627] OK FI_LA_TH_LVOPBAL
[2026-08-25 10:44:57] [61/1627] Dumping FI_LA_TH_LVOPBAL_SM ...
[2026-08-25 10:44:59] [61/1627] OK FI_LA_TH_LVOPBAL_SM
[2026-08-25 10:44:59] [62/1627] Dumping FI_LA_TH_MTHLVAVAIL ...
[2026-08-25 10:48:08] [62/1627] OK FI_LA_TH_MTHLVAVAIL
[2026-08-25 10:48:08] [63/1627] Dumping FI_LA_TH_PRCSLOG ...
[2026-08-25 11:03:23] [63/1627] OK FI_LA_TH_PRCSLOG
[2026-08-25 11:03:23] [64/1627] Dumping FI_LA_TH_TEMP_LVSTATUS ...
[2026-08-25 11:03:24] [64/1627] OK FI_LA_TH_TEMP_LVSTATUS
[2026-08-25 11:03:24] [65/1627] Dumping FI_LA_WR_ENCASH ...
[2026-08-25 11:03:26] [65/1627] OK FI_LA_WR_ENCASH
[2026-08-25 11:03:26] [66/1627] Dumping FI_LA_WR_ENCASH_NEW ...
[2026-08-25 11:03:29] [66/1627] OK FI_LA_WR_ENCASH_NEW
[2026-08-25 11:03:29] [67/1627] Dumping FI_LA_WR_ENC_WORKSHOP ...
[2026-08-25 11:03:31] [67/1627] OK FI_LA_WR_ENC_WORKSHOP
[2026-08-25 11:03:31] [68/1627] Dumping FI_PM_LIC_DTLS_DATA ...
[2026-08-25 11:03:33] [68/1627] OK FI_PM_LIC_DTLS_DATA
[2026-08-25 11:03:33] [69/1627] Dumping FI_PM_LIC_DTLS_DATA_2 ...
[2026-08-25 11:03:34] [69/1627] OK FI_PM_LIC_DTLS_DATA_2
[2026-08-25 11:03:34] [70/1627] Dumping FI_PM_MD_FAMILY ...
[2026-08-25 11:03:48] [70/1627] OK FI_PM_MD_FAMILY
[2026-08-25 11:03:48] [71/1627] Dumping FI_PM_MD_PAYSCALE ...
[2026-08-25 11:03:53] [71/1627] OK FI_PM_MD_PAYSCALE
[2026-08-25 11:03:53] [72/1627] Dumping FI_PM_MD_PAYSCALE_6PC ...
[2026-08-25 11:03:54] [72/1627] OK FI_PM_MD_PAYSCALE_6PC
[2026-08-25 11:03:54] [73/1627] Dumping FI_PM_MD_RSTYPEARN ...
[2026-08-25 11:03:55] [73/1627] OK FI_PM_MD_RSTYPEARN
[2026-08-25 11:03:55] [74/1627] Dumping FI_PM_MD_SCALEMAP ...
[2026-08-25 11:03:57] [74/1627] OK FI_PM_MD_SCALEMAP
[2026-08-25 11:03:57] [75/1627] Dumping FI_PM_MH_BANK ...
[2026-08-25 11:04:01] [75/1627] OK FI_PM_MH_BANK
[2026-08-25 11:04:01] [76/1627] Dumping FI_PM_MH_BANKABBR ...
[2026-08-25 11:04:01] [76/1627] OK FI_PM_MH_BANKABBR
[2026-08-25 11:04:01] [77/1627] Dumping FI_PM_MH_BANK_MAX ...
[2026-08-25 11:04:02] [77/1627] OK FI_PM_MH_BANK_MAX
[2026-08-25 11:04:02] [78/1627] Dumping FI_PM_MH_BANK_NEW ...
[2026-08-25 11:04:05] [78/1627] OK FI_PM_MH_BANK_NEW
[2026-08-25 11:04:05] [79/1627] Dumping FI_PM_MH_CHNGTYPE ...
[2026-08-25 11:04:06] [79/1627] OK FI_PM_MH_CHNGTYPE
[2026-08-25 11:04:06] [80/1627] Dumping FI_PM_MH_EARNDEDN ...
[2026-08-25 11:04:07] [80/1627] OK FI_PM_MH_EARNDEDN
[2026-08-25 11:04:07] [81/1627] Dumping FI_PM_MH_EARNDEDN_080517 ...
[2026-08-25 11:04:07] [81/1627] OK FI_PM_MH_EARNDEDN_080517
[2026-08-25 11:04:07] [82/1627] Dumping FI_PM_MH_EARNDEDN_1997WR ...
[2026-08-25 11:04:08] [82/1627] OK FI_PM_MH_EARNDEDN_1997WR
[2026-08-25 11:04:08] [83/1627] Dumping FI_PM_MH_EARNDEDN_2007WR ...
[2026-08-25 11:04:10] [83/1627] OK FI_PM_MH_EARNDEDN_2007WR
[2026-08-25 11:04:10] [84/1627] Dumping FI_PM_MH_EARNDEDN_BAK ...
[2026-08-25 11:04:11] [84/1627] OK FI_PM_MH_EARNDEDN_BAK
[2026-08-25 11:04:11] [85/1627] Dumping FI_PM_MH_EMPLINK ...
[2026-08-25 11:04:18] [85/1627] OK FI_PM_MH_EMPLINK
[2026-08-25 11:04:18] [86/1627] Dumping FI_PM_MH_EMPLINK_08032018 ...
[2026-08-25 11:04:23] [86/1627] OK FI_PM_MH_EMPLINK_08032018
[2026-08-25 11:04:23] [87/1627] Dumping FI_PM_MH_ERNDEDNGRP ...
[2026-08-25 11:04:25] [87/1627] OK FI_PM_MH_ERNDEDNGRP
[2026-08-25 11:04:25] [88/1627] Dumping FI_PM_MH_PAYSCALE ...
[2026-08-25 11:04:27] [88/1627] OK FI_PM_MH_PAYSCALE
[2026-08-25 11:04:27] [89/1627] Dumping FI_PM_MH_PAYSCALE_6PC ...
[2026-08-25 11:04:28] [89/1627] OK FI_PM_MH_PAYSCALE_6PC
[2026-08-25 11:04:28] [90/1627] Dumping FI_PM_MH_PAYS_HIST ...
[2026-08-25 11:04:30] [90/1627] OK FI_PM_MH_PAYS_HIST
[2026-08-25 11:04:30] [91/1627] Dumping FI_PM_MH_PENS_RELATION ...
[2026-08-25 11:04:31] [91/1627] OK FI_PM_MH_PENS_RELATION
[2026-08-25 11:04:31] [92/1627] Dumping FI_PM_MH_RELATION ...
[2026-08-25 11:04:32] [92/1627] OK FI_PM_MH_RELATION
[2026-08-25 11:04:32] [93/1627] Dumping FI_PM_MH_RSTYPE ...
[2026-08-25 11:04:33] [93/1627] OK FI_PM_MH_RSTYPE
[2026-08-25 11:04:33] [94/1627] Dumping FI_PM_MH_SCALEMAP ...
[2026-08-25 11:04:33] [94/1627] OK FI_PM_MH_SCALEMAP
[2026-08-25 11:04:33] [95/1627] Dumping FI_PM_MH_WAGE_REV ...
[2026-08-25 11:04:34] [95/1627] OK FI_PM_MH_WAGE_REV
[2026-08-25 11:04:34] [96/1627] Dumping FI_PN_2013_EMP_HDC ...
[2026-08-25 11:04:36] [96/1627] OK FI_PN_2013_EMP_HDC
[2026-08-25 11:04:36] [97/1627] Dumping FI_PN_2013_EMP_KDS ...
[2026-08-25 11:04:38] [97/1627] OK FI_PN_2013_EMP_KDS
[2026-08-25 11:04:38] [98/1627] Dumping FI_PN_2610 ...
[2026-08-25 11:04:40] [98/1627] OK FI_PN_2610
[2026-08-25 11:04:40] [99/1627] Dumping FI_PN_451_BANK_DTLS ...
[2026-08-25 11:04:41] [99/1627] OK FI_PN_451_BANK_DTLS
[2026-08-25 11:04:41] [100/1627] Dumping FI_PN_AADHAR_LOAD ...
[2026-08-25 11:04:42] [100/1627] OK FI_PN_AADHAR_LOAD
[2026-08-25 11:04:42] [101/1627] Dumping FI_PN_ACP_BILL ...
[2026-08-25 11:04:43] [101/1627] OK FI_PN_ACP_BILL
[2026-08-25 11:04:43] [102/1627] Dumping FI_PN_ADDR_ADD ...
[2026-08-25 11:04:47] [102/1627] OK FI_PN_ADDR_ADD
[2026-08-25 11:04:47] [103/1627] Dumping FI_PN_AGE_ANALYSIS ...
[2026-08-25 11:04:53] [103/1627] OK FI_PN_AGE_ANALYSIS
[2026-08-25 11:04:53] [104/1627] Dumping FI_PN_AGE_ANALYSIS_OFF ...
[2026-08-25 11:04:54] [104/1627] OK FI_PN_AGE_ANALYSIS_OFF
[2026-08-25 11:04:54] [105/1627] Dumping FI_PN_AGE_STAT ...
[2026-08-25 11:04:55] [105/1627] OK FI_PN_AGE_STAT
[2026-08-25 11:04:55] [106/1627] Dumping FI_PN_ALL_WAGE_PENSIONER ...
[2026-08-25 11:05:12] [106/1627] OK FI_PN_ALL_WAGE_PENSIONER
[2026-08-25 11:05:12] [107/1627] Dumping FI_PN_AMT_RCECV_OLD ...
[2026-08-25 11:05:13] [107/1627] OK FI_PN_AMT_RCECV_OLD
[2026-08-25 11:05:13] [108/1627] Dumping FI_PN_ANNUITY_LIST ...
[2026-08-25 11:05:17] [108/1627] OK FI_PN_ANNUITY_LIST
[2026-08-25 11:05:17] [109/1627] Dumping FI_PN_ARREAR_CON_FAM_BILL ...
[2026-08-25 11:05:19] [109/1627] OK FI_PN_ARREAR_CON_FAM_BILL
[2026-08-25 11:05:19] [110/1627] Dumping FI_PN_ARREAR_DEATH_2NDLOT ...
[2026-08-25 11:05:20] [110/1627] OK FI_PN_ARREAR_DEATH_2NDLOT
[2026-08-25 11:05:20] [111/1627] Dumping FI_PN_ARR_CASE30_BILL_HIST ...
[2026-08-25 11:05:21] [111/1627] OK FI_PN_ARR_CASE30_BILL_HIST
[2026-08-25 11:05:21] [112/1627] Dumping FI_PN_ARR_CON_BILL ...
[2026-08-25 11:05:37] [112/1627] OK FI_PN_ARR_CON_BILL
[2026-08-25 11:05:37] [113/1627] Dumping FI_PN_ARR_CON_BILL_BACK ...
[2026-08-25 11:05:49] [113/1627] OK FI_PN_ARR_CON_BILL_BACK
[2026-08-25 11:05:49] [114/1627] Dumping FI_PN_ARR_CON_BILL_DEATH ...
[2026-08-25 11:05:50] [114/1627] OK FI_PN_ARR_CON_BILL_DEATH
[2026-08-25 11:05:50] [115/1627] Dumping FI_PN_ARR_CON_BILL_HIST ...
[2026-08-25 11:06:04] [115/1627] OK FI_PN_ARR_CON_BILL_HIST
[2026-08-25 11:06:04] [116/1627] Dumping FI_PN_ARR_CON_BILL_OFFICER ...
[2026-08-25 11:06:06] [116/1627] OK FI_PN_ARR_CON_BILL_OFFICER
[2026-08-25 11:06:06] [117/1627] Dumping FI_PN_ARR_CON_BILL_SANDIP ...
[2026-08-25 11:06:07] [117/1627] OK FI_PN_ARR_CON_BILL_SANDIP
[2026-08-25 11:06:07] [118/1627] Dumping FI_PN_ARR_CON_NORMAL_BILL ...
[2026-08-25 11:06:08] [118/1627] OK FI_PN_ARR_CON_NORMAL_BILL
[2026-08-25 11:06:08] [119/1627] Dumping FI_PN_ARR_RECOV ...
[2026-08-25 11:06:10] [119/1627] OK FI_PN_ARR_RECOV
[2026-08-25 11:06:10] [120/1627] Dumping FI_PN_BANK_DATA_SBI ...
[2026-08-25 11:06:19] [120/1627] OK FI_PN_BANK_DATA_SBI
[2026-08-25 11:06:19] [121/1627] Dumping FI_PN_BANK_DATA_UBI ...
[2026-08-25 11:06:21] [121/1627] OK FI_PN_BANK_DATA_UBI
[2026-08-25 11:06:21] [122/1627] Dumping FI_PN_BILL_LIC ...
[2026-08-25 11:06:22] [122/1627] OK FI_PN_BILL_LIC
[2026-08-25 11:06:22] [123/1627] Dumping FI_PN_BILL_LIC_MAIN ...
[2026-08-25 11:06:23] [123/1627] OK FI_PN_BILL_LIC_MAIN
[2026-08-25 11:06:23] [124/1627] Dumping FI_PN_BUNCH_DTL_FAMILY ...
[2026-08-25 11:06:24] [124/1627] OK FI_PN_BUNCH_DTL_FAMILY
[2026-08-25 11:06:24] [125/1627] Dumping FI_PN_BUNCH_HDR_FAMILY ...
[2026-08-25 11:06:25] [125/1627] OK FI_PN_BUNCH_HDR_FAMILY
[2026-08-25 11:06:25] [126/1627] Dumping FI_PN_CAL_ARREAR2P2 ...
[2026-08-25 11:06:27] [126/1627] OK FI_PN_CAL_ARREAR2P2
[2026-08-25 11:06:27] [127/1627] Dumping FI_PN_CAL_ARREAR2P2_BAK ...
[2026-08-25 11:06:28] [127/1627] OK FI_PN_CAL_ARREAR2P2_BAK
[2026-08-25 11:06:28] [128/1627] Dumping FI_PN_CASE_TYP_MAST ...
[2026-08-25 11:06:29] [128/1627] OK FI_PN_CASE_TYP_MAST
[2026-08-25 11:06:29] [129/1627] Dumping FI_PN_CONTRI_OUTDOOR ...
[2026-08-25 11:06:32] [129/1627] OK FI_PN_CONTRI_OUTDOOR
[2026-08-25 11:06:32] [130/1627] Dumping FI_PN_CONTR_GRAT_MASTER ...
[2026-08-25 11:06:34] [130/1627] OK FI_PN_CONTR_GRAT_MASTER
[2026-08-25 11:06:34] [131/1627] Dumping FI_PN_CONTR_GRAT_MASTER_BKP ...
[2026-08-25 11:06:35] [131/1627] OK FI_PN_CONTR_GRAT_MASTER_BKP
[2026-08-25 11:06:35] [132/1627] Dumping FI_PN_CONTR_MASTER ...
[2026-08-25 11:06:36] [132/1627] OK FI_PN_CONTR_MASTER
[2026-08-25 11:06:36] [133/1627] Dumping FI_PN_CON_FAM_EMP_NULL ...
[2026-08-25 11:06:37] [133/1627] OK FI_PN_CON_FAM_EMP_NULL
[2026-08-25 11:06:37] [134/1627] Dumping FI_PN_CON_REV_PAYSCALE ...
[2026-08-25 11:06:38] [134/1627] OK FI_PN_CON_REV_PAYSCALE
[2026-08-25 11:06:38] [135/1627] Dumping FI_PN_CURRENT_CPI ...
[2026-08-25 11:06:39] [135/1627] OK FI_PN_CURRENT_CPI
[2026-08-25 11:06:39] [136/1627] Dumping FI_PN_CURR_EMP_HDC ...
[2026-08-25 11:06:42] [136/1627] OK FI_PN_CURR_EMP_HDC
[2026-08-25 11:06:42] [137/1627] Dumping FI_PN_CURR_EMP_KDS ...
[2026-08-25 11:06:47] [137/1627] OK FI_PN_CURR_EMP_KDS
[2026-08-25 11:06:47] [138/1627] Dumping FI_PN_CVO_DATA ...
[2026-08-25 11:07:07] [138/1627] OK FI_PN_CVO_DATA
[2026-08-25 11:07:07] [139/1627] Dumping FI_PN_CVO_DATA_TAN ...
[2026-08-25 11:07:27] [139/1627] OK FI_PN_CVO_DATA_TAN
[2026-08-25 11:07:27] [140/1627] Dumping FI_PN_DA_CAL_DTL ...
[2026-08-25 11:07:29] [140/1627] OK FI_PN_DA_CAL_DTL
[2026-08-25 11:07:29] [141/1627] Dumping FI_PN_DA_CAL_HDR ...
[2026-08-25 11:07:31] [141/1627] OK FI_PN_DA_CAL_HDR
[2026-08-25 11:07:31] [142/1627] Dumping FI_PN_DA_DIFF ...
[2026-08-25 11:07:36] [142/1627] OK FI_PN_DA_DIFF
[2026-08-25 11:07:36] [143/1627] Dumping FI_PN_DA_DIFF_2024 ...
[2026-08-25 11:07:41] [143/1627] OK FI_PN_DA_DIFF_2024
[2026-08-25 11:07:41] [144/1627] Dumping FI_PN_DA_DIFF_2024_LIC ...
[2026-08-25 11:07:56] [144/1627] OK FI_PN_DA_DIFF_2024_LIC
[2026-08-25 11:07:56] [145/1627] Dumping FI_PN_DA_DIFF_2024_NOTPAID ...
[2026-08-25 11:08:02] [145/1627] OK FI_PN_DA_DIFF_2024_NOTPAID
[2026-08-25 11:08:02] [146/1627] Dumping FI_PN_DA_DIFF_2024_SUM ...
[2026-08-25 11:08:05] [146/1627] OK FI_PN_DA_DIFF_2024_SUM
[2026-08-25 11:08:05] [147/1627] Dumping FI_PN_DA_DIFF_DTL ...
[2026-08-25 11:08:30] [147/1627] OK FI_PN_DA_DIFF_DTL
[2026-08-25 11:08:30] [148/1627] Dumping FI_PN_DA_DIFF_DTL_LIC ...
[2026-08-25 11:09:59] [148/1627] OK FI_PN_DA_DIFF_DTL_LIC
[2026-08-25 11:09:59] [149/1627] Dumping FI_PN_DA_DIFF_LIC ...
[2026-08-25 11:10:11] [149/1627] OK FI_PN_DA_DIFF_LIC
[2026-08-25 11:10:11] [150/1627] Dumping FI_PN_DA_RECOV ...
[2026-08-25 11:10:18] [150/1627] OK FI_PN_DA_RECOV
[2026-08-25 11:10:18] [151/1627] Dumping FI_PN_DEATH_ARR_BILL ...
[2026-08-25 11:10:20] [151/1627] OK FI_PN_DEATH_ARR_BILL
[2026-08-25 11:10:20] [152/1627] Dumping FI_PN_DEATH_ARR_BILL_BKP ...
[2026-08-25 11:10:22] [152/1627] OK FI_PN_DEATH_ARR_BILL_BKP
[2026-08-25 11:10:22] [153/1627] Dumping FI_PN_DEATH_ARR_BILL_HIST ...
[2026-08-25 11:10:23] [153/1627] OK FI_PN_DEATH_ARR_BILL_HIST
[2026-08-25 11:10:23] [154/1627] Dumping FI_PN_DEATH_ARR_BILL_LIC ...
[2026-08-25 11:10:24] [154/1627] OK FI_PN_DEATH_ARR_BILL_LIC
[2026-08-25 11:10:24] [155/1627] Dumping FI_PN_DEATH_ARR_BILL_SANDIP ...
[2026-08-25 11:10:27] [155/1627] OK FI_PN_DEATH_ARR_BILL_SANDIP
[2026-08-25 11:10:27] [156/1627] Dumping FI_PN_DEATH_LIC_NOMN ...
[2026-08-25 11:10:28] [156/1627] OK FI_PN_DEATH_LIC_NOMN
[2026-08-25 11:10:28] [157/1627] Dumping FI_PN_DEATH_LOAD ...
[2026-08-25 11:10:31] [157/1627] OK FI_PN_DEATH_LOAD
[2026-08-25 11:10:31] [158/1627] Dumping FI_PN_DEATH_PART1 ...
[2026-08-25 11:10:32] [158/1627] OK FI_PN_DEATH_PART1
[2026-08-25 11:10:32] [159/1627] Dumping FI_PN_DEATH_PART2 ...
[2026-08-25 11:10:34] [159/1627] OK FI_PN_DEATH_PART2
[2026-08-25 11:10:34] [160/1627] Dumping FI_PN_DEC_2023 ...
[2026-08-25 11:10:36] [160/1627] OK FI_PN_DEC_2023
[2026-08-25 11:10:36] [161/1627] Dumping FI_PN_DEC_DATA ...
[2026-08-25 11:10:39] [161/1627] OK FI_PN_DEC_DATA
[2026-08-25 11:10:39] [162/1627] Dumping FI_PN_DEC_DATA_LOAD ...
[2026-08-25 11:10:41] [162/1627] OK FI_PN_DEC_DATA_LOAD
[2026-08-25 11:10:41] [163/1627] Dumping FI_PN_DEPEND_DAUGHTER ...
[2026-08-25 11:10:43] [163/1627] OK FI_PN_DEPEND_DAUGHTER
[2026-08-25 11:10:43] [164/1627] Dumping FI_PN_DPS_DATA_INS_PENSION ...
[2026-08-25 11:10:45] [164/1627] OK FI_PN_DPS_DATA_INS_PENSION
[2026-08-25 11:10:45] [165/1627] Dumping FI_PN_ECS_TRAN ...
[2026-08-25 11:10:46] [165/1627] OK FI_PN_ECS_TRAN
[2026-08-25 11:10:46] [166/1627] Dumping FI_PN_FAMILY_277 ...
[2026-08-25 11:10:48] [166/1627] OK FI_PN_FAMILY_277
[2026-08-25 11:10:48] [167/1627] Dumping FI_PN_FAMILY_277_DTL ...
[2026-08-25 11:10:50] [167/1627] OK FI_PN_FAMILY_277_DTL
[2026-08-25 11:10:50] [168/1627] Dumping FI_PN_FAMILY_277_UPGRADE ...
[2026-08-25 11:10:51] [168/1627] OK FI_PN_FAMILY_277_UPGRADE
[2026-08-25 11:10:51] [169/1627] Dumping FI_PN_FAMILY_277_UPGRADE_DTL ...
[2026-08-25 11:11:00] [169/1627] OK FI_PN_FAMILY_277_UPGRADE_DTL
[2026-08-25 11:11:00] [170/1627] Dumping FI_PN_FAMILY_CASE_UPD ...
[2026-08-25 11:11:02] [170/1627] OK FI_PN_FAMILY_CASE_UPD
[2026-08-25 11:11:02] [171/1627] Dumping FI_PN_FAMILY_LOAD ...
[2026-08-25 11:11:09] [171/1627] OK FI_PN_FAMILY_LOAD
[2026-08-25 11:11:09] [172/1627] Dumping FI_PN_FAMILY_STAT ...
[2026-08-25 11:11:21] [172/1627] OK FI_PN_FAMILY_STAT
[2026-08-25 11:11:21] [173/1627] Dumping FI_PN_FAMILY_UPDATE ...
[2026-08-25 11:11:24] [173/1627] OK FI_PN_FAMILY_UPDATE
[2026-08-25 11:11:24] [174/1627] Dumping FI_PN_FIRST_MONTH_FPENSION_BK ...
[2026-08-25 11:11:49] [174/1627] OK FI_PN_FIRST_MONTH_FPENSION_BK
[2026-08-25 11:11:49] [175/1627] Dumping FI_PN_FIRST_SLAB_RECOVERY ...
[2026-08-25 11:11:50] [175/1627] OK FI_PN_FIRST_SLAB_RECOVERY
[2026-08-25 11:11:50] [176/1627] Dumping FI_PN_FPEN_AMT ...
[2026-08-25 11:11:54] [176/1627] OK FI_PN_FPEN_AMT
[2026-08-25 11:11:54] [177/1627] Dumping FI_PN_FPEN_DOCU_ENT ...
[2026-08-25 11:11:55] [177/1627] OK FI_PN_FPEN_DOCU_ENT
[2026-08-25 11:11:55] [178/1627] Dumping FI_PN_FPEN_DTL_ENT ...
[2026-08-25 11:11:55] [178/1627] FAIL FI_PN_FPEN_DTL_ENT: (1264, "Out of range value for column 'PH_NO' at row 1")
[2026-08-25 11:11:55] [179/1627] Dumping FI_PN_FPEN_HDR_ENT ...
[2026-08-25 11:11:56] [179/1627] FAIL FI_PN_FPEN_HDR_ENT: (1264, "Out of range value for column 'PH_NO' at row 1")
[2026-08-25 11:11:56] [180/1627] Dumping FI_PN_FULL_PEN_DTL ...
[2026-08-25 11:12:02] [180/1627] OK FI_PN_FULL_PEN_DTL
[2026-08-25 11:12:02] [181/1627] Dumping FI_PN_FULL_PEN_DTL_198 ...
[2026-08-25 11:12:08] [181/1627] OK FI_PN_FULL_PEN_DTL_198
[2026-08-25 11:12:08] [182/1627] Dumping FI_PN_FULL_PEN_HDR ...
[2026-08-25 11:12:09] [182/1627] OK FI_PN_FULL_PEN_HDR
[2026-08-25 11:12:10] [183/1627] Dumping FI_PN_FULL_PEN_HDR_198 ...
[2026-08-25 11:12:10] [183/1627] OK FI_PN_FULL_PEN_HDR_198
[2026-08-25 11:12:10] [184/1627] Dumping FI_PN_GRAT_ARREAR ...
[2026-08-25 11:12:11] [184/1627] OK FI_PN_GRAT_ARREAR
[2026-08-25 11:12:11] [185/1627] Dumping FI_PN_GRAT_ARREAR_EARN ...
[2026-08-25 11:12:12] [185/1627] OK FI_PN_GRAT_ARREAR_EARN
[2026-08-25 11:12:12] [186/1627] Dumping FI_PN_HDC_DATA_UPD1 ...
[2026-08-25 11:12:14] [186/1627] OK FI_PN_HDC_DATA_UPD1
[2026-08-25 11:12:14] [187/1627] Dumping FI_PN_HDC_DATA_UPD2 ...
[2026-08-25 11:12:19] [187/1627] OK FI_PN_HDC_DATA_UPD2
[2026-08-25 11:12:19] [188/1627] Dumping FI_PN_HDC_LOAD ...
[2026-08-25 11:12:20] [188/1627] OK FI_PN_HDC_LOAD
[2026-08-25 11:12:20] [189/1627] Dumping FI_PN_HDR_OFFI2_DEATH ...
[2026-08-25 11:12:21] [189/1627] OK FI_PN_HDR_OFFI2_DEATH
[2026-08-25 11:12:21] [190/1627] Dumping FI_PN_HDR_THIRD_DEATH ...
[2026-08-25 11:12:22] [190/1627] OK FI_PN_HDR_THIRD_DEATH
[2026-08-25 11:12:22] [191/1627] Dumping FI_PN_HOSP_1 ...
[2026-08-25 11:12:24] [191/1627] OK FI_PN_HOSP_1
[2026-08-25 11:12:24] [192/1627] Dumping FI_PN_HOSP_2 ...
[2026-08-25 11:12:25] [192/1627] OK FI_PN_HOSP_2
[2026-08-25 11:12:25] [193/1627] Dumping FI_PN_HOSP_200824 ...
[2026-08-25 11:12:26] [193/1627] OK FI_PN_HOSP_200824
[2026-08-25 11:12:26] [194/1627] Dumping FI_PN_HOSP_DEPEND ...
[2026-08-25 11:12:29] [194/1627] OK FI_PN_HOSP_DEPEND
[2026-08-25 11:12:29] [195/1627] Dumping FI_PN_HOSP_DEPEND_1 ...
[2026-08-25 11:12:32] [195/1627] OK FI_PN_HOSP_DEPEND_1
[2026-08-25 11:12:32] [196/1627] Dumping FI_PN_HOSP_DEPEND_2 ...
[2026-08-25 11:12:35] [196/1627] OK FI_PN_HOSP_DEPEND_2
[2026-08-25 11:12:35] [197/1627] Dumping FI_PN_HOSP_DUPLICATE_CASE ...
[2026-08-25 11:12:36] [197/1627] OK FI_PN_HOSP_DUPLICATE_CASE
[2026-08-25 11:12:36] [198/1627] Dumping FI_PN_HOSP_DUP_CASE ...
[2026-08-25 11:12:37] [198/1627] OK FI_PN_HOSP_DUP_CASE
[2026-08-25 11:12:37] [199/1627] Dumping FI_PN_HOSP_DUP_CASE_1 ...
[2026-08-25 11:12:38] [199/1627] OK FI_PN_HOSP_DUP_CASE_1
[2026-08-25 11:12:38] [200/1627] Dumping FI_PN_HOSP_EXCLUSIVE ...
[2026-08-25 11:12:43] [200/1627] OK FI_PN_HOSP_EXCLUSIVE
[2026-08-25 11:12:43] [201/1627] Dumping FI_PN_HOSP_EXCLUSIVE_1 ...
[2026-08-25 11:12:49] [201/1627] OK FI_PN_HOSP_EXCLUSIVE_1
[2026-08-25 11:12:49] [202/1627] Dumping FI_PN_HOSP_EXCLUSIVE_2 ...
[2026-08-25 11:12:53] [202/1627] OK FI_PN_HOSP_EXCLUSIVE_2
[2026-08-25 11:12:53] [203/1627] Dumping FI_PN_HOSP_FAMILY ...
[2026-08-25 11:12:55] [203/1627] OK FI_PN_HOSP_FAMILY
[2026-08-25 11:12:55] [204/1627] Dumping FI_PN_HOSP_MED_BENEFIT ...
[2026-08-25 11:12:59] [204/1627] OK FI_PN_HOSP_MED_BENEFIT
[2026-08-25 11:12:59] [205/1627] Dumping FI_PN_HOSP_MED_BENEFIT_UPDT ...
[2026-08-25 11:13:04] [205/1627] OK FI_PN_HOSP_MED_BENEFIT_UPDT
[2026-08-25 11:13:04] [206/1627] Dumping FI_PN_HOSP_MED_BENEFIT_UPDT2 ...
[2026-08-25 11:13:07] [206/1627] OK FI_PN_HOSP_MED_BENEFIT_UPDT2
[2026-08-25 11:13:07] [207/1627] Dumping FI_PN_HOSP_MED_UPDT_DOD ...
[2026-08-25 11:13:10] [207/1627] OK FI_PN_HOSP_MED_UPDT_DOD
[2026-08-25 11:13:10] [208/1627] Dumping FI_PN_HOSP_PAHARI ...
[2026-08-25 11:13:19] [208/1627] OK FI_PN_HOSP_PAHARI
[2026-08-25 11:13:19] [209/1627] Dumping FI_PN_HOSP_RE_CASE ...
[2026-08-25 11:13:22] [209/1627] OK FI_PN_HOSP_RE_CASE
[2026-08-25 11:13:22] [210/1627] Dumping FI_PN_HOSP_RE_CASE_1 ...
[2026-08-25 11:13:26] [210/1627] OK FI_PN_HOSP_RE_CASE_1
[2026-08-25 11:13:26] [211/1627] Dumping FI_PN_HOSP_SHANJIV ...
[2026-08-25 11:13:34] [211/1627] OK FI_PN_HOSP_SHANJIV
[2026-08-25 11:13:34] [212/1627] Dumping FI_PN_HOSP_SHANJIV_1 ...
[2026-08-25 11:13:45] [212/1627] OK FI_PN_HOSP_SHANJIV_1
[2026-08-25 11:13:45] [213/1627] Dumping FI_PN_HOSP_WRONG_CASE ...
[2026-08-25 11:13:49] [213/1627] OK FI_PN_HOSP_WRONG_CASE
[2026-08-25 11:13:49] [214/1627] Dumping FI_PN_INTERIM_RLF_CHART ...
[2026-08-25 11:13:50] [214/1627] OK FI_PN_INTERIM_RLF_CHART
[2026-08-25 11:13:50] [215/1627] Dumping FI_PN_INTERIM_RLF_MASTER ...
[2026-08-25 11:13:52] [215/1627] OK FI_PN_INTERIM_RLF_MASTER
[2026-08-25 11:13:52] [216/1627] Dumping FI_PN_IT_CAL_2010_11 ...
[2026-08-25 11:14:07] [216/1627] OK FI_PN_IT_CAL_2010_11
[2026-08-25 11:14:07] [217/1627] Dumping FI_PN_IT_CAL_2011_12 ...
[2026-08-25 11:14:26] [217/1627] OK FI_PN_IT_CAL_2011_12
[2026-08-25 11:14:26] [218/1627] Dumping FI_PN_IT_CAL_2011_12_HIS ...
[2026-08-25 11:14:39] [218/1627] OK FI_PN_IT_CAL_2011_12_HIS
[2026-08-25 11:14:39] [219/1627] Dumping FI_PN_IT_CAL_2012_13 ...
[2026-08-25 11:14:55] [219/1627] OK FI_PN_IT_CAL_2012_13
[2026-08-25 11:14:55] [220/1627] Dumping FI_PN_IT_CAL_2012_13_BK ...
[2026-08-25 11:15:11] [220/1627] OK FI_PN_IT_CAL_2012_13_BK
[2026-08-25 11:15:11] [221/1627] Dumping FI_PN_IT_CAL_2013_14 ...
[2026-08-25 11:15:27] [221/1627] OK FI_PN_IT_CAL_2013_14
[2026-08-25 11:15:27] [222/1627] Dumping FI_PN_IT_CAL_2014_15 ...
[2026-08-25 11:15:42] [222/1627] OK FI_PN_IT_CAL_2014_15
[2026-08-25 11:15:42] [223/1627] Dumping FI_PN_IT_CAL_2015_16 ...
[2026-08-25 11:15:55] [223/1627] OK FI_PN_IT_CAL_2015_16
[2026-08-25 11:15:55] [224/1627] Dumping FI_PN_IT_CAL_2016_17 ...
[2026-08-25 11:15:59] [224/1627] OK FI_PN_IT_CAL_2016_17
[2026-08-25 11:15:59] [225/1627] Dumping FI_PN_IT_CAL_2016_17_AS_1718 ...
[2026-08-25 11:16:14] [225/1627] OK FI_PN_IT_CAL_2016_17_AS_1718
[2026-08-25 11:16:14] [226/1627] Dumping FI_PN_IT_CAL_2016_17_AS_1920 ...
[2026-08-25 11:16:24] [226/1627] OK FI_PN_IT_CAL_2016_17_AS_1920
[2026-08-25 11:16:24] [227/1627] Dumping FI_PN_IT_CAL_2016_17_AS_2021 ...
[2026-08-25 11:16:30] [227/1627] OK FI_PN_IT_CAL_2016_17_AS_2021
[2026-08-25 11:16:30] [228/1627] Dumping FI_PN_IT_CAL_2016_17_BKP ...
[2026-08-25 11:16:44] [228/1627] OK FI_PN_IT_CAL_2016_17_BKP
[2026-08-25 11:16:44] [229/1627] Dumping FI_PN_IT_CAL_2016_17_OLD ...
[2026-08-25 11:16:58] [229/1627] OK FI_PN_IT_CAL_2016_17_OLD
[2026-08-25 11:16:58] [230/1627] Dumping FI_PN_IT_CAL_2017_18 ...
[2026-08-25 11:17:13] [230/1627] OK FI_PN_IT_CAL_2017_18
[2026-08-25 11:17:13] [231/1627] Dumping FI_PN_IT_CAL_2021_22 ...
[2026-08-25 11:17:18] [231/1627] OK FI_PN_IT_CAL_2021_22
[2026-08-25 11:17:18] [232/1627] Dumping FI_PN_IT_CAL_2022_23 ...
[2026-08-25 11:17:22] [232/1627] OK FI_PN_IT_CAL_2022_23
[2026-08-25 11:17:22] [233/1627] Dumping FI_PN_IT_CAL_2023_24 ...
[2026-08-25 11:17:27] [233/1627] OK FI_PN_IT_CAL_2023_24
[2026-08-25 11:17:27] [234/1627] Dumping FI_PN_JUL24_LC_NO ...
[2026-08-25 11:17:28] [234/1627] OK FI_PN_JUL24_LC_NO
[2026-08-25 11:17:28] [235/1627] Dumping FI_PN_JUN24_LC_NO ...
[2026-08-25 11:17:29] [235/1627] OK FI_PN_JUN24_LC_NO
[2026-08-25 11:17:29] [236/1627] Dumping FI_PN_KDS_COUNT ...
[2026-08-25 11:17:30] [236/1627] OK FI_PN_KDS_COUNT
[2026-08-25 11:17:30] [237/1627] Dumping FI_PN_LATEST ...
[2026-08-25 11:17:31] [237/1627] OK FI_PN_LATEST
[2026-08-25 11:17:31] [238/1627] Dumping FI_PN_LC_NO_MAR22 ...
[2026-08-25 11:17:32] [238/1627] OK FI_PN_LC_NO_MAR22
[2026-08-25 11:17:32] [239/1627] Dumping FI_PN_LICI_1995_2004 ...
[2026-08-25 11:17:33] [239/1627] OK FI_PN_LICI_1995_2004
[2026-08-25 11:17:33] [240/1627] Dumping FI_PN_LIC_11012021 ...
[2026-08-25 11:17:49] [240/1627] OK FI_PN_LIC_11012021
[2026-08-25 11:17:49] [241/1627] Dumping FI_PN_LIC_AGE_RATE ...
[2026-08-25 11:17:50] [241/1627] OK FI_PN_LIC_AGE_RATE
[2026-08-25 11:17:50] [242/1627] Dumping FI_PN_LIC_AGE_RATE_OLD ...
[2026-08-25 11:17:50] [242/1627] OK FI_PN_LIC_AGE_RATE_OLD
[2026-08-25 11:17:51] [243/1627] Dumping FI_PN_LIC_BASIC_DIFF ...
[2026-08-25 11:17:51] [243/1627] OK FI_PN_LIC_BASIC_DIFF
[2026-08-25 11:17:51] [244/1627] Dumping FI_PN_LIC_BILL_GEN ...
[2026-08-25 11:17:56] [244/1627] OK FI_PN_LIC_BILL_GEN
[2026-08-25 11:17:56] [245/1627] Dumping FI_PN_LIC_COMMU_2015_TMP ...
[2026-08-25 11:17:57] [245/1627] OK FI_PN_LIC_COMMU_2015_TMP
[2026-08-25 11:17:57] [246/1627] Dumping FI_PN_LIC_COMM_AGE_RATE ...
[2026-08-25 11:17:58] [246/1627] OK FI_PN_LIC_COMM_AGE_RATE
[2026-08-25 11:17:58] [247/1627] Dumping FI_PN_LIC_COUNT ...
[2026-08-25 11:17:59] [247/1627] OK FI_PN_LIC_COUNT
[2026-08-25 11:17:59] [248/1627] Dumping FI_PN_LIC_DATA_DTLS ...
[2026-08-25 11:18:00] [248/1627] OK FI_PN_LIC_DATA_DTLS
[2026-08-25 11:18:00] [249/1627] Dumping FI_PN_LIC_DA_AMT ...
[2026-08-25 11:18:01] [249/1627] OK FI_PN_LIC_DA_AMT
[2026-08-25 11:18:01] [250/1627] Dumping FI_PN_LIC_DEATH_BILL ...
[2026-08-25 11:18:02] [250/1627] OK FI_PN_LIC_DEATH_BILL
[2026-08-25 11:18:02] [251/1627] Dumping FI_PN_LIC_DETAILS_DATA ...
[2026-08-25 11:18:02] [251/1627] OK FI_PN_LIC_DETAILS_DATA
[2026-08-25 11:18:02] [252/1627] Dumping FI_PN_LIC_FAMILY ...
[2026-08-25 11:18:08] [252/1627] OK FI_PN_LIC_FAMILY
[2026-08-25 11:18:08] [253/1627] Dumping FI_PN_LIC_GOPAL_2015_TMP ...
[2026-08-25 11:18:08] [253/1627] OK FI_PN_LIC_GOPAL_2015_TMP
[2026-08-25 11:18:08] [254/1627] Dumping FI_PN_LIC_GRAT_2015_TMP ...
[2026-08-25 11:18:09] [254/1627] OK FI_PN_LIC_GRAT_2015_TMP
[2026-08-25 11:18:09] [255/1627] Dumping FI_PN_LIC_GRAT_COMM_AGE_RATE ...
[2026-08-25 11:18:10] [255/1627] OK FI_PN_LIC_GRAT_COMM_AGE_RATE
[2026-08-25 11:18:10] [256/1627] Dumping FI_PN_LIC_GRAT_MASTER ...
[2026-08-25 11:18:10] [256/1627] OK FI_PN_LIC_GRAT_MASTER
[2026-08-25 11:18:10] [257/1627] Dumping FI_PN_LIC_HDC ...
[2026-08-25 11:18:11] [257/1627] OK FI_PN_LIC_HDC
[2026-08-25 11:18:11] [258/1627] Dumping FI_PN_LIC_HDC_JUN19 ...
[2026-08-25 11:18:12] [258/1627] OK FI_PN_LIC_HDC_JUN19
[2026-08-25 11:18:12] [259/1627] Dumping FI_PN_LIC_LOAD ...
[2026-08-25 11:18:15] [259/1627] OK FI_PN_LIC_LOAD
[2026-08-25 11:18:15] [260/1627] Dumping FI_PN_LIC_MASTER ...
[2026-08-25 11:18:19] [260/1627] FAIL FI_PN_LIC_MASTER: (1264, "Out of range value for column 'MOBILE_NO' at row 66")
[2026-08-25 11:18:19] [261/1627] Dumping FI_PN_LIC_MASTER10012017 ...
[2026-08-25 11:18:24] [261/1627] OK FI_PN_LIC_MASTER10012017
[2026-08-25 11:18:24] [262/1627] Dumping FI_PN_LIC_MASTER_06102016 ...
[2026-08-25 11:18:31] [262/1627] OK FI_PN_LIC_MASTER_06102016
[2026-08-25 11:18:31] [263/1627] Dumping FI_PN_LIC_MASTER_072015 ...
[2026-08-25 11:18:37] [263/1627] OK FI_PN_LIC_MASTER_072015
[2026-08-25 11:18:37] [264/1627] Dumping FI_PN_LIC_MASTER_09022026 ...
[2026-08-25 11:18:42] [264/1627] FAIL FI_PN_LIC_MASTER_09022026: (1264, "Out of range value for column 'MOBILE_NO' at row 67")
[2026-08-25 11:18:42] [265/1627] Dumping FI_PN_LIC_MASTER_09042015 ...
[2026-08-25 11:18:48] [265/1627] OK FI_PN_LIC_MASTER_09042015
[2026-08-25 11:18:48] [266/1627] Dumping FI_PN_LIC_MASTER_101025 ...
[2026-08-25 11:18:52] [266/1627] FAIL FI_PN_LIC_MASTER_101025: (1264, "Out of range value for column 'MOBILE_NO' at row 62")
[2026-08-25 11:18:52] [267/1627] Dumping FI_PN_LIC_MASTER_120416 ...
[2026-08-25 11:18:57] [267/1627] OK FI_PN_LIC_MASTER_120416
[2026-08-25 11:18:57] [268/1627] Dumping FI_PN_LIC_MASTER_140725 ...
[2026-08-25 11:19:02] [268/1627] FAIL FI_PN_LIC_MASTER_140725: (1264, "Out of range value for column 'MOBILE_NO' at row 72")
[2026-08-25 11:19:02] [269/1627] Dumping FI_PN_LIC_MASTER_16102020 ...
[2026-08-25 11:19:19] [269/1627] OK FI_PN_LIC_MASTER_16102020
[2026-08-25 11:19:19] [270/1627] Dumping FI_PN_LIC_MASTER_17042017 ...
[2026-08-25 11:19:25] [270/1627] OK FI_PN_LIC_MASTER_17042017
[2026-08-25 11:19:25] [271/1627] Dumping FI_PN_LIC_MASTER_18012021 ...
[2026-08-25 11:19:41] [271/1627] OK FI_PN_LIC_MASTER_18012021
[2026-08-25 11:19:41] [272/1627] Dumping FI_PN_LIC_MASTER_ANN_UPDT ...
[2026-08-25 11:19:47] [272/1627] OK FI_PN_LIC_MASTER_ANN_UPDT
[2026-08-25 11:19:47] [273/1627] Dumping FI_PN_LIC_MASTER_ANN_UPDT_2 ...
[2026-08-25 11:19:50] [273/1627] OK FI_PN_LIC_MASTER_ANN_UPDT_2
[2026-08-25 11:19:50] [274/1627] Dumping FI_PN_LIC_MASTER_AS ...
[2026-08-25 11:19:53] [274/1627] OK FI_PN_LIC_MASTER_AS
[2026-08-25 11:19:53] [275/1627] Dumping FI_PN_LIC_MASTER_BANK_BACK ...
[2026-08-25 11:19:57] [275/1627] OK FI_PN_LIC_MASTER_BANK_BACK
[2026-08-25 11:19:57] [276/1627] Dumping FI_PN_LIC_MASTER_H ...
[2026-08-25 11:20:03] [276/1627] OK FI_PN_LIC_MASTER_H
[2026-08-25 11:20:03] [277/1627] Dumping FI_PN_LIC_MASTER_HALDIA ...
[2026-08-25 11:20:06] [277/1627] OK FI_PN_LIC_MASTER_HALDIA
[2026-08-25 11:20:06] [278/1627] Dumping FI_PN_LIC_MASTER_HALDIA1125 ...
[2026-08-25 11:20:11] [278/1627] FAIL FI_PN_LIC_MASTER_HALDIA1125: (1264, "Out of range value for column 'MOBILE_NO' at row 61")
[2026-08-25 11:20:11] [279/1627] Dumping FI_PN_LIC_MONTHLY_BILL ...
[2026-08-25 11:20:13] [279/1627] OK FI_PN_LIC_MONTHLY_BILL
[2026-08-25 11:20:13] [280/1627] Dumping FI_PN_LIC_MONTHLY_BILL_ALL ...
[2026-08-25 11:20:19] [280/1627] OK FI_PN_LIC_MONTHLY_BILL_ALL
[2026-08-25 11:20:19] [281/1627] Dumping FI_PN_LIC_MONTHLY_BILL_BACK ...
[2026-08-25 11:20:22] [281/1627] OK FI_PN_LIC_MONTHLY_BILL_BACK
[2026-08-25 11:20:22] [282/1627] Dumping FI_PN_LIC_MONTHLY_BILL_OCT ...
[2026-08-25 11:20:27] [282/1627] OK FI_PN_LIC_MONTHLY_BILL_OCT
[2026-08-25 11:20:27] [283/1627] Dumping FI_PN_LIC_MONTHLY_BILL_TEMP ...
[2026-08-25 11:20:34] [283/1627] OK FI_PN_LIC_MONTHLY_BILL_TEMP
[2026-08-25 11:20:34] [284/1627] Dumping FI_PN_LIC_MONTHLY_BILL_TT ...
[2026-08-25 11:20:40] [284/1627] OK FI_PN_LIC_MONTHLY_BILL_TT
[2026-08-25 11:20:40] [285/1627] Dumping FI_PN_LIC_OCT10 ...
[2026-08-25 11:20:41] [285/1627] OK FI_PN_LIC_OCT10
[2026-08-25 11:20:41] [286/1627] Dumping FI_PN_LIC_PENSIONER_MAST ...
[2026-08-25 11:20:42] [286/1627] OK FI_PN_LIC_PENSIONER_MAST
[2026-08-25 11:20:42] [287/1627] Dumping FI_PN_LIC_RESTORE ...
[2026-08-25 11:20:45] [287/1627] OK FI_PN_LIC_RESTORE
[2026-08-25 11:20:45] [288/1627] Dumping FI_PN_LIC_RESTORE_120120222 ...
[2026-08-25 11:20:46] [288/1627] OK FI_PN_LIC_RESTORE_120120222
[2026-08-25 11:20:46] [289/1627] Dumping FI_PN_LIC_REV ...
[2026-08-25 11:20:47] [289/1627] OK FI_PN_LIC_REV
[2026-08-25 11:20:47] [290/1627] Dumping FI_PN_LIC_TO_NABA ...
[2026-08-25 11:20:48] [290/1627] OK FI_PN_LIC_TO_NABA
[2026-08-25 11:20:48] [291/1627] Dumping FI_PN_LIC_VS_PORT ...
[2026-08-25 11:20:49] [291/1627] OK FI_PN_LIC_VS_PORT
[2026-08-25 11:20:49] [292/1627] Dumping FI_PN_MD_BANKMAP ...
[2026-08-25 11:20:50] [292/1627] OK FI_PN_MD_BANKMAP
[2026-08-25 11:20:50] [293/1627] Dumping FI_PN_MD_COMMRATE_RUPEE ...
[2026-08-25 11:20:51] [293/1627] OK FI_PN_MD_COMMRATE_RUPEE
[2026-08-25 11:20:51] [294/1627] Dumping FI_PN_MD_COMMRATE_RUPEE_BKP ...
[2026-08-25 11:20:51] [294/1627] OK FI_PN_MD_COMMRATE_RUPEE_BKP
[2026-08-25 11:20:51] [295/1627] Dumping FI_PN_MD_DCRGRATUITY_CLAIMDTL ...
[2026-08-25 11:20:52] [295/1627] OK FI_PN_MD_DCRGRATUITY_CLAIMDTL
[2026-08-25 11:20:52] [296/1627] Dumping FI_PN_MD_DEATH_GRATCHART ...
[2026-08-25 11:20:53] [296/1627] OK FI_PN_MD_DEATH_GRATCHART
[2026-08-25 11:20:53] [297/1627] Dumping FI_PN_MD_EDBILLTYPE_MAP ...
[2026-08-25 11:20:54] [297/1627] OK FI_PN_MD_EDBILLTYPE_MAP
[2026-08-25 11:20:54] [298/1627] Dumping FI_PN_MD_EXG_CIRCULAR ...
[2026-08-25 11:20:55] [298/1627] OK FI_PN_MD_EXG_CIRCULAR
[2026-08-25 11:20:55] [299/1627] Dumping FI_PN_MD_FPEN_APPCN ...
[2026-08-25 11:21:05] [299/1627] OK FI_PN_MD_FPEN_APPCN
[2026-08-25 11:21:05] [300/1627] Dumping FI_PN_MD_FPEN_APPCN_BK ...
[2026-08-25 11:21:06] [300/1627] OK FI_PN_MD_FPEN_APPCN_BK
[2026-08-25 11:21:06] [301/1627] Dumping FI_PN_MD_FPEN_CIRCULAR ...
[2026-08-25 11:21:07] [301/1627] OK FI_PN_MD_FPEN_CIRCULAR
[2026-08-25 11:21:07] [302/1627] Dumping FI_PN_MD_FPEN_CIRCULARBS ...
[2026-08-25 11:21:08] [302/1627] OK FI_PN_MD_FPEN_CIRCULARBS
[2026-08-25 11:21:08] [303/1627] Dumping FI_PN_MD_JRNLTYPE ...
[2026-08-25 11:21:09] [303/1627] OK FI_PN_MD_JRNLTYPE
[2026-08-25 11:21:09] [304/1627] Dumping FI_PN_MD_MAXADM_GRATUITY ...
[2026-08-25 11:21:10] [304/1627] OK FI_PN_MD_MAXADM_GRATUITY
[2026-08-25 11:21:10] [305/1627] Dumping FI_PN_MD_OLDBILL ...
[2026-08-25 11:21:28] [305/1627] OK FI_PN_MD_OLDBILL
[2026-08-25 11:21:28] [306/1627] Dumping FI_PN_MD_OLDBILL_H ...
[2026-08-25 11:21:29] [306/1627] OK FI_PN_MD_OLDBILL_H
[2026-08-25 11:21:29] [307/1627] Dumping FI_PN_MD_OLDBILL_PARAM ...
[2026-08-25 11:21:30] [307/1627] OK FI_PN_MD_OLDBILL_PARAM
[2026-08-25 11:21:30] [308/1627] Dumping FI_PN_MD_PAYSCALE ...
[2026-08-25 11:21:33] [308/1627] OK FI_PN_MD_PAYSCALE
[2026-08-25 11:21:33] [309/1627] Dumping FI_PN_MD_PENSION_PROPOSAL ...
[2026-08-25 11:21:51] [309/1627] OK FI_PN_MD_PENSION_PROPOSAL
[2026-08-25 11:21:51] [310/1627] Dumping FI_PN_MD_PENSION_PROPOSAL_H ...
[2026-08-25 11:21:51] [310/1627] OK FI_PN_MD_PENSION_PROPOSAL_H
[2026-08-25 11:21:51] [311/1627] Dumping FI_PN_MEDICAL_ALLOWANCE ...
[2026-08-25 11:21:54] [311/1627] OK FI_PN_MEDICAL_ALLOWANCE
[2026-08-25 11:21:54] [312/1627] Dumping FI_PN_MEDICAL_ALLOWANCE_HIST ...
[2026-08-25 11:21:54] [312/1627] OK FI_PN_MEDICAL_ALLOWANCE_HIST
[2026-08-25 11:21:54] [313/1627] Dumping FI_PN_MH_ACP_FAM_LIC ...
[2026-08-25 11:21:55] [313/1627] OK FI_PN_MH_ACP_FAM_LIC
[2026-08-25 11:21:55] [314/1627] Dumping FI_PN_MH_ADA_RATE ...
[2026-08-25 11:21:56] [314/1627] OK FI_PN_MH_ADA_RATE
[2026-08-25 11:21:56] [315/1627] Dumping FI_PN_MH_ADA_RATE_BKP ...
[2026-08-25 11:21:57] [315/1627] OK FI_PN_MH_ADA_RATE_BKP
[2026-08-25 11:21:57] [316/1627] Dumping FI_PN_MH_APPLICATION ...
[2026-08-25 11:22:01] [316/1627] OK FI_PN_MH_APPLICATION
[2026-08-25 11:22:01] [317/1627] Dumping FI_PN_MH_APPLICATION_BKP ...
[2026-08-25 11:22:02] [317/1627] OK FI_PN_MH_APPLICATION_BKP
[2026-08-25 11:22:02] [318/1627] Dumping FI_PN_MH_ARREAR2P2 ...
[2026-08-25 11:22:03] [318/1627] OK FI_PN_MH_ARREAR2P2
[2026-08-25 11:22:03] [319/1627] Dumping FI_PN_MH_ARREAR2P2_ACP ...
[2026-08-25 11:22:03] [319/1627] OK FI_PN_MH_ARREAR2P2_ACP
[2026-08-25 11:22:03] [320/1627] Dumping FI_PN_MH_ARREAR2P2_ACP_LIC ...
[2026-08-25 11:22:04] [320/1627] OK FI_PN_MH_ARREAR2P2_ACP_LIC
[2026-08-25 11:22:04] [321/1627] Dumping FI_PN_MH_ARREAR2P2_ACP_LIC_BKP ...
[2026-08-25 11:22:05] [321/1627] OK FI_PN_MH_ARREAR2P2_ACP_LIC_BKP
[2026-08-25 11:22:05] [322/1627] Dumping FI_PN_MH_ARREAR2P2_ACP_LIC_FAM ...
[2026-08-25 11:22:06] [322/1627] OK FI_PN_MH_ARREAR2P2_ACP_LIC_FAM
[2026-08-25 11:22:06] [323/1627] Dumping FI_PN_MH_ARREAR2P2_ACP_LIC_OLD ...
[2026-08-25 11:22:06] [323/1627] OK FI_PN_MH_ARREAR2P2_ACP_LIC_OLD
[2026-08-25 11:22:06] [324/1627] Dumping FI_PN_MH_ARREAR2P2_BACK ...
[2026-08-25 11:22:07] [324/1627] OK FI_PN_MH_ARREAR2P2_BACK
[2026-08-25 11:22:07] [325/1627] Dumping FI_PN_MH_BASE_CPI ...
[2026-08-25 11:22:08] [325/1627] OK FI_PN_MH_BASE_CPI
[2026-08-25 11:22:08] [326/1627] Dumping FI_PN_MH_BILLTYPE ...
[2026-08-25 11:22:09] [326/1627] OK FI_PN_MH_BILLTYPE
[2026-08-25 11:22:09] [327/1627] Dumping FI_PN_MH_BILL_PRINT ...
[2026-08-25 11:22:10] [327/1627] OK FI_PN_MH_BILL_PRINT
[2026-08-25 11:22:10] [328/1627] Dumping FI_PN_MH_BILL_PRINT_2022 ...
[2026-08-25 11:22:11] [328/1627] OK FI_PN_MH_BILL_PRINT_2022
[2026-08-25 11:22:11] [329/1627] Dumping FI_PN_MH_BILL_PRINT_DEAD ...
[2026-08-25 11:22:11] [329/1627] OK FI_PN_MH_BILL_PRINT_DEAD
[2026-08-25 11:22:11] [330/1627] Dumping FI_PN_MH_CALC_DA ...
[2026-08-25 11:22:12] [330/1627] OK FI_PN_MH_CALC_DA
[2026-08-25 11:22:12] [331/1627] Dumping FI_PN_MH_COMMRATE_RUPEE ...
[2026-08-25 11:22:13] [331/1627] OK FI_PN_MH_COMMRATE_RUPEE
[2026-08-25 11:22:13] [332/1627] Dumping FI_PN_MH_CONSOLIDATION ...
[2026-08-25 11:22:14] [332/1627] OK FI_PN_MH_CONSOLIDATION
[2026-08-25 11:22:14] [333/1627] Dumping FI_PN_MH_DCRGRATUITY_CLAIM ...
[2026-08-25 11:22:15] [333/1627] OK FI_PN_MH_DCRGRATUITY_CLAIM
[2026-08-25 11:22:15] [334/1627] Dumping FI_PN_MH_DEATH2P2_ACP_LIC ...
[2026-08-25 11:22:15] [334/1627] OK FI_PN_MH_DEATH2P2_ACP_LIC
[2026-08-25 11:22:15] [335/1627] Dumping FI_PN_MH_DEATH2P2_ACP_LIC_BKP ...
[2026-08-25 11:22:16] [335/1627] OK FI_PN_MH_DEATH2P2_ACP_LIC_BKP
[2026-08-25 11:22:16] [336/1627] Dumping FI_PN_MH_DEATH_GRATCHART ...
[2026-08-25 11:22:17] [336/1627] OK FI_PN_MH_DEATH_GRATCHART
[2026-08-25 11:22:17] [337/1627] Dumping FI_PN_MH_EARNDEDN ...
[2026-08-25 11:22:17] [337/1627] OK FI_PN_MH_EARNDEDN
[2026-08-25 11:22:17] [338/1627] Dumping FI_PN_MH_EARNDEDNLT ...
[2026-08-25 11:22:18] [338/1627] OK FI_PN_MH_EARNDEDNLT
[2026-08-25 11:22:18] [339/1627] Dumping FI_PN_MH_EARNDEDN_PENELIGBLE ...
[2026-08-25 11:22:19] [339/1627] OK FI_PN_MH_EARNDEDN_PENELIGBLE
[2026-08-25 11:22:19] [340/1627] Dumping FI_PN_MH_EARNDEDN_TEST ...
[2026-08-25 11:22:20] [340/1627] OK FI_PN_MH_EARNDEDN_TEST
[2026-08-25 11:22:20] [341/1627] Dumping FI_PN_MH_ERNDEDNMAP ...
[2026-08-25 11:22:21] [341/1627] OK FI_PN_MH_ERNDEDNMAP
[2026-08-25 11:22:21] [342/1627] Dumping FI_PN_MH_EXGRATIA_HOLDER ...
[2026-08-25 11:22:23] [342/1627] OK FI_PN_MH_EXGRATIA_HOLDER
[2026-08-25 11:22:23] [343/1627] Dumping FI_PN_MH_EXG_CIRCULAR ...
[2026-08-25 11:22:24] [343/1627] OK FI_PN_MH_EXG_CIRCULAR
[2026-08-25 11:22:24] [344/1627] Dumping FI_PN_MH_FAMILYPENSIONER ...
[2026-08-25 11:22:37] [344/1627] OK FI_PN_MH_FAMILYPENSIONER
[2026-08-25 11:22:37] [345/1627] Dumping FI_PN_MH_FAMILYPENSIONER_1709 ...
[2026-08-25 11:22:38] [345/1627] OK FI_PN_MH_FAMILYPENSIONER_1709
[2026-08-25 11:22:38] [346/1627] Dumping FI_PN_MH_FAMILYPENSIONER_BKP ...
[2026-08-25 11:22:46] [346/1627] OK FI_PN_MH_FAMILYPENSIONER_BKP
[2026-08-25 11:22:46] [347/1627] Dumping FI_PN_MH_FAMILYPENSIONER_PREV ...
[2026-08-25 11:22:57] [347/1627] OK FI_PN_MH_FAMILYPENSIONER_PREV
[2026-08-25 11:22:57] [348/1627] Dumping FI_PN_MH_FAMILY_ACP_LIC ...
[2026-08-25 11:22:57] [348/1627] OK FI_PN_MH_FAMILY_ACP_LIC
[2026-08-25 11:22:57] [349/1627] Dumping FI_PN_MH_FPEN_CACLAIM ...
[2026-08-25 11:23:10] [349/1627] OK FI_PN_MH_FPEN_CACLAIM
[2026-08-25 11:23:10] [350/1627] Dumping FI_PN_MH_FPEN_CACLAIM_ARPAN ...
[2026-08-25 11:23:10] [350/1627] OK FI_PN_MH_FPEN_CACLAIM_ARPAN
[2026-08-25 11:23:10] [351/1627] Dumping FI_PN_MH_FPEN_CACLAIM_BK ...
[2026-08-25 11:23:11] [351/1627] OK FI_PN_MH_FPEN_CACLAIM_BK
[2026-08-25 11:23:11] [352/1627] Dumping FI_PN_MH_FPEN_CIRCULAR ...
[2026-08-25 11:23:12] [352/1627] OK FI_PN_MH_FPEN_CIRCULAR
[2026-08-25 11:23:12] [353/1627] Dumping FI_PN_MH_JRNLTYPE ...
[2026-08-25 11:23:13] [353/1627] OK FI_PN_MH_JRNLTYPE
[2026-08-25 11:23:13] [354/1627] Dumping FI_PN_MH_LETTER ...
[2026-08-25 11:23:13] [354/1627] OK FI_PN_MH_LETTER
[2026-08-25 11:23:13] [355/1627] Dumping FI_PN_MH_LETTER_H ...
[2026-08-25 11:23:14] [355/1627] OK FI_PN_MH_LETTER_H
[2026-08-25 11:23:14] [356/1627] Dumping FI_PN_MH_MACP_FAMILY ...
[2026-08-25 11:23:15] [356/1627] OK FI_PN_MH_MACP_FAMILY
[2026-08-25 11:23:15] [357/1627] Dumping FI_PN_MH_MACP_NORMAL ...
[2026-08-25 11:23:15] [357/1627] OK FI_PN_MH_MACP_NORMAL
[2026-08-25 11:23:15] [358/1627] Dumping FI_PN_MH_OLDBILL ...
[2026-08-25 11:23:34] [358/1627] OK FI_PN_MH_OLDBILL
[2026-08-25 11:23:34] [359/1627] Dumping FI_PN_MH_OLDBILL_H ...
[2026-08-25 11:23:35] [359/1627] OK FI_PN_MH_OLDBILL_H
[2026-08-25 11:23:35] [360/1627] Dumping FI_PN_MH_OLDBILL_PARAM ...
[2026-08-25 11:23:40] [360/1627] OK FI_PN_MH_OLDBILL_PARAM
[2026-08-25 11:23:40] [361/1627] Dumping FI_PN_MH_PAYSCALE ...
[2026-08-25 11:23:41] [361/1627] OK FI_PN_MH_PAYSCALE
[2026-08-25 11:23:41] [362/1627] Dumping FI_PN_MH_PENFPEN_DEATH ...
[2026-08-25 11:23:42] [362/1627] OK FI_PN_MH_PENFPEN_DEATH
[2026-08-25 11:23:42] [363/1627] Dumping FI_PN_MH_PENSIONER ...
[2026-08-25 11:23:58] [363/1627] OK FI_PN_MH_PENSIONER
[2026-08-25 11:23:58] [364/1627] Dumping FI_PN_MH_PENSIONER_01012007 ...
[2026-08-25 11:24:00] [364/1627] OK FI_PN_MH_PENSIONER_01012007
[2026-08-25 11:24:00] [365/1627] Dumping FI_PN_MH_PENSIONER_EXC ...
[2026-08-25 11:24:01] [365/1627] OK FI_PN_MH_PENSIONER_EXC
[2026-08-25 11:24:01] [366/1627] Dumping FI_PN_MH_PENSIONER_PREV ...
[2026-08-25 11:24:07] [366/1627] OK FI_PN_MH_PENSIONER_PREV
[2026-08-25 11:24:07] [367/1627] Dumping FI_PN_MH_PENSIONER_REV ...
[2026-08-25 11:24:08] [367/1627] OK FI_PN_MH_PENSIONER_REV
[2026-08-25 11:24:08] [368/1627] Dumping FI_PN_MH_PENSION_PROPOSAL ...
[2026-08-25 11:24:15] [368/1627] OK FI_PN_MH_PENSION_PROPOSAL
[2026-08-25 11:24:15] [369/1627] Dumping FI_PN_MH_PENSION_PROPOSAL_H ...
[2026-08-25 11:24:16] [369/1627] OK FI_PN_MH_PENSION_PROPOSAL_H
[2026-08-25 11:24:16] [370/1627] Dumping FI_PN_MH_PENSION_PROPOSAL_PREV ...
[2026-08-25 11:24:20] [370/1627] OK FI_PN_MH_PENSION_PROPOSAL_PREV
[2026-08-25 11:24:20] [371/1627] Dumping FI_PN_MH_PEN_CAL ...
[2026-08-25 11:24:21] [371/1627] OK FI_PN_MH_PEN_CAL
[2026-08-25 11:24:21] [372/1627] Dumping FI_PN_MH_PMTHSETUP ...
[2026-08-25 11:24:22] [372/1627] OK FI_PN_MH_PMTHSETUP
[2026-08-25 11:24:22] [373/1627] Dumping FI_PN_MH_RELIEF_RATE ...
[2026-08-25 11:24:23] [373/1627] OK FI_PN_MH_RELIEF_RATE
[2026-08-25 11:24:23] [374/1627] Dumping FI_PN_MH_SCALEMAP ...
[2026-08-25 11:24:24] [374/1627] OK FI_PN_MH_SCALEMAP
[2026-08-25 11:24:24] [375/1627] Dumping FI_PN_MH_SERVICE_GRATCHART ...
[2026-08-25 11:24:25] [375/1627] OK FI_PN_MH_SERVICE_GRATCHART
[2026-08-25 11:24:25] [376/1627] Dumping FI_PN_MH_UOM ...
[2026-08-25 11:24:26] [376/1627] OK FI_PN_MH_UOM
[2026-08-25 11:24:26] [377/1627] Dumping FI_PN_MONTHLY_BILL_STAT ...
[2026-08-25 11:24:28] [377/1627] OK FI_PN_MONTHLY_BILL_STAT
[2026-08-25 11:24:28] [378/1627] Dumping FI_PN_MONTHLY_PENSION ...
[2026-08-25 11:29:29] [378/1627] OK FI_PN_MONTHLY_PENSION
[2026-08-25 11:29:29] [379/1627] Dumping FI_PN_MONTHLY_PENSION_NEW ...
[2026-08-25 11:29:47] [379/1627] OK FI_PN_MONTHLY_PENSION_NEW
[2026-08-25 11:29:47] [380/1627] Dumping FI_PN_MTHWISE_PEN ...
[2026-08-25 11:35:39] [380/1627] OK FI_PN_MTHWISE_PEN
[2026-08-25 11:35:39] [381/1627] Dumping FI_PN_MTHWISE_PEN_GRP ...
[2026-08-25 11:35:53] [381/1627] OK FI_PN_MTHWISE_PEN_GRP
[2026-08-25 11:35:53] [382/1627] Dumping FI_PN_MTHWISE_PEN_NET ...
[2026-08-25 11:36:56] [382/1627] OK FI_PN_MTHWISE_PEN_NET
[2026-08-25 11:36:56] [383/1627] Dumping FI_PN_MTHWISE_PEN_NET_LIC ...
[2026-08-25 11:37:02] [383/1627] OK FI_PN_MTHWISE_PEN_NET_LIC
[2026-08-25 11:37:02] [384/1627] Dumping FI_PN_MTH_BILL_ALLOC ...
[2026-08-25 11:37:03] [384/1627] OK FI_PN_MTH_BILL_ALLOC
[2026-08-25 11:37:03] [385/1627] Dumping FI_PN_NABA_ERP ...
[2026-08-25 11:37:03] [385/1627] OK FI_PN_NABA_ERP
[2026-08-25 11:37:03] [386/1627] Dumping FI_PN_NABA_LOAD ...
[2026-08-25 11:37:03] [386/1627] OK FI_PN_NABA_LOAD
[2026-08-25 11:37:03] [387/1627] Dumping FI_PN_NEW_DAPCT ...
[2026-08-25 11:37:03] [387/1627] OK FI_PN_NEW_DAPCT
[2026-08-25 11:37:03] [388/1627] Dumping FI_PN_NEW_DAPCT_2022 ...
[2026-08-25 11:37:04] [388/1627] OK FI_PN_NEW_DAPCT_2022
[2026-08-25 11:37:04] [389/1627] Dumping FI_PN_NEW_PAY ...
[2026-08-25 11:37:04] [389/1627] OK FI_PN_NEW_PAY
[2026-08-25 11:37:04] [390/1627] Dumping FI_PN_NEW_PAY_BK ...
[2026-08-25 11:37:04] [390/1627] OK FI_PN_NEW_PAY_BK
[2026-08-25 11:37:04] [391/1627] Dumping FI_PN_NEW_REQ1 ...
[2026-08-25 11:37:04] [391/1627] OK FI_PN_NEW_REQ1
[2026-08-25 11:37:04] [392/1627] Dumping FI_PN_NON_LIC_FAMILY ...
[2026-08-25 11:37:05] [392/1627] OK FI_PN_NON_LIC_FAMILY
[2026-08-25 11:37:05] [393/1627] Dumping FI_PN_NPS_PENSIONER ...
[2026-08-25 11:37:05] [393/1627] OK FI_PN_NPS_PENSIONER
[2026-08-25 11:37:05] [394/1627] Dumping FI_PN_OCT_RESTOR ...
[2026-08-25 11:37:06] [394/1627] OK FI_PN_OCT_RESTOR
[2026-08-25 11:37:06] [395/1627] Dumping FI_PN_OLDAGE_ARREAR ...
[2026-08-25 11:37:06] [395/1627] OK FI_PN_OLDAGE_ARREAR
[2026-08-25 11:37:06] [396/1627] Dumping FI_PN_OLDAGE_ARREAR_WEB ...
[2026-08-25 11:37:17] [396/1627] OK FI_PN_OLDAGE_ARREAR_WEB
[2026-08-25 11:37:17] [397/1627] Dumping FI_PN_PAYMENT2022 ...
[2026-08-25 11:37:17] [397/1627] OK FI_PN_PAYMENT2022
[2026-08-25 11:37:17] [398/1627] Dumping FI_PN_PAYMENTWORK2022 ...
[2026-08-25 11:37:18] [398/1627] OK FI_PN_PAYMENTWORK2022
[2026-08-25 11:37:18] [399/1627] Dumping FI_PN_PAY_SHEET_2022 ...
[2026-08-25 11:37:21] [399/1627] OK FI_PN_PAY_SHEET_2022
[2026-08-25 11:37:21] [400/1627] Dumping FI_PN_PAY_SHEET_2022SUM ...
[2026-08-25 11:37:22] [400/1627] OK FI_PN_PAY_SHEET_2022SUM
[2026-08-25 11:37:23] [401/1627] Dumping FI_PN_PEN_CAL ...
[2026-08-25 11:37:25] [401/1627] OK FI_PN_PEN_CAL
[2026-08-25 11:37:25] [402/1627] Dumping FI_PN_PEN_CAL_BKP ...
[2026-08-25 11:37:27] [402/1627] OK FI_PN_PEN_CAL_BKP
[2026-08-25 11:37:27] [403/1627] Dumping FI_PN_PEN_CAL_HIST ...
[2026-08-25 11:37:28] [403/1627] OK FI_PN_PEN_CAL_HIST
[2026-08-25 11:37:28] [404/1627] Dumping FI_PN_PEN_DTL_50CS ...
[2026-08-25 11:37:28] [404/1627] OK FI_PN_PEN_DTL_50CS
[2026-08-25 11:37:28] [405/1627] Dumping FI_PN_PEN_HDR_50CS ...
[2026-08-25 11:37:28] [405/1627] OK FI_PN_PEN_HDR_50CS
[2026-08-25 11:37:28] [406/1627] Dumping FI_PN_PORT_PENSIONER ...
[2026-08-25 11:37:28] [406/1627] OK FI_PN_PORT_PENSIONER
[2026-08-25 11:37:28] [407/1627] Dumping FI_PN_PRADIP ...
[2026-08-25 11:37:29] [407/1627] OK FI_PN_PRADIP
[2026-08-25 11:37:29] [408/1627] Dumping FI_PN_RESTORE_FEB19 ...
[2026-08-25 11:37:29] [408/1627] OK FI_PN_RESTORE_FEB19
[2026-08-25 11:37:29] [409/1627] Dumping FI_PN_RESTORE_FEB19_2 ...
[2026-08-25 11:37:29] [409/1627] OK FI_PN_RESTORE_FEB19_2
[2026-08-25 11:37:29] [410/1627] Dumping FI_PN_REVERT ...
[2026-08-25 11:37:29] [410/1627] OK FI_PN_REVERT
[2026-08-25 11:37:29] [411/1627] Dumping FI_PN_REV_PEN_ARR ...
[2026-08-25 11:38:33] [411/1627] OK FI_PN_REV_PEN_ARR
[2026-08-25 11:38:33] [412/1627] Dumping FI_PN_REV_SALOUT ...
[2026-08-25 11:38:36] [412/1627] OK FI_PN_REV_SALOUT
[2026-08-25 11:38:36] [413/1627] Dumping FI_PN_ROLL ...
[2026-08-25 11:38:38] [413/1627] OK FI_PN_ROLL
[2026-08-25 11:38:38] [414/1627] Dumping FI_PN_SANDIP ...
[2026-08-25 11:38:45] [414/1627] OK FI_PN_SANDIP
[2026-08-25 11:38:45] [415/1627] Dumping FI_PN_SBI_BAD_DATA ...
[2026-08-25 11:38:46] [415/1627] OK FI_PN_SBI_BAD_DATA
[2026-08-25 11:38:46] [416/1627] Dumping FI_PN_SBI_DUP_DATA ...
[2026-08-25 11:38:47] [416/1627] OK FI_PN_SBI_DUP_DATA
[2026-08-25 11:38:47] [417/1627] Dumping FI_PN_SBI_ERROR ...
[2026-08-25 11:38:48] [417/1627] OK FI_PN_SBI_ERROR
[2026-08-25 11:38:48] [418/1627] Dumping FI_PN_SBI_INIT_DATA ...
[2026-08-25 11:38:57] [418/1627] OK FI_PN_SBI_INIT_DATA
[2026-08-25 11:38:57] [419/1627] Dumping FI_PN_SBI_INIT_DATA_HIST ...
[2026-08-25 11:39:08] [419/1627] OK FI_PN_SBI_INIT_DATA_HIST
[2026-08-25 11:39:08] [420/1627] Dumping FI_PN_SBI_JULY_DATA ...
[2026-08-25 11:39:18] [420/1627] OK FI_PN_SBI_JULY_DATA
[2026-08-25 11:39:18] [421/1627] Dumping FI_PN_SBI_LIC_TEXT ...
[2026-08-25 11:39:27] [421/1627] OK FI_PN_SBI_LIC_TEXT
[2026-08-25 11:39:27] [422/1627] Dumping FI_PN_SBI_PREV_DATA ...
[2026-08-25 11:41:04] [422/1627] OK FI_PN_SBI_PREV_DATA
[2026-08-25 11:41:04] [423/1627] Dumping FI_PN_SBI_RAW_DATA ...
[2026-08-25 11:41:05] [423/1627] OK FI_PN_SBI_RAW_DATA
[2026-08-25 11:41:05] [424/1627] Dumping FI_PN_SBI_RAW_DATA_HIST ...
[2026-08-25 11:41:16] [424/1627] OK FI_PN_SBI_RAW_DATA_HIST
[2026-08-25 11:41:16] [425/1627] Dumping FI_PN_SCALE_MAP ...
[2026-08-25 11:41:16] [425/1627] OK FI_PN_SCALE_MAP
[2026-08-25 11:41:16] [426/1627] Dumping FI_PN_SCALE_MAP_OFFI ...
[2026-08-25 11:41:17] [426/1627] OK FI_PN_SCALE_MAP_OFFI
[2026-08-25 11:41:17] [427/1627] Dumping FI_PN_SLNO_GEN ...
[2026-08-25 11:41:18] [427/1627] OK FI_PN_SLNO_GEN
[2026-08-25 11:41:18] [428/1627] Dumping FI_PN_TD_17092014_FPENSION ...
[2026-08-25 11:41:20] [428/1627] OK FI_PN_TD_17092014_FPENSION
[2026-08-25 11:41:20] [429/1627] Dumping FI_PN_TD_2P2_ARREAR ...
[2026-08-25 11:41:21] [429/1627] OK FI_PN_TD_2P2_ARREAR
[2026-08-25 11:41:21] [430/1627] Dumping FI_PN_TD_ACP_FAM_LIC ...
[2026-08-25 11:41:22] [430/1627] OK FI_PN_TD_ACP_FAM_LIC
[2026-08-25 11:41:22] [431/1627] Dumping FI_PN_TD_ANNUITY ...
[2026-08-25 11:41:24] [431/1627] OK FI_PN_TD_ANNUITY
[2026-08-25 11:41:24] [432/1627] Dumping FI_PN_TD_ARREAR2P2 ...
[2026-08-25 11:41:29] [432/1627] OK FI_PN_TD_ARREAR2P2
[2026-08-25 11:41:29] [433/1627] Dumping FI_PN_TD_ARREAR2P2_ACP ...
[2026-08-25 11:41:31] [433/1627] OK FI_PN_TD_ARREAR2P2_ACP
[2026-08-25 11:41:31] [434/1627] Dumping FI_PN_TD_ARREAR2P2_ACP_LIC ...
[2026-08-25 11:41:33] [434/1627] OK FI_PN_TD_ARREAR2P2_ACP_LIC
[2026-08-25 11:41:33] [435/1627] Dumping FI_PN_TD_ARREAR2P2_ACP_LIC_BKP ...
[2026-08-25 11:41:35] [435/1627] OK FI_PN_TD_ARREAR2P2_ACP_LIC_BKP
[2026-08-25 11:41:36] [436/1627] Dumping FI_PN_TD_ARREAR2P2_ACP_LIC_FAM ...
[2026-08-25 11:41:37] [436/1627] OK FI_PN_TD_ARREAR2P2_ACP_LIC_FAM
[2026-08-25 11:41:37] [437/1627] Dumping FI_PN_TD_ARREAR2P2_ACP_LIC_OLD ...
[2026-08-25 11:41:39] [437/1627] OK FI_PN_TD_ARREAR2P2_ACP_LIC_OLD
[2026-08-25 11:41:39] [438/1627] Dumping FI_PN_TD_ARREAR_CON ...
[2026-08-25 11:42:54] [438/1627] OK FI_PN_TD_ARREAR_CON
[2026-08-25 11:42:54] [439/1627] Dumping FI_PN_TD_ARREAR_CON_DEATH ...
[2026-08-25 11:43:04] [439/1627] OK FI_PN_TD_ARREAR_CON_DEATH
[2026-08-25 11:43:04] [440/1627] Dumping FI_PN_TD_ARREAR_CON_FAM ...
[2026-08-25 11:44:15] [440/1627] OK FI_PN_TD_ARREAR_CON_FAM
[2026-08-25 11:44:15] [441/1627] Dumping FI_PN_TD_ARREAR_CON_HIS ...
[2026-08-25 11:46:11] [441/1627] OK FI_PN_TD_ARREAR_CON_HIS
[2026-08-25 11:46:11] [442/1627] Dumping FI_PN_TD_ARREAR_CON_LIC ...
[2026-08-25 11:46:22] [442/1627] OK FI_PN_TD_ARREAR_CON_LIC
[2026-08-25 11:46:22] [443/1627] Dumping FI_PN_TD_ARREAR_CON_REPROC ...
[2026-08-25 11:46:23] [443/1627] OK FI_PN_TD_ARREAR_CON_REPROC
[2026-08-25 11:46:23] [444/1627] Dumping FI_PN_TD_ARREAR_LIC_DEATH ...
[2026-08-25 11:46:24] [444/1627] OK FI_PN_TD_ARREAR_LIC_DEATH
[2026-08-25 11:46:24] [445/1627] Dumping FI_PN_TD_ARREAR_WEB ...
[2026-08-25 11:49:02] [445/1627] OK FI_PN_TD_ARREAR_WEB
[2026-08-25 11:49:02] [446/1627] Dumping FI_PN_TD_ARR_CON_SC ...
[2026-08-25 11:49:03] [446/1627] OK FI_PN_TD_ARR_CON_SC
[2026-08-25 11:49:03] [447/1627] Dumping FI_PN_TD_BASIC_CHANGE_ARR ...
[2026-08-25 11:49:12] [447/1627] OK FI_PN_TD_BASIC_CHANGE_ARR
[2026-08-25 11:49:12] [448/1627] Dumping FI_PN_TD_BASIC_CHANGE_ARR_126 ...
[2026-08-25 11:49:13] [448/1627] OK FI_PN_TD_BASIC_CHANGE_ARR_126
[2026-08-25 11:49:13] [449/1627] Dumping FI_PN_TD_BILLALOC ...
[2026-08-25 11:49:18] [449/1627] OK FI_PN_TD_BILLALOC
[2026-08-25 11:49:18] [450/1627] Dumping FI_PN_TD_BILLPASS ...
[2026-08-25 11:49:20] [450/1627] OK FI_PN_TD_BILLPASS
[2026-08-25 11:49:20] [451/1627] Dumping FI_PN_TD_BILLPASS_BACKUP ...
[2026-08-25 11:49:21] [451/1627] OK FI_PN_TD_BILLPASS_BACKUP
[2026-08-25 11:49:21] [452/1627] Dumping FI_PN_TD_COMBILL ...
[2026-08-25 11:49:21] [452/1627] OK FI_PN_TD_COMBILL
[2026-08-25 11:49:21] [453/1627] Dumping FI_PN_TD_CON_CPI_N ...
[2026-08-25 11:49:22] [453/1627] OK FI_PN_TD_CON_CPI_N
[2026-08-25 11:49:22] [454/1627] Dumping FI_PN_TD_CON_DEATH ...
[2026-08-25 11:49:25] [454/1627] OK FI_PN_TD_CON_DEATH
[2026-08-25 11:49:25] [455/1627] Dumping FI_PN_TD_CON_DEATH_LIC ...
[2026-08-25 11:49:25] [455/1627] OK FI_PN_TD_CON_DEATH_LIC
[2026-08-25 11:49:25] [456/1627] Dumping FI_PN_TD_CON_DEATH_TEST ...
[2026-08-25 11:49:26] [456/1627] OK FI_PN_TD_CON_DEATH_TEST
[2026-08-25 11:49:26] [457/1627] Dumping FI_PN_TD_CON_FAM_MULTI ...
[2026-08-25 11:49:27] [457/1627] OK FI_PN_TD_CON_FAM_MULTI
[2026-08-25 11:49:27] [458/1627] Dumping FI_PN_TD_CON_FAM_MULTI_LIC ...
[2026-08-25 11:49:27] [458/1627] OK FI_PN_TD_CON_FAM_MULTI_LIC
[2026-08-25 11:49:27] [459/1627] Dumping FI_PN_TD_CON_LIC_DEATH ...
[2026-08-25 11:49:28] [459/1627] OK FI_PN_TD_CON_LIC_DEATH
[2026-08-25 11:49:28] [460/1627] Dumping FI_PN_TD_CON_LIC_NORMAL ...
[2026-08-25 11:49:35] [460/1627] OK FI_PN_TD_CON_LIC_NORMAL
[2026-08-25 11:49:35] [461/1627] Dumping FI_PN_TD_CON_LIC_NORMAL_COPY ...
[2026-08-25 11:49:41] [461/1627] OK FI_PN_TD_CON_LIC_NORMAL_COPY
[2026-08-25 11:49:41] [462/1627] Dumping FI_PN_TD_CON_LIC_NORMAL_RANO ...
[2026-08-25 11:49:41] [462/1627] OK FI_PN_TD_CON_LIC_NORMAL_RANO
[2026-08-25 11:49:41] [463/1627] Dumping FI_PN_TD_CON_NORMAL ...
[2026-08-25 11:50:37] [463/1627] OK FI_PN_TD_CON_NORMAL
[2026-08-25 11:50:37] [464/1627] Dumping FI_PN_TD_CON_NORMAL_1 ...
[2026-08-25 11:50:53] [464/1627] OK FI_PN_TD_CON_NORMAL_1
[2026-08-25 11:50:53] [465/1627] Dumping FI_PN_TD_CON_NORMAL_2 ...
[2026-08-25 11:51:01] [465/1627] OK FI_PN_TD_CON_NORMAL_2
[2026-08-25 11:51:01] [466/1627] Dumping FI_PN_TD_CON_NORMAL_3 ...
[2026-08-25 11:51:16] [466/1627] OK FI_PN_TD_CON_NORMAL_3
[2026-08-25 11:51:16] [467/1627] Dumping FI_PN_TD_CON_NORMAL_4 ...
[2026-08-25 11:51:23] [467/1627] OK FI_PN_TD_CON_NORMAL_4
[2026-08-25 11:51:23] [468/1627] Dumping FI_PN_TD_CON_NORMAL_5 ...
[2026-08-25 11:51:25] [468/1627] OK FI_PN_TD_CON_NORMAL_5
[2026-08-25 11:51:25] [469/1627] Dumping FI_PN_TD_CON_NORMAL_SPL ...
[2026-08-25 11:51:25] [469/1627] OK FI_PN_TD_CON_NORMAL_SPL
[2026-08-25 11:51:25] [470/1627] Dumping FI_PN_TD_CON_NORMAL_TC ...
[2026-08-25 11:51:25] [470/1627] OK FI_PN_TD_CON_NORMAL_TC
[2026-08-25 11:51:25] [471/1627] Dumping FI_PN_TD_DEATH2P2_ACP_LIC ...
[2026-08-25 11:51:25] [471/1627] OK FI_PN_TD_DEATH2P2_ACP_LIC
[2026-08-25 11:51:25] [472/1627] Dumping FI_PN_TD_DEATH2P2_ACP_LIC_BKP ...
[2026-08-25 11:51:25] [472/1627] OK FI_PN_TD_DEATH2P2_ACP_LIC_BKP
[2026-08-25 11:51:25] [473/1627] Dumping FI_PN_TD_DECEASED_OLDAGE ...
[2026-08-25 11:51:25] [473/1627] OK FI_PN_TD_DECEASED_OLDAGE
[2026-08-25 11:51:25] [474/1627] Dumping FI_PN_TD_EXGRATIA_BILL ...
[2026-08-25 11:51:26] [474/1627] OK FI_PN_TD_EXGRATIA_BILL
[2026-08-25 11:51:26] [475/1627] Dumping FI_PN_TD_EXG_BCK ...
[2026-08-25 11:51:26] [475/1627] OK FI_PN_TD_EXG_BCK
[2026-08-25 11:51:26] [476/1627] Dumping FI_PN_TD_FAMILY_ACP_LIC ...
[2026-08-25 11:51:26] [476/1627] OK FI_PN_TD_FAMILY_ACP_LIC
[2026-08-25 11:51:26] [477/1627] Dumping FI_PN_TD_FAM_LIC_DEATH ...
[2026-08-25 11:51:26] [477/1627] OK FI_PN_TD_FAM_LIC_DEATH
[2026-08-25 11:51:26] [478/1627] Dumping FI_PN_TD_FIRST_MONTH_EXG ...
[2026-08-25 11:51:27] [478/1627] OK FI_PN_TD_FIRST_MONTH_EXG
[2026-08-25 11:51:27] [479/1627] Dumping FI_PN_TD_FIRST_MONTH_FPEN ...
[2026-08-25 11:51:38] [479/1627] OK FI_PN_TD_FIRST_MONTH_FPEN
[2026-08-25 11:51:38] [480/1627] Dumping FI_PN_TD_FIRST_MONTH_FPENSION ...
[2026-08-25 11:51:56] [480/1627] OK FI_PN_TD_FIRST_MONTH_FPENSION
[2026-08-25 11:51:56] [481/1627] Dumping FI_PN_TD_FIRST_MONTH_PENSION ...
[2026-08-25 11:52:20] [481/1627] OK FI_PN_TD_FIRST_MONTH_PENSION
[2026-08-25 11:52:20] [482/1627] Dumping FI_PN_TD_FIRST_MONTH_PENSIONB ...
[2026-08-25 11:52:23] [482/1627] OK FI_PN_TD_FIRST_MONTH_PENSIONB
[2026-08-25 11:52:23] [483/1627] Dumping FI_PN_TD_FIRST_MONTH_PEN_EXC ...
[2026-08-25 11:52:23] [483/1627] OK FI_PN_TD_FIRST_MONTH_PEN_EXC
[2026-08-25 11:52:23] [484/1627] Dumping FI_PN_TD_FIRST_MONTH_PEN_REV ...
[2026-08-25 11:52:23] [484/1627] OK FI_PN_TD_FIRST_MONTH_PEN_REV
[2026-08-25 11:52:23] [485/1627] Dumping FI_PN_TD_FIRST_MONTH_TEST ...
[2026-08-25 11:52:34] [485/1627] OK FI_PN_TD_FIRST_MONTH_TEST
[2026-08-25 11:52:34] [486/1627] Dumping FI_PN_TD_FIRST_MTH_EXG_BKUP ...
[2026-08-25 11:52:34] [486/1627] OK FI_PN_TD_FIRST_MTH_EXG_BKUP
[2026-08-25 11:52:34] [487/1627] Dumping FI_PN_TD_FIRST_MTH_FPEN_BKUP ...
[2026-08-25 11:52:36] [487/1627] OK FI_PN_TD_FIRST_MTH_FPEN_BKUP
[2026-08-25 11:52:37] [488/1627] Dumping FI_PN_TD_FIRST_MTH_PEN_BKUP ...
[2026-08-25 11:52:45] [488/1627] OK FI_PN_TD_FIRST_MTH_PEN_BKUP
[2026-08-25 11:52:45] [489/1627] Dumping FI_PN_TD_G20_BILL ...
[2026-08-25 11:52:45] [489/1627] OK FI_PN_TD_G20_BILL
[2026-08-25 11:52:45] [490/1627] Dumping FI_PN_TD_G20_BILL_SU ...
[2026-08-25 11:52:46] [490/1627] OK FI_PN_TD_G20_BILL_SU
[2026-08-25 11:52:46] [491/1627] Dumping FI_PN_TD_GRAD_VOUCHER ...
[2026-08-25 11:52:46] [491/1627] OK FI_PN_TD_GRAD_VOUCHER
[2026-08-25 11:52:46] [492/1627] Dumping FI_PN_TD_INT_DEDUCTION ...
[2026-08-25 11:52:46] [492/1627] OK FI_PN_TD_INT_DEDUCTION
[2026-08-25 11:52:46] [493/1627] Dumping FI_PN_TD_JV ...
[2026-08-25 11:52:53] [493/1627] OK FI_PN_TD_JV
[2026-08-25 11:52:53] [494/1627] Dumping FI_PN_TD_JV_BKP ...
[2026-08-25 11:52:56] [494/1627] OK FI_PN_TD_JV_BKP
[2026-08-25 11:52:56] [495/1627] Dumping FI_PN_TD_KOPT_BANK ...
[2026-08-25 11:52:56] [495/1627] OK FI_PN_TD_KOPT_BANK
[2026-08-25 11:52:56] [496/1627] Dumping FI_PN_TD_LC_PENSIONER ...
[2026-08-25 11:52:58] [496/1627] OK FI_PN_TD_LC_PENSIONER
[2026-08-25 11:52:58] [497/1627] Dumping FI_PN_TD_MACP_FAMILY ...
[2026-08-25 11:52:58] [497/1627] OK FI_PN_TD_MACP_FAMILY
[2026-08-25 11:52:58] [498/1627] Dumping FI_PN_TD_MACP_LIC_FAMILY ...
[2026-08-25 11:52:58] [498/1627] OK FI_PN_TD_MACP_LIC_FAMILY
[2026-08-25 11:52:58] [499/1627] Dumping FI_PN_TD_MACP_LIC_NORMAL ...
[2026-08-25 11:52:58] [499/1627] OK FI_PN_TD_MACP_LIC_NORMAL
[2026-08-25 11:52:58] [500/1627] Dumping FI_PN_TD_MACP_NORMAL ...
[2026-08-25 11:52:59] [500/1627] OK FI_PN_TD_MACP_NORMAL
[2026-08-25 11:52:59] [501/1627] Dumping FI_PN_TD_MONTHLY_EXG ...
[2026-08-25 11:53:00] [501/1627] OK FI_PN_TD_MONTHLY_EXG
[2026-08-25 11:53:00] [502/1627] Dumping FI_PN_TD_NOM_LT_PENSION ...
[2026-08-25 11:53:00] [502/1627] OK FI_PN_TD_NOM_LT_PENSION
[2026-08-25 11:53:00] [503/1627] Dumping FI_PN_TD_NOM_LT_PENSION_BKP ...
[2026-08-25 11:53:01] [503/1627] OK FI_PN_TD_NOM_LT_PENSION_BKP
[2026-08-25 11:53:01] [504/1627] Dumping FI_PN_TD_NOM_LT_PENSION_HIST ...
[2026-08-25 11:53:01] [504/1627] OK FI_PN_TD_NOM_LT_PENSION_HIST
[2026-08-25 11:53:01] [505/1627] Dumping FI_PN_TD_NOM_LT_PENSION_SANDIP ...
[2026-08-25 11:53:01] [505/1627] OK FI_PN_TD_NOM_LT_PENSION_SANDIP
[2026-08-25 11:53:01] [506/1627] Dumping FI_PN_TD_OFFICER_CONS ...
[2026-08-25 11:53:04] [506/1627] OK FI_PN_TD_OFFICER_CONS
[2026-08-25 11:53:04] [507/1627] Dumping FI_PN_TD_OFFICER_CONS_BKP ...
[2026-08-25 11:53:04] [507/1627] OK FI_PN_TD_OFFICER_CONS_BKP
[2026-08-25 11:53:04] [508/1627] Dumping FI_PN_TD_OFFICER_CONS_BKP_BKP ...
[2026-08-25 11:53:05] [508/1627] OK FI_PN_TD_OFFICER_CONS_BKP_BKP
[2026-08-25 11:53:05] [509/1627] Dumping FI_PN_TD_OFFICER_CONS_LIC ...
[2026-08-25 11:53:05] [509/1627] OK FI_PN_TD_OFFICER_CONS_LIC
[2026-08-25 11:53:05] [510/1627] Dumping FI_PN_TD_OFFICER_CONS_LIC_HIST ...
[2026-08-25 11:53:05] [510/1627] OK FI_PN_TD_OFFICER_CONS_LIC_HIST
[2026-08-25 11:53:05] [511/1627] Dumping FI_PN_TD_OFFICER_CONS_SPC ...
[2026-08-25 11:53:05] [511/1627] OK FI_PN_TD_OFFICER_CONS_SPC
[2026-08-25 11:53:05] [512/1627] Dumping FI_PN_TD_OFFI_SPL_PEN ...
[2026-08-25 11:53:06] [512/1627] OK FI_PN_TD_OFFI_SPL_PEN
[2026-08-25 11:53:06] [513/1627] Dumping FI_PN_TD_OFFI_SPL_PEN_OLD ...
[2026-08-25 11:53:06] [513/1627] OK FI_PN_TD_OFFI_SPL_PEN_OLD
[2026-08-25 11:53:06] [514/1627] Dumping FI_PN_TD_OLDAGE_ARREAR ...
[2026-08-25 11:53:32] [514/1627] OK FI_PN_TD_OLDAGE_ARREAR
[2026-08-25 11:53:32] [515/1627] Dumping FI_PN_TD_OLDAGE_ARREAR1 ...
[2026-08-25 11:53:33] [515/1627] OK FI_PN_TD_OLDAGE_ARREAR1
[2026-08-25 11:53:33] [516/1627] Dumping FI_PN_TD_OLDAGE_ARREAR2 ...
[2026-08-25 11:53:34] [516/1627] OK FI_PN_TD_OLDAGE_ARREAR2
[2026-08-25 11:53:34] [517/1627] Dumping FI_PN_TD_OLDAGE_ARREAR3 ...
[2026-08-25 11:53:35] [517/1627] OK FI_PN_TD_OLDAGE_ARREAR3
[2026-08-25 11:53:35] [518/1627] Dumping FI_PN_TD_OLDAGE_ARREAR_TAN ...
[2026-08-25 11:53:56] [518/1627] OK FI_PN_TD_OLDAGE_ARREAR_TAN
[2026-08-25 11:53:56] [519/1627] Dumping FI_PN_TD_PEN_CAL ...
[2026-08-25 11:53:56] [519/1627] OK FI_PN_TD_PEN_CAL
[2026-08-25 11:53:56] [520/1627] Dumping FI_PN_TD_REV_ARR ...
[2026-08-25 11:53:58] [520/1627] OK FI_PN_TD_REV_ARR
[2026-08-25 11:53:58] [521/1627] Dumping FI_PN_TD_REV_ARR_BACK ...
[2026-08-25 11:54:00] [521/1627] OK FI_PN_TD_REV_ARR_BACK
[2026-08-25 11:54:00] [522/1627] Dumping FI_PN_TD_REV_ARR_BKP ...
[2026-08-25 11:54:01] [522/1627] OK FI_PN_TD_REV_ARR_BKP
[2026-08-25 11:54:01] [523/1627] Dumping FI_PN_TD_REV_ARR_FAMILY ...
[2026-08-25 11:54:01] [523/1627] OK FI_PN_TD_REV_ARR_FAMILY
[2026-08-25 11:54:01] [524/1627] Dumping FI_PN_TD_SALOUT ...
[2026-08-25 11:54:13] [524/1627] OK FI_PN_TD_SALOUT
[2026-08-25 11:54:13] [525/1627] Dumping FI_PN_TD_SALOUT_EXC ...
[2026-08-25 11:54:13] [525/1627] OK FI_PN_TD_SALOUT_EXC
[2026-08-25 11:54:13] [526/1627] Dumping FI_PN_TD_SEPCOM ...
[2026-08-25 11:54:13] [526/1627] OK FI_PN_TD_SEPCOM
[2026-08-25 11:54:13] [527/1627] Dumping FI_PN_TD_SPL_CASES ...
[2026-08-25 11:54:13] [527/1627] OK FI_PN_TD_SPL_CASES
[2026-08-25 11:54:13] [528/1627] Dumping FI_PN_TD_SPL_CASES_LIC_1695 ...
[2026-08-25 11:54:13] [528/1627] OK FI_PN_TD_SPL_CASES_LIC_1695
[2026-08-25 11:54:13] [529/1627] Dumping FI_PN_TD_VOUCHER ...
[2026-08-25 11:54:14] [529/1627] OK FI_PN_TD_VOUCHER
[2026-08-25 11:54:14] [530/1627] Dumping FI_PN_TD_VOUCHER_HIST ...
[2026-08-25 11:54:14] [530/1627] OK FI_PN_TD_VOUCHER_HIST
[2026-08-25 11:54:14] [531/1627] Dumping FI_PN_TD_WAGE_REV_DEATH ...
[2026-08-25 11:54:14] [531/1627] OK FI_PN_TD_WAGE_REV_DEATH
[2026-08-25 11:54:14] [532/1627] Dumping FI_PN_TD_WAGE_REV_FAMILY ...
[2026-08-25 11:54:14] [532/1627] OK FI_PN_TD_WAGE_REV_FAMILY
[2026-08-25 11:54:14] [533/1627] Dumping FI_PN_TD_WAGE_REV_NORMAL ...
[2026-08-25 11:54:15] [533/1627] OK FI_PN_TD_WAGE_REV_NORMAL
[2026-08-25 11:54:15] [534/1627] Dumping FI_PN_TD_WAGE_REV_NORMAL_BKP ...
[2026-08-25 11:54:16] [534/1627] OK FI_PN_TD_WAGE_REV_NORMAL_BKP
[2026-08-25 11:54:16] [535/1627] Dumping FI_PN_TH_17092014_FPENSION ...
[2026-08-25 11:54:16] [535/1627] OK FI_PN_TH_17092014_FPENSION
[2026-08-25 11:54:16] [536/1627] Dumping FI_PN_TH_ACP_FAM_LIC ...
[2026-08-25 11:54:16] [536/1627] OK FI_PN_TH_ACP_FAM_LIC
[2026-08-25 11:54:16] [537/1627] Dumping FI_PN_TH_ARREAR2P2 ...
[2026-08-25 11:54:16] [537/1627] OK FI_PN_TH_ARREAR2P2
[2026-08-25 11:54:16] [538/1627] Dumping FI_PN_TH_ARREAR2P2_ACP ...
[2026-08-25 11:54:17] [538/1627] OK FI_PN_TH_ARREAR2P2_ACP
[2026-08-25 11:54:17] [539/1627] Dumping FI_PN_TH_ARREAR2P2_ACP_LIC ...
[2026-08-25 11:54:17] [539/1627] OK FI_PN_TH_ARREAR2P2_ACP_LIC
[2026-08-25 11:54:17] [540/1627] Dumping FI_PN_TH_ARREAR2P2_ACP_LIC_BKP ...
[2026-08-25 11:54:17] [540/1627] OK FI_PN_TH_ARREAR2P2_ACP_LIC_BKP
[2026-08-25 11:54:17] [541/1627] Dumping FI_PN_TH_ARREAR2P2_ACP_LIC_FAM ...
[2026-08-25 11:54:17] [541/1627] OK FI_PN_TH_ARREAR2P2_ACP_LIC_FAM
[2026-08-25 11:54:17] [542/1627] Dumping FI_PN_TH_ARREAR2P2_ACP_LIC_OLD ...
[2026-08-25 11:54:17] [542/1627] OK FI_PN_TH_ARREAR2P2_ACP_LIC_OLD
[2026-08-25 11:54:17] [543/1627] Dumping FI_PN_TH_ARREAR2P2_BACK ...
[2026-08-25 11:54:17] [543/1627] OK FI_PN_TH_ARREAR2P2_BACK
[2026-08-25 11:54:17] [544/1627] Dumping FI_PN_TH_ARREAR2P2_TEMP ...
[2026-08-25 11:54:17] [544/1627] OK FI_PN_TH_ARREAR2P2_TEMP
[2026-08-25 11:54:17] [545/1627] Dumping FI_PN_TH_ARREAR_CON ...
[2026-08-25 11:54:21] [545/1627] OK FI_PN_TH_ARREAR_CON
[2026-08-25 11:54:21] [546/1627] Dumping FI_PN_TH_ARREAR_CON_DEATH ...
[2026-08-25 11:54:22] [546/1627] OK FI_PN_TH_ARREAR_CON_DEATH
[2026-08-25 11:54:22] [547/1627] Dumping FI_PN_TH_ARREAR_CON_FAM ...
[2026-08-25 11:54:27] [547/1627] OK FI_PN_TH_ARREAR_CON_FAM
[2026-08-25 11:54:27] [548/1627] Dumping FI_PN_TH_ARREAR_CON_HIS ...
[2026-08-25 11:54:31] [548/1627] OK FI_PN_TH_ARREAR_CON_HIS
[2026-08-25 11:54:31] [549/1627] Dumping FI_PN_TH_ARREAR_CON_LIC ...
[2026-08-25 11:54:32] [549/1627] OK FI_PN_TH_ARREAR_CON_LIC
[2026-08-25 11:54:32] [550/1627] Dumping FI_PN_TH_ARREAR_LIC_DEATH ...
[2026-08-25 11:54:32] [550/1627] OK FI_PN_TH_ARREAR_LIC_DEATH
[2026-08-25 11:54:32] [551/1627] Dumping FI_PN_TH_ARREAR_WEB ...
[2026-08-25 11:54:40] [551/1627] OK FI_PN_TH_ARREAR_WEB
[2026-08-25 11:54:40] [552/1627] Dumping FI_PN_TH_ARR_CON_FAM_SC ...
[2026-08-25 11:54:41] [552/1627] OK FI_PN_TH_ARR_CON_FAM_SC
[2026-08-25 11:54:41] [553/1627] Dumping FI_PN_TH_ARR_CON_SC ...
[2026-08-25 11:54:41] [553/1627] OK FI_PN_TH_ARR_CON_SC
[2026-08-25 11:54:41] [554/1627] Dumping FI_PN_TH_BANKRECOV ...
[2026-08-25 11:54:41] [554/1627] OK FI_PN_TH_BANKRECOV
[2026-08-25 11:54:41] [555/1627] Dumping FI_PN_TH_BANKRECOV_H ...
[2026-08-25 11:54:41] [555/1627] OK FI_PN_TH_BANKRECOV_H
[2026-08-25 11:54:41] [556/1627] Dumping FI_PN_TH_BASIC_CHANGE_ARR ...
[2026-08-25 11:54:41] [556/1627] OK FI_PN_TH_BASIC_CHANGE_ARR
[2026-08-25 11:54:41] [557/1627] Dumping FI_PN_TH_BASIC_CHANGE_ARR_126 ...
[2026-08-25 11:54:42] [557/1627] OK FI_PN_TH_BASIC_CHANGE_ARR_126
[2026-08-25 11:54:42] [558/1627] Dumping FI_PN_TH_BILLPASS ...
[2026-08-25 11:54:47] [558/1627] OK FI_PN_TH_BILLPASS
[2026-08-25 11:54:47] [559/1627] Dumping FI_PN_TH_COMBILL ...
[2026-08-25 11:54:47] [559/1627] OK FI_PN_TH_COMBILL
[2026-08-25 11:54:47] [560/1627] Dumping FI_PN_TH_CON_CPI_N ...
[2026-08-25 11:54:47] [560/1627] OK FI_PN_TH_CON_CPI_N
[2026-08-25 11:54:47] [561/1627] Dumping FI_PN_TH_CON_DEATH ...
[2026-08-25 11:54:48] [561/1627] OK FI_PN_TH_CON_DEATH
[2026-08-25 11:54:48] [562/1627] Dumping FI_PN_TH_CON_DEATH_LIC ...
[2026-08-25 11:54:48] [562/1627] OK FI_PN_TH_CON_DEATH_LIC
[2026-08-25 11:54:48] [563/1627] Dumping FI_PN_TH_CON_DEATH_TEST ...
[2026-08-25 11:54:49] [563/1627] OK FI_PN_TH_CON_DEATH_TEST
[2026-08-25 11:54:49] [564/1627] Dumping FI_PN_TH_CON_FAM_MULTI ...
[2026-08-25 11:54:49] [564/1627] OK FI_PN_TH_CON_FAM_MULTI
[2026-08-25 11:54:49] [565/1627] Dumping FI_PN_TH_CON_FAM_MULTI_LIC ...
[2026-08-25 11:54:49] [565/1627] OK FI_PN_TH_CON_FAM_MULTI_LIC
[2026-08-25 11:54:49] [566/1627] Dumping FI_PN_TH_CON_LIC_DEATH ...
[2026-08-25 11:54:49] [566/1627] OK FI_PN_TH_CON_LIC_DEATH
[2026-08-25 11:54:49] [567/1627] Dumping FI_PN_TH_CON_LIC_NORMAL ...
[2026-08-25 11:54:50] [567/1627] OK FI_PN_TH_CON_LIC_NORMAL
[2026-08-25 11:54:50] [568/1627] Dumping FI_PN_TH_CON_LIC_NORMAL_COPY ...
[2026-08-25 11:54:50] [568/1627] OK FI_PN_TH_CON_LIC_NORMAL_COPY
[2026-08-25 11:54:50] [569/1627] Dumping FI_PN_TH_CON_NORMAL ...
[2026-08-25 11:54:55] [569/1627] OK FI_PN_TH_CON_NORMAL
[2026-08-25 11:54:55] [570/1627] Dumping FI_PN_TH_CON_NORMAL_1 ...
[2026-08-25 11:54:57] [570/1627] OK FI_PN_TH_CON_NORMAL_1
[2026-08-25 11:54:57] [571/1627] Dumping FI_PN_TH_CON_NORMAL_2 ...
[2026-08-25 11:54:58] [571/1627] OK FI_PN_TH_CON_NORMAL_2
[2026-08-25 11:54:58] [572/1627] Dumping FI_PN_TH_CON_NORMAL_3 ...
[2026-08-25 11:54:59] [572/1627] OK FI_PN_TH_CON_NORMAL_3
[2026-08-25 11:54:59] [573/1627] Dumping FI_PN_TH_CON_NORMAL_4 ...
[2026-08-25 11:55:00] [573/1627] OK FI_PN_TH_CON_NORMAL_4
[2026-08-25 11:55:00] [574/1627] Dumping FI_PN_TH_CON_NORMAL_5 ...
[2026-08-25 11:55:00] [574/1627] OK FI_PN_TH_CON_NORMAL_5
[2026-08-25 11:55:00] [575/1627] Dumping FI_PN_TH_CON_NORMAL_SPL ...
[2026-08-25 11:55:00] [575/1627] OK FI_PN_TH_CON_NORMAL_SPL
[2026-08-25 11:55:00] [576/1627] Dumping FI_PN_TH_DEATH2P2_ACP_LIC ...
[2026-08-25 11:55:01] [576/1627] OK FI_PN_TH_DEATH2P2_ACP_LIC
[2026-08-25 11:55:01] [577/1627] Dumping FI_PN_TH_DEATH2P2_ACP_LIC_BKP ...
[2026-08-25 11:55:01] [577/1627] OK FI_PN_TH_DEATH2P2_ACP_LIC_BKP
[2026-08-25 11:55:01] [578/1627] Dumping FI_PN_TH_DECEASED_OLDAGE ...
[2026-08-25 11:55:01] [578/1627] OK FI_PN_TH_DECEASED_OLDAGE
[2026-08-25 11:55:01] [579/1627] Dumping FI_PN_TH_DED_PEN_CAL ...
[2026-08-25 11:55:01] [579/1627] OK FI_PN_TH_DED_PEN_CAL
[2026-08-25 11:55:01] [580/1627] Dumping FI_PN_TH_ERRLOG_SU ...
[2026-08-25 11:55:01] [580/1627] OK FI_PN_TH_ERRLOG_SU
[2026-08-25 11:55:01] [581/1627] Dumping FI_PN_TH_ERROR_LOG ...
[2026-08-25 11:55:02] [581/1627] OK FI_PN_TH_ERROR_LOG
[2026-08-25 11:55:02] [582/1627] Dumping FI_PN_TH_ERROR_LOG_REV ...
[2026-08-25 11:55:02] [582/1627] OK FI_PN_TH_ERROR_LOG_REV
[2026-08-25 11:55:02] [583/1627] Dumping FI_PN_TH_ERROR_PEN_CAL ...
[2026-08-25 11:55:02] [583/1627] OK FI_PN_TH_ERROR_PEN_CAL
[2026-08-25 11:55:02] [584/1627] Dumping FI_PN_TH_EXGRATIA_BILL ...
[2026-08-25 11:55:02] [584/1627] OK FI_PN_TH_EXGRATIA_BILL
[2026-08-25 11:55:02] [585/1627] Dumping FI_PN_TH_EXG_BCK ...
[2026-08-25 11:55:02] [585/1627] OK FI_PN_TH_EXG_BCK
[2026-08-25 11:55:02] [586/1627] Dumping FI_PN_TH_EXG_TMP ...
[2026-08-25 11:55:02] [586/1627] OK FI_PN_TH_EXG_TMP
[2026-08-25 11:55:02] [587/1627] Dumping FI_PN_TH_FAMILY_ACP_LIC ...
[2026-08-25 11:55:03] [587/1627] OK FI_PN_TH_FAMILY_ACP_LIC
[2026-08-25 11:55:03] [588/1627] Dumping FI_PN_TH_FAM_LIC_DEATH ...
[2026-08-25 11:55:03] [588/1627] OK FI_PN_TH_FAM_LIC_DEATH
[2026-08-25 11:55:03] [589/1627] Dumping FI_PN_TH_FIRST_MONTH_EXG ...
[2026-08-25 11:55:03] [589/1627] OK FI_PN_TH_FIRST_MONTH_EXG
[2026-08-25 11:55:03] [590/1627] Dumping FI_PN_TH_FIRST_MONTH_FPEN ...
[2026-08-25 11:55:12] [590/1627] OK FI_PN_TH_FIRST_MONTH_FPEN
[2026-08-25 11:55:12] [591/1627] Dumping FI_PN_TH_FIRST_MONTH_FPENSION ...
[2026-08-25 11:55:25] [591/1627] OK FI_PN_TH_FIRST_MONTH_FPENSION
[2026-08-25 11:55:25] [592/1627] Dumping FI_PN_TH_FIRST_MONTH_FPENSIOQL ...
[2026-08-25 11:55:31] [592/1627] OK FI_PN_TH_FIRST_MONTH_FPENSIOQL
[2026-08-25 11:55:32] [593/1627] Dumping FI_PN_TH_FIRST_MONTH_PENSION ...
[2026-08-25 11:55:47] [593/1627] OK FI_PN_TH_FIRST_MONTH_PENSION
[2026-08-25 11:55:47] [594/1627] Dumping FI_PN_TH_FIRST_MONTH_PEN_EXC ...
[2026-08-25 11:55:47] [594/1627] OK FI_PN_TH_FIRST_MONTH_PEN_EXC
[2026-08-25 11:55:47] [595/1627] Dumping FI_PN_TH_FIRST_MONTH_PEN_REV ...
[2026-08-25 11:55:47] [595/1627] OK FI_PN_TH_FIRST_MONTH_PEN_REV
[2026-08-25 11:55:47] [596/1627] Dumping FI_PN_TH_FIRST_MONTH_TEST ...
[2026-08-25 11:55:56] [596/1627] OK FI_PN_TH_FIRST_MONTH_TEST
[2026-08-25 11:55:56] [597/1627] Dumping FI_PN_TH_FIRST_MTH_EXG_BKUP ...
[2026-08-25 11:55:56] [597/1627] OK FI_PN_TH_FIRST_MTH_EXG_BKUP
[2026-08-25 11:55:56] [598/1627] Dumping FI_PN_TH_FPENSION_BILL ...
[2026-08-25 11:55:56] [598/1627] OK FI_PN_TH_FPENSION_BILL
[2026-08-25 11:55:56] [599/1627] Dumping FI_PN_TH_FPENSION_TMP ...
[2026-08-25 11:55:57] [599/1627] OK FI_PN_TH_FPENSION_TMP
[2026-08-25 11:55:57] [600/1627] Dumping FI_PN_TH_G20_BILL ...
[2026-08-25 11:55:57] [600/1627] OK FI_PN_TH_G20_BILL
[2026-08-25 11:55:57] [601/1627] Dumping FI_PN_TH_GRAD_VOUCHER ...
[2026-08-25 11:55:58] [601/1627] OK FI_PN_TH_GRAD_VOUCHER
[2026-08-25 11:55:58] [602/1627] Dumping FI_PN_TH_INTMNTH_DEDN ...
[2026-08-25 11:55:58] [602/1627] OK FI_PN_TH_INTMNTH_DEDN
[2026-08-25 11:55:58] [603/1627] Dumping FI_PN_TH_INTMNTH_DEDN_REV ...
[2026-08-25 11:55:58] [603/1627] OK FI_PN_TH_INTMNTH_DEDN_REV
[2026-08-25 11:55:58] [604/1627] Dumping FI_PN_TH_INT_DEDUCTION ...
[2026-08-25 11:55:59] [604/1627] OK FI_PN_TH_INT_DEDUCTION
[2026-08-25 11:55:59] [605/1627] Dumping FI_PN_TH_JV ...
[2026-08-25 11:56:03] [605/1627] OK FI_PN_TH_JV
[2026-08-25 11:56:03] [606/1627] Dumping FI_PN_TH_JV_BKP ...
[2026-08-25 11:56:05] [606/1627] OK FI_PN_TH_JV_BKP
[2026-08-25 11:56:05] [607/1627] Dumping FI_PN_TH_LC_PENSIONER ...
[2026-08-25 11:56:06] [607/1627] OK FI_PN_TH_LC_PENSIONER
[2026-08-25 11:56:06] [608/1627] Dumping FI_PN_TH_MACP_FAMILY ...
[2026-08-25 11:56:06] [608/1627] OK FI_PN_TH_MACP_FAMILY
[2026-08-25 11:56:06] [609/1627] Dumping FI_PN_TH_MACP_LIC_FAMILY ...
[2026-08-25 11:56:06] [609/1627] OK FI_PN_TH_MACP_LIC_FAMILY
[2026-08-25 11:56:06] [610/1627] Dumping FI_PN_TH_MACP_LIC_NORMAL ...
[2026-08-25 11:56:07] [610/1627] OK FI_PN_TH_MACP_LIC_NORMAL
[2026-08-25 11:56:07] [611/1627] Dumping FI_PN_TH_MACP_NORMAL ...
[2026-08-25 11:56:07] [611/1627] OK FI_PN_TH_MACP_NORMAL
[2026-08-25 11:56:07] [612/1627] Dumping FI_PN_TH_MONTHLY_EXG ...
[2026-08-25 11:56:09] [612/1627] OK FI_PN_TH_MONTHLY_EXG
[2026-08-25 11:56:09] [613/1627] Dumping FI_PN_TH_NOM_LT_PENSION ...
[2026-08-25 11:56:09] [613/1627] OK FI_PN_TH_NOM_LT_PENSION
[2026-08-25 11:56:09] [614/1627] Dumping FI_PN_TH_NOM_LT_PENSION_BK ...
[2026-08-25 11:56:09] [614/1627] OK FI_PN_TH_NOM_LT_PENSION_BK
[2026-08-25 11:56:09] [615/1627] Dumping FI_PN_TH_NOM_LT_PENSION_BKP ...
[2026-08-25 11:56:10] [615/1627] OK FI_PN_TH_NOM_LT_PENSION_BKP
[2026-08-25 11:56:10] [616/1627] Dumping FI_PN_TH_NOM_LT_PENSION_HIST ...
[2026-08-25 11:56:10] [616/1627] OK FI_PN_TH_NOM_LT_PENSION_HIST
[2026-08-25 11:56:10] [617/1627] Dumping FI_PN_TH_NOM_LT_PENSION_RAW ...
[2026-08-25 11:56:10] [617/1627] OK FI_PN_TH_NOM_LT_PENSION_RAW
[2026-08-25 11:56:10] [618/1627] Dumping FI_PN_TH_NOM_LT_PENSION_SANDIP ...
[2026-08-25 11:56:11] [618/1627] OK FI_PN_TH_NOM_LT_PENSION_SANDIP
[2026-08-25 11:56:11] [619/1627] Dumping FI_PN_TH_OFFICER_CONS ...
[2026-08-25 11:56:11] [619/1627] OK FI_PN_TH_OFFICER_CONS
[2026-08-25 11:56:11] [620/1627] Dumping FI_PN_TH_OFFICER_CONS_BKP ...
[2026-08-25 11:56:12] [620/1627] OK FI_PN_TH_OFFICER_CONS_BKP
[2026-08-25 11:56:12] [621/1627] Dumping FI_PN_TH_OFFICER_CONS_BKP_BKP ...
[2026-08-25 11:56:12] [621/1627] OK FI_PN_TH_OFFICER_CONS_BKP_BKP
[2026-08-25 11:56:12] [622/1627] Dumping FI_PN_TH_OFFICER_CONS_LIC ...
[2026-08-25 11:56:12] [622/1627] OK FI_PN_TH_OFFICER_CONS_LIC
[2026-08-25 11:56:12] [623/1627] Dumping FI_PN_TH_OFFICER_CONS_LIC_HIST ...
[2026-08-25 11:56:12] [623/1627] OK FI_PN_TH_OFFICER_CONS_LIC_HIST
[2026-08-25 11:56:12] [624/1627] Dumping FI_PN_TH_OFFICER_CONS_NEW ...
[2026-08-25 11:56:12] [624/1627] OK FI_PN_TH_OFFICER_CONS_NEW
[2026-08-25 11:56:12] [625/1627] Dumping FI_PN_TH_OFFI_SPL_PEN ...
[2026-08-25 11:56:12] [625/1627] OK FI_PN_TH_OFFI_SPL_PEN
[2026-08-25 11:56:12] [626/1627] Dumping FI_PN_TH_OFFI_SPL_PEN_BKP ...
[2026-08-25 11:56:13] [626/1627] OK FI_PN_TH_OFFI_SPL_PEN_BKP
[2026-08-25 11:56:13] [627/1627] Dumping FI_PN_TH_OFFI_SPL_PEN_OLD ...
[2026-08-25 11:56:13] [627/1627] OK FI_PN_TH_OFFI_SPL_PEN_OLD
[2026-08-25 11:56:13] [628/1627] Dumping FI_PN_TH_OLDAGE_ARREAR ...
[2026-08-25 11:56:13] [628/1627] OK FI_PN_TH_OLDAGE_ARREAR
[2026-08-25 11:56:13] [629/1627] Dumping FI_PN_TH_OLDAGE_ARREAR1 ...
[2026-08-25 11:56:14] [629/1627] OK FI_PN_TH_OLDAGE_ARREAR1
[2026-08-25 11:56:14] [630/1627] Dumping FI_PN_TH_OLDAGE_ARREAR2 ...
[2026-08-25 11:56:14] [630/1627] OK FI_PN_TH_OLDAGE_ARREAR2
[2026-08-25 11:56:14] [631/1627] Dumping FI_PN_TH_OLDAGE_ARREAR3 ...
[2026-08-25 11:56:15] [631/1627] OK FI_PN_TH_OLDAGE_ARREAR3
[2026-08-25 11:56:15] [632/1627] Dumping FI_PN_TH_PENSION_BILL ...
[2026-08-25 11:56:19] [632/1627] OK FI_PN_TH_PENSION_BILL
[2026-08-25 11:56:19] [633/1627] Dumping FI_PN_TH_PENSION_BILL_ARPAN ...
[2026-08-25 11:56:19] [633/1627] OK FI_PN_TH_PENSION_BILL_ARPAN
[2026-08-25 11:56:19] [634/1627] Dumping FI_PN_TH_PENSION_BILL_BKP ...
[2026-08-25 11:56:22] [634/1627] OK FI_PN_TH_PENSION_BILL_BKP
[2026-08-25 11:56:22] [635/1627] Dumping FI_PN_TH_PENSION_BILL_EXC ...
[2026-08-25 11:56:22] [635/1627] OK FI_PN_TH_PENSION_BILL_EXC
[2026-08-25 11:56:22] [636/1627] Dumping FI_PN_TH_PENSION_TMP ...
[2026-08-25 11:56:25] [636/1627] OK FI_PN_TH_PENSION_TMP
[2026-08-25 11:56:25] [637/1627] Dumping FI_PN_TH_PEN_CAL ...
[2026-08-25 11:56:25] [637/1627] OK FI_PN_TH_PEN_CAL
[2026-08-25 11:56:25] [638/1627] Dumping FI_PN_TH_REV_ARR ...
[2026-08-25 11:56:26] [638/1627] OK FI_PN_TH_REV_ARR
[2026-08-25 11:56:26] [639/1627] Dumping FI_PN_TH_REV_ARR_BKP ...
[2026-08-25 11:56:26] [639/1627] OK FI_PN_TH_REV_ARR_BKP
[2026-08-25 11:56:26] [640/1627] Dumping FI_PN_TH_REV_ARR_FAMILY ...
[2026-08-25 11:56:26] [640/1627] OK FI_PN_TH_REV_ARR_FAMILY
[2026-08-25 11:56:26] [641/1627] Dumping FI_PN_TH_REV_ARR_SANDIP ...
[2026-08-25 11:56:26] [641/1627] OK FI_PN_TH_REV_ARR_SANDIP
[2026-08-25 11:56:26] [642/1627] Dumping FI_PN_TH_SALOUT ...
[2026-08-25 11:56:42] [642/1627] OK FI_PN_TH_SALOUT
[2026-08-25 11:56:43] [643/1627] Dumping FI_PN_TH_SALOUT_EXC ...
[2026-08-25 11:56:43] [643/1627] OK FI_PN_TH_SALOUT_EXC
[2026-08-25 11:56:43] [644/1627] Dumping FI_PN_TH_SEPCOM ...
[2026-08-25 11:56:43] [644/1627] OK FI_PN_TH_SEPCOM
[2026-08-25 11:56:43] [645/1627] Dumping FI_PN_TH_SPL_CASES ...
[2026-08-25 11:56:43] [645/1627] OK FI_PN_TH_SPL_CASES
[2026-08-25 11:56:43] [646/1627] Dumping FI_PN_TH_SYSTEM_MGR ...
[2026-08-25 11:56:44] [646/1627] OK FI_PN_TH_SYSTEM_MGR
[2026-08-25 11:56:44] [647/1627] Dumping FI_PN_TH_VOUCHER ...
[2026-08-25 11:56:44] [647/1627] OK FI_PN_TH_VOUCHER
[2026-08-25 11:56:44] [648/1627] Dumping FI_PN_TH_VOUCHER_HIST ...
[2026-08-25 11:56:44] [648/1627] OK FI_PN_TH_VOUCHER_HIST
[2026-08-25 11:56:44] [649/1627] Dumping FI_PN_TH_WAGE_REV_DEATH ...
[2026-08-25 11:56:44] [649/1627] OK FI_PN_TH_WAGE_REV_DEATH
[2026-08-25 11:56:44] [650/1627] Dumping FI_PN_TH_WAGE_REV_FAMILY ...
[2026-08-25 11:56:45] [650/1627] OK FI_PN_TH_WAGE_REV_FAMILY
[2026-08-25 11:56:45] [651/1627] Dumping FI_PN_TH_WAGE_REV_NORMAL ...
[2026-08-25 11:56:45] [651/1627] OK FI_PN_TH_WAGE_REV_NORMAL
[2026-08-25 11:56:45] [652/1627] Dumping FI_PN_TH_WAGE_REV_NORMAL_BKP ...
[2026-08-25 11:56:45] [652/1627] OK FI_PN_TH_WAGE_REV_NORMAL_BKP
[2026-08-25 11:56:45] [653/1627] Dumping FI_PN_TQS_FAM_PENSIONER ...
[2026-08-25 11:56:45] [653/1627] OK FI_PN_TQS_FAM_PENSIONER
[2026-08-25 11:56:45] [654/1627] Dumping FI_PN_TQS_FAM_PENSIONER_DTL ...
[2026-08-25 11:56:45] [654/1627] OK FI_PN_TQS_FAM_PENSIONER_DTL
[2026-08-25 11:56:45] [655/1627] Dumping FI_PN_TQS_PENSIONER ...
[2026-08-25 11:56:46] [655/1627] OK FI_PN_TQS_PENSIONER
[2026-08-25 11:56:46] [656/1627] Dumping FI_PN_TQS_PENSIONER_DTL ...
[2026-08-25 11:56:46] [656/1627] OK FI_PN_TQS_PENSIONER_DTL
[2026-08-25 11:56:46] [657/1627] Dumping FI_PN_TRANSFER_BANK_RATHIN ...
[2026-08-25 11:56:46] [657/1627] OK FI_PN_TRANSFER_BANK_RATHIN
[2026-08-25 11:56:46] [658/1627] Dumping FI_PN_TRANSFER_BANK_TEXT ...
[2026-08-25 11:56:47] [658/1627] OK FI_PN_TRANSFER_BANK_TEXT
[2026-08-25 11:56:47] [659/1627] Dumping FI_PN_UNPAID_DATA ...
[2026-08-25 11:56:48] [659/1627] OK FI_PN_UNPAID_DATA
[2026-08-25 11:56:48] [660/1627] Dumping FI_PN_VOU_PARTICULARS ...
[2026-08-25 11:56:48] [660/1627] OK FI_PN_VOU_PARTICULARS
[2026-08-25 11:56:48] [661/1627] Dumping FI_PN_VOU_TYPE ...
[2026-08-25 11:56:48] [661/1627] OK FI_PN_VOU_TYPE
[2026-08-25 11:56:48] [662/1627] Dumping FI_PN_WAGE_2017_DTL ...
[2026-08-25 11:56:49] [662/1627] OK FI_PN_WAGE_2017_DTL
[2026-08-25 11:56:49] [663/1627] Dumping FI_PN_WAGE_2017_DTL_BUNCH ...
[2026-08-25 11:56:50] [663/1627] OK FI_PN_WAGE_2017_DTL_BUNCH
[2026-08-25 11:56:50] [664/1627] Dumping FI_PN_WAGE_2017_DTL_BUNCH_BKP ...
[2026-08-25 11:56:50] [664/1627] OK FI_PN_WAGE_2017_DTL_BUNCH_BKP
[2026-08-25 11:56:50] [665/1627] Dumping FI_PN_WAGE_2017_DTL_OFFI1 ...
[2026-08-25 11:56:50] [665/1627] OK FI_PN_WAGE_2017_DTL_OFFI1
[2026-08-25 11:56:50] [666/1627] Dumping FI_PN_WAGE_2017_DTL_OFFI2 ...
[2026-08-25 11:56:54] [666/1627] OK FI_PN_WAGE_2017_DTL_OFFI2
[2026-08-25 11:56:54] [667/1627] Dumping FI_PN_WAGE_2017_DTL_SEC ...
[2026-08-25 11:56:59] [667/1627] OK FI_PN_WAGE_2017_DTL_SEC
[2026-08-25 11:56:59] [668/1627] Dumping FI_PN_WAGE_2017_DTL_SEC_DEL ...
[2026-08-25 11:56:59] [668/1627] OK FI_PN_WAGE_2017_DTL_SEC_DEL
[2026-08-25 11:56:59] [669/1627] Dumping FI_PN_WAGE_2017_DTL_SEC_SINGLE ...
[2026-08-25 11:56:59] [669/1627] OK FI_PN_WAGE_2017_DTL_SEC_SINGLE
[2026-08-25 11:56:59] [670/1627] Dumping FI_PN_WAGE_2017_DTL_THIRD ...
[2026-08-25 11:57:56] [670/1627] OK FI_PN_WAGE_2017_DTL_THIRD
[2026-08-25 11:57:56] [671/1627] Dumping FI_PN_WAGE_2017_DTL_THIRD_126 ...
[2026-08-25 11:57:56] [671/1627] OK FI_PN_WAGE_2017_DTL_THIRD_126
[2026-08-25 11:57:56] [672/1627] Dumping FI_PN_WAGE_2017_DTL_THIRD_EX ...
[2026-08-25 11:57:57] [672/1627] OK FI_PN_WAGE_2017_DTL_THIRD_EX
[2026-08-25 11:57:57] [673/1627] Dumping FI_PN_WAGE_2017_DTL_THIRD_LCNO ...
[2026-08-25 11:57:59] [673/1627] OK FI_PN_WAGE_2017_DTL_THIRD_LCNO
[2026-08-25 11:57:59] [674/1627] Dumping FI_PN_WAGE_2017_HDR ...
[2026-08-25 11:57:59] [674/1627] OK FI_PN_WAGE_2017_HDR
[2026-08-25 11:57:59] [675/1627] Dumping FI_PN_WAGE_2017_HDR_BUNCH ...
[2026-08-25 11:57:59] [675/1627] OK FI_PN_WAGE_2017_HDR_BUNCH
[2026-08-25 11:57:59] [676/1627] Dumping FI_PN_WAGE_2017_HDR_OFFI1 ...
[2026-08-25 11:57:59] [676/1627] OK FI_PN_WAGE_2017_HDR_OFFI1
[2026-08-25 11:57:59] [677/1627] Dumping FI_PN_WAGE_2017_HDR_OFFI2 ...
[2026-08-25 11:58:00] [677/1627] OK FI_PN_WAGE_2017_HDR_OFFI2
[2026-08-25 11:58:00] [678/1627] Dumping FI_PN_WAGE_2017_HDR_SEC ...
[2026-08-25 11:58:01] [678/1627] OK FI_PN_WAGE_2017_HDR_SEC
[2026-08-25 11:58:01] [679/1627] Dumping FI_PN_WAGE_2017_HDR_SEC_DEL ...
[2026-08-25 11:58:01] [679/1627] OK FI_PN_WAGE_2017_HDR_SEC_DEL
[2026-08-25 11:58:01] [680/1627] Dumping FI_PN_WAGE_2017_HDR_TAN ...
[2026-08-25 11:58:02] [680/1627] OK FI_PN_WAGE_2017_HDR_TAN
[2026-08-25 11:58:02] [681/1627] Dumping FI_PN_WAGE_2017_HDR_TANU ...
[2026-08-25 11:58:02] [681/1627] OK FI_PN_WAGE_2017_HDR_TANU
[2026-08-25 11:58:02] [682/1627] Dumping FI_PN_WAGE_2017_HDR_THIRD ...
[2026-08-25 11:58:12] [682/1627] OK FI_PN_WAGE_2017_HDR_THIRD
[2026-08-25 11:58:12] [683/1627] Dumping FI_PN_WAGE_2017_HDR_THIRD_126 ...
[2026-08-25 11:58:12] [683/1627] OK FI_PN_WAGE_2017_HDR_THIRD_126
[2026-08-25 11:58:12] [684/1627] Dumping FI_PN_WAGE_2017_HDR_THIRD_2022 ...
[2026-08-25 11:58:15] [684/1627] OK FI_PN_WAGE_2017_HDR_THIRD_2022
[2026-08-25 11:58:15] [685/1627] Dumping FI_PN_WAGE_2017_HDR_THIRD_DEL ...
[2026-08-25 11:58:16] [685/1627] OK FI_PN_WAGE_2017_HDR_THIRD_DEL
[2026-08-25 11:58:16] [686/1627] Dumping FI_PN_WAGE_2017_HDR_THIRD_LCNO ...
[2026-08-25 11:58:17] [686/1627] OK FI_PN_WAGE_2017_HDR_THIRD_LCNO
[2026-08-25 11:58:17] [687/1627] Dumping FI_PN_WAGE_2022_DTL ...
[2026-08-25 11:58:18] [687/1627] OK FI_PN_WAGE_2022_DTL
[2026-08-25 11:58:18] [688/1627] Dumping FI_PN_WAGE_2022_DTL_280425 ...
[2026-08-25 11:58:20] [688/1627] OK FI_PN_WAGE_2022_DTL_280425
[2026-08-25 11:58:20] [689/1627] Dumping FI_PN_WAGE_2022_DTL_A ...
[2026-08-25 11:58:20] [689/1627] OK FI_PN_WAGE_2022_DTL_A
[2026-08-25 11:58:20] [690/1627] Dumping FI_PN_WAGE_2022_DTL_BKUP ...
[2026-08-25 11:58:20] [690/1627] OK FI_PN_WAGE_2022_DTL_BKUP
[2026-08-25 11:58:20] [691/1627] Dumping FI_PN_WAGE_2022_DTL_BKUP230625 ...
[2026-08-25 11:58:21] [691/1627] OK FI_PN_WAGE_2022_DTL_BKUP230625
[2026-08-25 11:58:21] [692/1627] Dumping FI_PN_WAGE_2022_DTL_DEATH ...
[2026-08-25 11:58:21] [692/1627] OK FI_PN_WAGE_2022_DTL_DEATH
[2026-08-25 11:58:21] [693/1627] Dumping FI_PN_WAGE_2022_DTL_FEB25 ...
[2026-08-25 11:58:22] [693/1627] OK FI_PN_WAGE_2022_DTL_FEB25
[2026-08-25 11:58:22] [694/1627] Dumping FI_PN_WAGE_2022_DTL_JUN25 ...
[2026-08-25 11:58:22] [694/1627] OK FI_PN_WAGE_2022_DTL_JUN25
[2026-08-25 11:58:22] [695/1627] Dumping FI_PN_WAGE_2022_DTL_PALAS ...
[2026-08-25 11:58:23] [695/1627] OK FI_PN_WAGE_2022_DTL_PALAS
[2026-08-25 11:58:23] [696/1627] Dumping FI_PN_WAGE_2022_DTL_PAL_280425 ...
[2026-08-25 11:58:24] [696/1627] OK FI_PN_WAGE_2022_DTL_PAL_280425
[2026-08-25 11:58:24] [697/1627] Dumping FI_PN_WAGE_2022_DTL_THIRD ...
[2026-08-25 11:59:21] [697/1627] OK FI_PN_WAGE_2022_DTL_THIRD
[2026-08-25 11:59:21] [698/1627] Dumping FI_PN_WAGE_2022_DTL_THIRD_BKP ...
[2026-08-25 12:00:13] [698/1627] OK FI_PN_WAGE_2022_DTL_THIRD_BKP
[2026-08-25 12:00:13] [699/1627] Dumping FI_PN_WAGE_2022_HDR ...
[2026-08-25 12:00:14] [699/1627] OK FI_PN_WAGE_2022_HDR
[2026-08-25 12:00:14] [700/1627] Dumping FI_PN_WAGE_2022_HDR_1 ...
[2026-08-25 12:00:14] [700/1627] OK FI_PN_WAGE_2022_HDR_1
[2026-08-25 12:00:14] [701/1627] Dumping FI_PN_WAGE_2022_HDR_120525 ...
[2026-08-25 12:00:14] [701/1627] OK FI_PN_WAGE_2022_HDR_120525
[2026-08-25 12:00:15] [702/1627] Dumping FI_PN_WAGE_2022_HDR_280425 ...
[2026-08-25 12:00:15] [702/1627] OK FI_PN_WAGE_2022_HDR_280425
[2026-08-25 12:00:15] [703/1627] Dumping FI_PN_WAGE_2022_HDR_BKUP ...
[2026-08-25 12:00:15] [703/1627] OK FI_PN_WAGE_2022_HDR_BKUP
[2026-08-25 12:00:15] [704/1627] Dumping FI_PN_WAGE_2022_HDR_BKUP230625 ...
[2026-08-25 12:00:16] [704/1627] OK FI_PN_WAGE_2022_HDR_BKUP230625
[2026-08-25 12:00:16] [705/1627] Dumping FI_PN_WAGE_2022_HDR_FEB25 ...
[2026-08-25 12:00:16] [705/1627] OK FI_PN_WAGE_2022_HDR_FEB25
[2026-08-25 12:00:16] [706/1627] Dumping FI_PN_WAGE_2022_HDR_JUN25 ...
[2026-08-25 12:00:17] [706/1627] OK FI_PN_WAGE_2022_HDR_JUN25
[2026-08-25 12:00:17] [707/1627] Dumping FI_PN_WAGE_2022_HDR_PALAS ...
[2026-08-25 12:00:18] [707/1627] OK FI_PN_WAGE_2022_HDR_PALAS
[2026-08-25 12:00:18] [708/1627] Dumping FI_PN_WAGE_2022_HDR_PAL_280425 ...
[2026-08-25 12:00:18] [708/1627] OK FI_PN_WAGE_2022_HDR_PAL_280425
[2026-08-25 12:00:18] [709/1627] Dumping FI_PN_WAGE_2022_HDR_THIRD ...
[2026-08-25 12:00:29] [709/1627] OK FI_PN_WAGE_2022_HDR_THIRD
[2026-08-25 12:00:29] [710/1627] Dumping FI_PN_WAGE_2022_HDR_THIRD0826 ...
[2026-08-25 12:00:42] [710/1627] OK FI_PN_WAGE_2022_HDR_THIRD0826
[2026-08-25 12:00:42] [711/1627] Dumping FI_PN_WAGE_2022_HDR_THIRD_BKP ...
[2026-08-25 12:00:53] [711/1627] OK FI_PN_WAGE_2022_HDR_THIRD_BKP
[2026-08-25 12:00:53] [712/1627] Dumping FI_PN_WAGE_2022_HDR_THIRD_DONE ...
[2026-08-25 12:00:55] [712/1627] OK FI_PN_WAGE_2022_HDR_THIRD_DONE
[2026-08-25 12:00:55] [713/1627] Dumping FI_PN_WAGE_2022_HDR_TRD_020925 ...
[2026-08-25 12:01:05] [713/1627] OK FI_PN_WAGE_2022_HDR_TRD_020925
[2026-08-25 12:01:05] [714/1627] Dumping FI_PN_WAGE_2022_HDR_TRD_220825 ...
[2026-08-25 12:01:15] [714/1627] OK FI_PN_WAGE_2022_HDR_TRD_220825
[2026-08-25 12:01:15] [715/1627] Dumping FI_PN_WAGE_2022_HDR_TRD_RET ...
[2026-08-25 12:01:16] [715/1627] OK FI_PN_WAGE_2022_HDR_TRD_RET
[2026-08-25 12:01:16] [716/1627] Dumping FI_PN_WAGE_2022_LEFT ...
[2026-08-25 12:01:16] [716/1627] OK FI_PN_WAGE_2022_LEFT
[2026-08-25 12:01:16] [717/1627] Dumping FI_PN_WAGE_2022_LEFT1 ...
[2026-08-25 12:01:17] [717/1627] OK FI_PN_WAGE_2022_LEFT1
[2026-08-25 12:01:17] [718/1627] Dumping FI_PN_WAGE_DTL_BUNCH_BKP_2208 ...
[2026-08-25 12:01:17] [718/1627] OK FI_PN_WAGE_DTL_BUNCH_BKP_2208
[2026-08-25 12:01:17] [719/1627] Dumping FI_PN_WAGE_SEC_BACKUP ...
[2026-08-25 12:01:17] [719/1627] OK FI_PN_WAGE_SEC_BACKUP
[2026-08-25 12:01:17] [720/1627] Dumping FI_PN_WRC_2017 ...
[2026-08-25 12:01:18] [720/1627] OK FI_PN_WRC_2017
[2026-08-25 12:01:18] [721/1627] Dumping FI_PR_2017_7PCT_OFFICER ...
[2026-08-25 12:01:18] [721/1627] OK FI_PR_2017_7PCT_OFFICER
[2026-08-25 12:01:18] [722/1627] Dumping FI_PR_50_1 ...
[2026-08-25 12:01:18] [722/1627] OK FI_PR_50_1
[2026-08-25 12:01:18] [723/1627] Dumping FI_PR_50_2 ...
[2026-08-25 12:01:18] [723/1627] OK FI_PR_50_2
[2026-08-25 12:01:18] [724/1627] Dumping FI_PR_50_3 ...
[2026-08-25 12:01:18] [724/1627] OK FI_PR_50_3
[2026-08-25 12:01:18] [725/1627] Dumping FI_PR_50_4 ...
[2026-08-25 12:01:18] [725/1627] OK FI_PR_50_4
[2026-08-25 12:01:18] [726/1627] Dumping FI_PR_55_1 ...
[2026-08-25 12:01:19] [726/1627] OK FI_PR_55_1
[2026-08-25 12:01:19] [727/1627] Dumping FI_PR_55_2 ...
[2026-08-25 12:01:19] [727/1627] OK FI_PR_55_2
[2026-08-25 12:01:19] [728/1627] Dumping FI_PR_55_3 ...
[2026-08-25 12:01:19] [728/1627] OK FI_PR_55_3
[2026-08-25 12:01:19] [729/1627] Dumping FI_PR_55_3_052017 ...
[2026-08-25 12:01:19] [729/1627] OK FI_PR_55_3_052017
[2026-08-25 12:01:19] [730/1627] Dumping FI_PR_55_4 ...
[2026-08-25 12:01:19] [730/1627] OK FI_PR_55_4
[2026-08-25 12:01:19] [731/1627] Dumping FI_PR_55_4_052017 ...
[2026-08-25 12:01:19] [731/1627] OK FI_PR_55_4_052017
[2026-08-25 12:01:19] [732/1627] Dumping FI_PR_AA ...
[2026-08-25 12:01:20] [732/1627] OK FI_PR_AA
[2026-08-25 12:01:20] [733/1627] Dumping FI_PR_ALLOWANCE_RATE ...
[2026-08-25 12:01:20] [733/1627] OK FI_PR_ALLOWANCE_RATE
[2026-08-25 12:01:20] [734/1627] Dumping FI_PR_ARR_BASIC_DA_HRA_0708 ...
[2026-08-25 12:01:36] [734/1627] OK FI_PR_ARR_BASIC_DA_HRA_0708
[2026-08-25 12:01:36] [735/1627] Dumping FI_PR_ARR_CAL_97 ...
[2026-08-25 12:01:36] [735/1627] OK FI_PR_ARR_CAL_97
[2026-08-25 12:01:36] [736/1627] Dumping FI_PR_ARR_CAL_97_15310 ...
[2026-08-25 12:01:36] [736/1627] OK FI_PR_ARR_CAL_97_15310
[2026-08-25 12:01:36] [737/1627] Dumping FI_PR_ARR_CAL_97_TEMP ...
[2026-08-25 12:01:37] [737/1627] OK FI_PR_ARR_CAL_97_TEMP
[2026-08-25 12:01:37] [738/1627] Dumping FI_PR_ARR_PAYMENT_LIST ...
[2026-08-25 12:01:37] [738/1627] OK FI_PR_ARR_PAYMENT_LIST
[2026-08-25 12:01:37] [739/1627] Dumping FI_PR_AUDIT_CAFE_EMP ...
[2026-08-25 12:01:37] [739/1627] OK FI_PR_AUDIT_CAFE_EMP
[2026-08-25 12:01:37] [740/1627] Dumping FI_PR_AUDIT_QUERY ...
[2026-08-25 12:01:37] [740/1627] OK FI_PR_AUDIT_QUERY
[2026-08-25 12:01:37] [741/1627] Dumping FI_PR_BASIC_01012007_WOB ...
[2026-08-25 12:01:37] [741/1627] OK FI_PR_BASIC_01012007_WOB
[2026-08-25 12:01:37] [742/1627] Dumping FI_PR_BASIC_2007WR_12 ...
[2026-08-25 12:01:37] [742/1627] OK FI_PR_BASIC_2007WR_12
[2026-08-25 12:01:37] [743/1627] Dumping FI_PR_BASIC_2007WR_12_BCK ...
[2026-08-25 12:01:38] [743/1627] OK FI_PR_BASIC_2007WR_12_BCK
[2026-08-25 12:01:38] [744/1627] Dumping FI_PR_BASIC_2007WR_12_BUNCH ...
[2026-08-25 12:01:38] [744/1627] OK FI_PR_BASIC_2007WR_12_BUNCH
[2026-08-25 12:01:38] [745/1627] Dumping FI_PR_BASIC_2007WR_12_BUNCH5 ...
[2026-08-25 12:01:38] [745/1627] OK FI_PR_BASIC_2007WR_12_BUNCH5
[2026-08-25 12:01:38] [746/1627] Dumping FI_PR_BASIC_2007WR_12_BUNCH5_A ...
[2026-08-25 12:01:38] [746/1627] OK FI_PR_BASIC_2007WR_12_BUNCH5_A
[2026-08-25 12:01:38] [747/1627] Dumping FI_PR_BASIC_2007WR_9100 ...
[2026-08-25 12:01:39] [747/1627] OK FI_PR_BASIC_2007WR_9100
[2026-08-25 12:01:39] [748/1627] Dumping FI_PR_BASIC_2007WR_BUNCH5_9100 ...
[2026-08-25 12:01:39] [748/1627] OK FI_PR_BASIC_2007WR_BUNCH5_9100
[2026-08-25 12:01:39] [749/1627] Dumping FI_PR_BASIC_2007WR_BUNCH5_BCK ...
[2026-08-25 12:01:39] [749/1627] OK FI_PR_BASIC_2007WR_BUNCH5_BCK
[2026-08-25 12:01:39] [750/1627] Dumping FI_PR_BASIC_2007WR_BUNCH5_NOV ...
[2026-08-25 12:01:39] [750/1627] OK FI_PR_BASIC_2007WR_BUNCH5_NOV
[2026-08-25 12:01:39] [751/1627] Dumping FI_PR_BASIC_2007WR_FAIC1 ...
[2026-08-25 12:01:39] [751/1627] OK FI_PR_BASIC_2007WR_FAIC1
[2026-08-25 12:01:39] [752/1627] Dumping FI_PR_BASIC_2007WR_FAIC10 ...
[2026-08-25 12:01:40] [752/1627] OK FI_PR_BASIC_2007WR_FAIC10
[2026-08-25 12:01:40] [753/1627] Dumping FI_PR_BASIC_2007WR_FAIC11 ...
[2026-08-25 12:01:40] [753/1627] OK FI_PR_BASIC_2007WR_FAIC11
[2026-08-25 12:01:40] [754/1627] Dumping FI_PR_BASIC_2007WR_FAIC13 ...
[2026-08-25 12:01:40] [754/1627] OK FI_PR_BASIC_2007WR_FAIC13
[2026-08-25 12:01:40] [755/1627] Dumping FI_PR_BASIC_2007WR_FAIC14 ...
[2026-08-25 12:01:40] [755/1627] OK FI_PR_BASIC_2007WR_FAIC14
[2026-08-25 12:01:40] [756/1627] Dumping FI_PR_BASIC_2007WR_FAIC15 ...
[2026-08-25 12:01:41] [756/1627] OK FI_PR_BASIC_2007WR_FAIC15
[2026-08-25 12:01:41] [757/1627] Dumping FI_PR_BASIC_2007WR_FAIC16 ...
[2026-08-25 12:01:41] [757/1627] OK FI_PR_BASIC_2007WR_FAIC16
[2026-08-25 12:01:41] [758/1627] Dumping FI_PR_BASIC_2007WR_FAIC16_BCK ...
[2026-08-25 12:01:41] [758/1627] OK FI_PR_BASIC_2007WR_FAIC16_BCK
[2026-08-25 12:01:41] [759/1627] Dumping FI_PR_BASIC_2007WR_FAIC1_V1 ...
[2026-08-25 12:01:41] [759/1627] OK FI_PR_BASIC_2007WR_FAIC1_V1
[2026-08-25 12:01:41] [760/1627] Dumping FI_PR_BASIC_2007WR_FAIC2 ...
[2026-08-25 12:01:41] [760/1627] OK FI_PR_BASIC_2007WR_FAIC2
[2026-08-25 12:01:41] [761/1627] Dumping FI_PR_BASIC_2007WR_FAIC2_V1 ...
[2026-08-25 12:01:42] [761/1627] OK FI_PR_BASIC_2007WR_FAIC2_V1
[2026-08-25 12:01:42] [762/1627] Dumping FI_PR_BASIC_2007WR_FAIC3 ...
[2026-08-25 12:01:42] [762/1627] OK FI_PR_BASIC_2007WR_FAIC3
[2026-08-25 12:01:42] [763/1627] Dumping FI_PR_BASIC_2007WR_FAIC3_V1 ...
[2026-08-25 12:01:42] [763/1627] OK FI_PR_BASIC_2007WR_FAIC3_V1
[2026-08-25 12:01:42] [764/1627] Dumping FI_PR_BASIC_2007WR_FAIC4 ...
[2026-08-25 12:01:42] [764/1627] OK FI_PR_BASIC_2007WR_FAIC4
[2026-08-25 12:01:42] [765/1627] Dumping FI_PR_BASIC_2007WR_FAIC4_V1 ...
[2026-08-25 12:01:42] [765/1627] OK FI_PR_BASIC_2007WR_FAIC4_V1
[2026-08-25 12:01:42] [766/1627] Dumping FI_PR_BASIC_2007WR_FAIC5 ...
[2026-08-25 12:01:43] [766/1627] OK FI_PR_BASIC_2007WR_FAIC5
[2026-08-25 12:01:43] [767/1627] Dumping FI_PR_BASIC_2007WR_FAIC5_V1 ...
[2026-08-25 12:01:43] [767/1627] OK FI_PR_BASIC_2007WR_FAIC5_V1
[2026-08-25 12:01:43] [768/1627] Dumping FI_PR_BASIC_2007WR_FAIC6 ...
[2026-08-25 12:01:43] [768/1627] OK FI_PR_BASIC_2007WR_FAIC6
[2026-08-25 12:01:43] [769/1627] Dumping FI_PR_BASIC_2007WR_FAIC7 ...
[2026-08-25 12:01:43] [769/1627] OK FI_PR_BASIC_2007WR_FAIC7
[2026-08-25 12:01:43] [770/1627] Dumping FI_PR_BASIC_2007WR_FAIC8 ...
[2026-08-25 12:01:44] [770/1627] OK FI_PR_BASIC_2007WR_FAIC8
[2026-08-25 12:01:44] [771/1627] Dumping FI_PR_BASIC_2007WR_FAIC9 ...
[2026-08-25 12:01:44] [771/1627] OK FI_PR_BASIC_2007WR_FAIC9
[2026-08-25 12:01:44] [772/1627] Dumping FI_PR_BASIC_2007WR_FAIC9_JUL11 ...
[2026-08-25 12:01:44] [772/1627] OK FI_PR_BASIC_2007WR_FAIC9_JUL11
[2026-08-25 12:01:44] [773/1627] Dumping FI_PR_BASIC_2007WR_UPGRD ...
[2026-08-25 12:01:44] [773/1627] OK FI_PR_BASIC_2007WR_UPGRD
[2026-08-25 12:01:44] [774/1627] Dumping FI_PR_BASIC_AMT_CHECK_WOB ...
[2026-08-25 12:01:44] [774/1627] OK FI_PR_BASIC_AMT_CHECK_WOB
[2026-08-25 12:01:44] [775/1627] Dumping FI_PR_BASIC_DEC_2006_OFFICER ...
[2026-08-25 12:01:45] [775/1627] OK FI_PR_BASIC_DEC_2006_OFFICER
[2026-08-25 12:01:45] [776/1627] Dumping FI_PR_BASIC_DEC_2006_OFFICER16 ...
[2026-08-25 12:01:45] [776/1627] OK FI_PR_BASIC_DEC_2006_OFFICER16
[2026-08-25 12:01:45] [777/1627] Dumping FI_PR_BASIC_DEC_2006_OFFICER_M ...
[2026-08-25 12:01:45] [777/1627] OK FI_PR_BASIC_DEC_2006_OFFICER_M
[2026-08-25 12:01:45] [778/1627] Dumping FI_PR_BASIC_DEC_2006_OFF_2016 ...
[2026-08-25 12:01:45] [778/1627] OK FI_PR_BASIC_DEC_2006_OFF_2016
[2026-08-25 12:01:45] [779/1627] Dumping FI_PR_BASIC_DEC_2006_OFF_2022 ...
[2026-08-25 12:01:45] [779/1627] OK FI_PR_BASIC_DEC_2006_OFF_2022
[2026-08-25 12:01:45] [780/1627] Dumping FI_PR_BB ...
[2026-08-25 12:01:46] [780/1627] OK FI_PR_BB
[2026-08-25 12:01:46] [781/1627] Dumping FI_PR_BUDJET_COST_CNTR ...
[2026-08-25 12:01:46] [781/1627] OK FI_PR_BUDJET_COST_CNTR
[2026-08-25 12:01:46] [782/1627] Dumping FI_PR_CHEQUE_DEPOSITE ...
[2026-08-25 12:01:46] [782/1627] OK FI_PR_CHEQUE_DEPOSITE
[2026-08-25 12:01:46] [783/1627] Dumping FI_PR_CLASS3_ACP_EMP ...
[2026-08-25 12:01:46] [783/1627] OK FI_PR_CLASS3_ACP_EMP
[2026-08-25 12:01:46] [784/1627] Dumping FI_PR_COT_ARREAR ...
[2026-08-25 12:01:47] [784/1627] OK FI_PR_COT_ARREAR
[2026-08-25 12:01:47] [785/1627] Dumping FI_PR_COURT_DED_WR2012 ...
[2026-08-25 12:01:47] [785/1627] OK FI_PR_COURT_DED_WR2012
[2026-08-25 12:01:47] [786/1627] Dumping FI_PR_COURT_DED_WR2017 ...
[2026-08-25 12:01:47] [786/1627] OK FI_PR_COURT_DED_WR2017
[2026-08-25 12:01:47] [787/1627] Dumping FI_PR_COURT_DED_WRARR ...
[2026-08-25 12:01:47] [787/1627] OK FI_PR_COURT_DED_WRARR
[2026-08-25 12:01:47] [788/1627] Dumping FI_PR_CPF_ARR ...
[2026-08-25 12:01:47] [788/1627] OK FI_PR_CPF_ARR
[2026-08-25 12:01:47] [789/1627] Dumping FI_PR_DA_ACTUAL_CLAIM ...
[2026-08-25 12:02:03] [789/1627] OK FI_PR_DA_ACTUAL_CLAIM
[2026-08-25 12:02:03] [790/1627] Dumping FI_PR_DA_DIFF_2024 ...
[2026-08-25 12:02:03] [790/1627] OK FI_PR_DA_DIFF_2024
[2026-08-25 12:02:03] [791/1627] Dumping FI_PR_DA_DTL ...
[2026-08-25 12:02:17] [791/1627] OK FI_PR_DA_DTL
[2026-08-25 12:02:17] [792/1627] Dumping FI_PR_DA_RATE_97 ...
[2026-08-25 12:02:17] [792/1627] OK FI_PR_DA_RATE_97
[2026-08-25 12:02:17] [793/1627] Dumping FI_PR_EARNDEDN_ADJ_MINUS ...
[2026-08-25 12:02:17] [793/1627] OK FI_PR_EARNDEDN_ADJ_MINUS
[2026-08-25 12:02:18] [794/1627] Dumping FI_PR_EARNDEDN_LIMIT ...
[2026-08-25 12:02:18] [794/1627] OK FI_PR_EARNDEDN_LIMIT
[2026-08-25 12:02:18] [795/1627] Dumping FI_PR_EARNDEDN_LIMIT_HIST ...
[2026-08-25 12:02:18] [795/1627] OK FI_PR_EARNDEDN_LIMIT_HIST
[2026-08-25 12:02:18] [796/1627] Dumping FI_PR_EARN_COMP ...
[2026-08-25 12:02:18] [796/1627] OK FI_PR_EARN_COMP
[2026-08-25 12:02:18] [797/1627] Dumping FI_PR_EARN_COMP2 ...
[2026-08-25 12:02:18] [797/1627] OK FI_PR_EARN_COMP2
[2026-08-25 12:02:18] [798/1627] Dumping FI_PR_ECS_EMP ...
[2026-08-25 12:02:18] [798/1627] OK FI_PR_ECS_EMP
[2026-08-25 12:02:18] [799/1627] Dumping FI_PR_EMP_BASIC ...
[2026-08-25 12:02:18] [799/1627] OK FI_PR_EMP_BASIC
[2026-08-25 12:02:19] [800/1627] Dumping FI_PR_EMP_BASIC_BEF_2PT2_2007 ...
[2026-08-25 12:02:19] [800/1627] OK FI_PR_EMP_BASIC_BEF_2PT2_2007
[2026-08-25 12:02:19] [801/1627] Dumping FI_PR_EMP_BUNCH_DIFF ...
[2026-08-25 12:02:19] [801/1627] OK FI_PR_EMP_BUNCH_DIFF
[2026-08-25 12:02:19] [802/1627] Dumping FI_PR_EMP_SPECIFIC_EARN ...
[2026-08-25 12:02:24] [802/1627] OK FI_PR_EMP_SPECIFIC_EARN
[2026-08-25 12:02:24] [803/1627] Dumping FI_PR_ENCASH ...
[2026-08-25 12:02:24] [803/1627] OK FI_PR_ENCASH
[2026-08-25 12:02:24] [804/1627] Dumping FI_PR_FA_EXCL ...
[2026-08-25 12:02:25] [804/1627] OK FI_PR_FA_EXCL
[2026-08-25 12:02:25] [805/1627] Dumping FI_PR_FEST_BAL ...
[2026-08-25 12:02:25] [805/1627] OK FI_PR_FEST_BAL
[2026-08-25 12:02:25] [806/1627] Dumping FI_PR_FEST_BAL_ARP ...
[2026-08-25 12:02:25] [806/1627] OK FI_PR_FEST_BAL_ARP
[2026-08-25 12:02:25] [807/1627] Dumping FI_PR_FEST_DUE_2012 ...
[2026-08-25 12:02:25] [807/1627] OK FI_PR_FEST_DUE_2012
[2026-08-25 12:02:25] [808/1627] Dumping FI_PR_FEST_DUE_2021 ...
[2026-08-25 12:02:25] [808/1627] OK FI_PR_FEST_DUE_2021
[2026-08-25 12:02:25] [809/1627] Dumping FI_PR_FIN_IMPACT_9100 ...
[2026-08-25 12:02:25] [809/1627] OK FI_PR_FIN_IMPACT_9100
[2026-08-25 12:02:25] [810/1627] Dumping FI_PR_FOT_UNIT ...
[2026-08-25 12:02:27] [810/1627] OK FI_PR_FOT_UNIT
[2026-08-25 12:02:27] [811/1627] Dumping FI_PR_FUND_DATA ...
[2026-08-25 12:02:28] [811/1627] OK FI_PR_FUND_DATA
[2026-08-25 12:02:28] [812/1627] Dumping FI_PR_FUND_DATA_1 ...
[2026-08-25 12:02:29] [812/1627] OK FI_PR_FUND_DATA_1
[2026-08-25 12:02:29] [813/1627] Dumping FI_PR_GROSS_MISMATCH ...
[2026-08-25 12:02:29] [813/1627] OK FI_PR_GROSS_MISMATCH
[2026-08-25 12:02:29] [814/1627] Dumping FI_PR_HARDSHIP_DIFF ...
[2026-08-25 12:02:29] [814/1627] OK FI_PR_HARDSHIP_DIFF
[2026-08-25 12:02:29] [815/1627] Dumping FI_PR_INTERIM_ADJ_INS ...
[2026-08-25 12:02:30] [815/1627] OK FI_PR_INTERIM_ADJ_INS
[2026-08-25 12:02:30] [816/1627] Dumping FI_PR_IT_SCRUTINY ...
[2026-08-25 12:02:36] [816/1627] OK FI_PR_IT_SCRUTINY
[2026-08-25 12:02:36] [817/1627] Dumping FI_PR_LB_UNION_022008 ...
[2026-08-25 12:02:38] [817/1627] OK FI_PR_LB_UNION_022008
[2026-08-25 12:02:38] [818/1627] Dumping FI_PR_LEAVE_POST_ERR ...
[2026-08-25 12:02:38] [818/1627] FAIL FI_PR_LEAVE_POST_ERR: (1171, 'All parts of a PRIMARY KEY must be NOT NULL; if you need NULL in a key, use UNIQUE instead')
[2026-08-25 12:02:38] [819/1627] Dumping FI_PR_LEAVE_POST_ERR_PALAS ...
[2026-08-25 12:02:38] [819/1627] OK FI_PR_LEAVE_POST_ERR_PALAS
[2026-08-25 12:02:38] [820/1627] Dumping FI_PR_LEAVE_POST_MAST ...
[2026-08-25 12:02:38] [820/1627] OK FI_PR_LEAVE_POST_MAST
[2026-08-25 12:02:38] [821/1627] Dumping FI_PR_LEAVE_POST_MAST_PALAS ...
[2026-08-25 12:02:38] [821/1627] OK FI_PR_LEAVE_POST_MAST_PALAS
[2026-08-25 12:02:38] [822/1627] Dumping FI_PR_LOCAL_ALLOWANCE_2017 ...
[2026-08-25 12:02:38] [822/1627] OK FI_PR_LOCAL_ALLOWANCE_2017
[2026-08-25 12:02:38] [823/1627] Dumping FI_PR_LV_56J ...
[2026-08-25 12:02:39] [823/1627] OK FI_PR_LV_56J
[2026-08-25 12:02:39] [824/1627] Dumping FI_PR_MACP_ARR_APR2014 ...
[2026-08-25 12:02:39] [824/1627] OK FI_PR_MACP_ARR_APR2014
[2026-08-25 12:02:39] [825/1627] Dumping FI_PR_MACP_ARR_AUG2017 ...
[2026-08-25 12:02:39] [825/1627] OK FI_PR_MACP_ARR_AUG2017
[2026-08-25 12:02:39] [826/1627] Dumping FI_PR_MACP_ARR_DEC2013 ...
[2026-08-25 12:02:39] [826/1627] OK FI_PR_MACP_ARR_DEC2013
[2026-08-25 12:02:39] [827/1627] Dumping FI_PR_MACP_ARR_FEB2014 ...
[2026-08-25 12:02:39] [827/1627] OK FI_PR_MACP_ARR_FEB2014
[2026-08-25 12:02:39] [828/1627] Dumping FI_PR_MACP_ARR_FEB2_2014 ...
[2026-08-25 12:02:39] [828/1627] OK FI_PR_MACP_ARR_FEB2_2014
[2026-08-25 12:02:39] [829/1627] Dumping FI_PR_MACP_ARR_FEB3_2014 ...
[2026-08-25 12:02:40] [829/1627] OK FI_PR_MACP_ARR_FEB3_2014
[2026-08-25 12:02:40] [830/1627] Dumping FI_PR_MACP_ARR_JAN2014 ...
[2026-08-25 12:02:40] [830/1627] OK FI_PR_MACP_ARR_JAN2014
[2026-08-25 12:02:40] [831/1627] Dumping FI_PR_MACP_ARR_MAR2014_RET ...
[2026-08-25 12:02:40] [831/1627] OK FI_PR_MACP_ARR_MAR2014_RET
[2026-08-25 12:02:40] [832/1627] Dumping FI_PR_MACP_ARR_MAR2017 ...
[2026-08-25 12:02:40] [832/1627] OK FI_PR_MACP_ARR_MAR2017
[2026-08-25 12:02:40] [833/1627] Dumping FI_PR_MACP_DEDN ...
[2026-08-25 12:02:40] [833/1627] OK FI_PR_MACP_DEDN
[2026-08-25 12:02:40] [834/1627] Dumping FI_PR_MD_AC_ALLOC ...
[2026-08-25 12:02:41] [834/1627] OK FI_PR_MD_AC_ALLOC
[2026-08-25 12:02:41] [835/1627] Dumping FI_PR_MD_AC_ALLOC_032006 ...
[2026-08-25 12:02:41] [835/1627] OK FI_PR_MD_AC_ALLOC_032006
[2026-08-25 12:02:41] [836/1627] Dumping FI_PR_MD_AC_ALLOC_BAK ...
[2026-08-25 12:02:41] [836/1627] OK FI_PR_MD_AC_ALLOC_BAK
[2026-08-25 12:02:41] [837/1627] Dumping FI_PR_MD_AC_ALLOC_BL ...
[2026-08-25 12:02:41] [837/1627] OK FI_PR_MD_AC_ALLOC_BL
[2026-08-25 12:02:41] [838/1627] Dumping FI_PR_MD_CALC_DA ...
[2026-08-25 12:02:42] [838/1627] OK FI_PR_MD_CALC_DA
[2026-08-25 12:02:42] [839/1627] Dumping FI_PR_MD_CALC_DA_130225 ...
[2026-08-25 12:02:42] [839/1627] OK FI_PR_MD_CALC_DA_130225
[2026-08-25 12:02:42] [840/1627] Dumping FI_PR_MD_CALC_DA_1997WR ...
[2026-08-25 12:02:42] [840/1627] OK FI_PR_MD_CALC_DA_1997WR
[2026-08-25 12:02:42] [841/1627] Dumping FI_PR_MD_CALC_DA_2007WR ...
[2026-08-25 12:02:42] [841/1627] OK FI_PR_MD_CALC_DA_2007WR
[2026-08-25 12:02:42] [842/1627] Dumping FI_PR_MD_CALC_DA_2012WR ...
[2026-08-25 12:02:42] [842/1627] OK FI_PR_MD_CALC_DA_2012WR
[2026-08-25 12:02:42] [843/1627] Dumping FI_PR_MD_CALC_DA_2022 ...
[2026-08-25 12:02:43] [843/1627] OK FI_PR_MD_CALC_DA_2022
[2026-08-25 12:02:43] [844/1627] Dumping FI_PR_MD_CLIMIT ...
[2026-08-25 12:02:43] [844/1627] OK FI_PR_MD_CLIMIT
[2026-08-25 12:02:43] [845/1627] Dumping FI_PR_MD_CLIMIT_1997WR ...
[2026-08-25 12:02:43] [845/1627] OK FI_PR_MD_CLIMIT_1997WR
[2026-08-25 12:02:43] [846/1627] Dumping FI_PR_MD_CLIMIT_2007WR ...
[2026-08-25 12:02:43] [846/1627] OK FI_PR_MD_CLIMIT_2007WR
[2026-08-25 12:02:43] [847/1627] Dumping FI_PR_MD_CRATE ...
[2026-08-25 12:02:43] [847/1627] OK FI_PR_MD_CRATE
[2026-08-25 12:02:43] [848/1627] Dumping FI_PR_MD_CRATE_1997WR ...
[2026-08-25 12:02:43] [848/1627] OK FI_PR_MD_CRATE_1997WR
[2026-08-25 12:02:43] [849/1627] Dumping FI_PR_MD_CRATE_2007WR ...
[2026-08-25 12:02:44] [849/1627] OK FI_PR_MD_CRATE_2007WR
[2026-08-25 12:02:44] [850/1627] Dumping FI_PR_MD_CTRATE ...
[2026-08-25 12:02:44] [850/1627] OK FI_PR_MD_CTRATE
[2026-08-25 12:02:44] [851/1627] Dumping FI_PR_MD_CTRATE_1997WR ...
[2026-08-25 12:02:44] [851/1627] OK FI_PR_MD_CTRATE_1997WR
[2026-08-25 12:02:44] [852/1627] Dumping FI_PR_MD_CTRATE_2007WR ...
[2026-08-25 12:02:44] [852/1627] OK FI_PR_MD_CTRATE_2007WR
[2026-08-25 12:02:44] [853/1627] Dumping FI_PR_MD_DIVFACT ...
[2026-08-25 12:02:44] [853/1627] OK FI_PR_MD_DIVFACT
[2026-08-25 12:02:44] [854/1627] Dumping FI_PR_MD_DIVFACT_1997WR ...
[2026-08-25 12:02:44] [854/1627] OK FI_PR_MD_DIVFACT_1997WR
[2026-08-25 12:02:44] [855/1627] Dumping FI_PR_MD_DIVFACT_2007WR ...
[2026-08-25 12:02:44] [855/1627] OK FI_PR_MD_DIVFACT_2007WR
[2026-08-25 12:02:44] [856/1627] Dumping FI_PR_MD_DRATE ...
[2026-08-25 12:02:45] [856/1627] OK FI_PR_MD_DRATE
[2026-08-25 12:02:45] [857/1627] Dumping FI_PR_MD_DRATE_1997WR ...
[2026-08-25 12:02:45] [857/1627] OK FI_PR_MD_DRATE_1997WR
[2026-08-25 12:02:45] [858/1627] Dumping FI_PR_MD_DRATE_1997WR1 ...
[2026-08-25 12:02:45] [858/1627] OK FI_PR_MD_DRATE_1997WR1
[2026-08-25 12:02:45] [859/1627] Dumping FI_PR_MD_DRATE_2007WR ...
[2026-08-25 12:02:45] [859/1627] OK FI_PR_MD_DRATE_2007WR
[2026-08-25 12:02:45] [860/1627] Dumping FI_PR_MD_DRATE_2007WR_BCK ...
[2026-08-25 12:02:46] [860/1627] OK FI_PR_MD_DRATE_2007WR_BCK
[2026-08-25 12:02:46] [861/1627] Dumping FI_PR_MD_EARNATNDMAP ...
[2026-08-25 12:02:46] [861/1627] OK FI_PR_MD_EARNATNDMAP
[2026-08-25 12:02:46] [862/1627] Dumping FI_PR_MD_ELIGCAT ...
[2026-08-25 12:02:47] [862/1627] OK FI_PR_MD_ELIGCAT
[2026-08-25 12:02:47] [863/1627] Dumping FI_PR_MD_ELIGCAT_12032018 ...
[2026-08-25 12:02:47] [863/1627] OK FI_PR_MD_ELIGCAT_12032018
[2026-08-25 12:02:47] [864/1627] Dumping FI_PR_MD_ELIGCAT_1997WR ...
[2026-08-25 12:02:48] [864/1627] OK FI_PR_MD_ELIGCAT_1997WR
[2026-08-25 12:02:48] [865/1627] Dumping FI_PR_MD_ELIGCAT_1997WR1 ...
[2026-08-25 12:02:48] [865/1627] OK FI_PR_MD_ELIGCAT_1997WR1
[2026-08-25 12:02:48] [866/1627] Dumping FI_PR_MD_ELIGCAT_2007WR ...
[2026-08-25 12:02:49] [866/1627] OK FI_PR_MD_ELIGCAT_2007WR
[2026-08-25 12:02:49] [867/1627] Dumping FI_PR_MD_ELIGCAT_2017WR ...
[2026-08-25 12:02:49] [867/1627] OK FI_PR_MD_ELIGCAT_2017WR
[2026-08-25 12:02:49] [868/1627] Dumping FI_PR_MD_ELIGCAT_MTH ...
[2026-08-25 12:03:23] [868/1627] OK FI_PR_MD_ELIGCAT_MTH
[2026-08-25 12:03:23] [869/1627] Dumping FI_PR_MD_ELIGEMP ...
[2026-08-25 12:03:25] [869/1627] OK FI_PR_MD_ELIGEMP
[2026-08-25 12:03:25] [870/1627] Dumping FI_PR_MD_ELIGEMP_12032018 ...
[2026-08-25 12:03:27] [870/1627] OK FI_PR_MD_ELIGEMP_12032018
[2026-08-25 12:03:27] [871/1627] Dumping FI_PR_MD_ELIGEMP_1997WR ...
[2026-08-25 12:03:29] [871/1627] OK FI_PR_MD_ELIGEMP_1997WR
[2026-08-25 12:03:29] [872/1627] Dumping FI_PR_MD_ELIGEMP_1997WR1 ...
[2026-08-25 12:03:31] [872/1627] OK FI_PR_MD_ELIGEMP_1997WR1
[2026-08-25 12:03:31] [873/1627] Dumping FI_PR_MD_ELIGEMP_2007WR ...
[2026-08-25 12:03:32] [873/1627] OK FI_PR_MD_ELIGEMP_2007WR
[2026-08-25 12:03:32] [874/1627] Dumping FI_PR_MD_ELIGEMP_2017WR ...
[2026-08-25 12:03:33] [874/1627] OK FI_PR_MD_ELIGEMP_2017WR
[2026-08-25 12:03:33] [875/1627] Dumping FI_PR_MD_ELIGEMP_MTH ...
[2026-08-25 12:05:32] [875/1627] OK FI_PR_MD_ELIGEMP_MTH
[2026-08-25 12:05:32] [876/1627] Dumping FI_PR_MD_ELIMIT ...
[2026-08-25 12:05:32] [876/1627] OK FI_PR_MD_ELIMIT
[2026-08-25 12:05:32] [877/1627] Dumping FI_PR_MD_ELIMIT_1997WR ...
[2026-08-25 12:05:32] [877/1627] OK FI_PR_MD_ELIMIT_1997WR
[2026-08-25 12:05:32] [878/1627] Dumping FI_PR_MD_ELIMIT_2007WR ...
[2026-08-25 12:05:33] [878/1627] OK FI_PR_MD_ELIMIT_2007WR
[2026-08-25 12:05:33] [879/1627] Dumping FI_PR_MD_ERATE ...
[2026-08-25 12:05:33] [879/1627] OK FI_PR_MD_ERATE
[2026-08-25 12:05:33] [880/1627] Dumping FI_PR_MD_ERATE_1997WR ...
[2026-08-25 12:05:33] [880/1627] OK FI_PR_MD_ERATE_1997WR
[2026-08-25 12:05:33] [881/1627] Dumping FI_PR_MD_ERATE_1997WR1 ...
[2026-08-25 12:05:33] [881/1627] OK FI_PR_MD_ERATE_1997WR1
[2026-08-25 12:05:33] [882/1627] Dumping FI_PR_MD_ERATE_2007WR ...
[2026-08-25 12:05:34] [882/1627] OK FI_PR_MD_ERATE_2007WR
[2026-08-25 12:05:34] [883/1627] Dumping FI_PR_MD_FRATE ...
[2026-08-25 12:05:34] [883/1627] OK FI_PR_MD_FRATE
[2026-08-25 12:05:34] [884/1627] Dumping FI_PR_MD_FRATE_1997WR ...
[2026-08-25 12:05:34] [884/1627] OK FI_PR_MD_FRATE_1997WR
[2026-08-25 12:05:34] [885/1627] Dumping FI_PR_MD_FRATE_1997WR1 ...
[2026-08-25 12:05:34] [885/1627] OK FI_PR_MD_FRATE_1997WR1
[2026-08-25 12:05:34] [886/1627] Dumping FI_PR_MD_FRATE_2007WR ...
[2026-08-25 12:05:34] [886/1627] OK FI_PR_MD_FRATE_2007WR
[2026-08-25 12:05:34] [887/1627] Dumping FI_PR_MD_MBASEVAL ...
[2026-08-25 12:05:35] [887/1627] OK FI_PR_MD_MBASEVAL
[2026-08-25 12:05:35] [888/1627] Dumping FI_PR_MD_MBASEVAL_1997WR ...
[2026-08-25 12:05:35] [888/1627] OK FI_PR_MD_MBASEVAL_1997WR
[2026-08-25 12:05:35] [889/1627] Dumping FI_PR_MD_MBASEVAL_2007WR ...
[2026-08-25 12:05:35] [889/1627] OK FI_PR_MD_MBASEVAL_2007WR
[2026-08-25 12:05:35] [890/1627] Dumping FI_PR_MD_MBASEVAL_ARR ...
[2026-08-25 12:05:35] [890/1627] OK FI_PR_MD_MBASEVAL_ARR
[2026-08-25 12:05:35] [891/1627] Dumping FI_PR_MD_QRENTEMP ...
[2026-08-25 12:05:36] [891/1627] OK FI_PR_MD_QRENTEMP
[2026-08-25 12:05:36] [892/1627] Dumping FI_PR_MD_QRENTEMP_HIS ...
[2026-08-25 12:05:37] [892/1627] OK FI_PR_MD_QRENTEMP_HIS
[2026-08-25 12:05:37] [893/1627] Dumping FI_PR_MD_QRENTEMP_OLD ...
[2026-08-25 12:05:37] [893/1627] OK FI_PR_MD_QRENTEMP_OLD
[2026-08-25 12:05:37] [894/1627] Dumping FI_PR_MD_QRENTRT ...
[2026-08-25 12:05:37] [894/1627] OK FI_PR_MD_QRENTRT
[2026-08-25 12:05:37] [895/1627] Dumping FI_PR_MD_QSUBLOCN ...
[2026-08-25 12:05:38] [895/1627] OK FI_PR_MD_QSUBLOCN
[2026-08-25 12:05:38] [896/1627] Dumping FI_PR_MD_SBASEVAL ...
[2026-08-25 12:05:38] [896/1627] OK FI_PR_MD_SBASEVAL
[2026-08-25 12:05:38] [897/1627] Dumping FI_PR_MD_SBASEVAL_1997WR ...
[2026-08-25 12:05:38] [897/1627] OK FI_PR_MD_SBASEVAL_1997WR
[2026-08-25 12:05:38] [898/1627] Dumping FI_PR_MD_SBASEVAL_2007WR ...
[2026-08-25 12:05:38] [898/1627] OK FI_PR_MD_SBASEVAL_2007WR
[2026-08-25 12:05:38] [899/1627] Dumping FI_PR_MD_STRATE ...
[2026-08-25 12:05:38] [899/1627] OK FI_PR_MD_STRATE
[2026-08-25 12:05:38] [900/1627] Dumping FI_PR_MD_STRATE_1997WR ...
[2026-08-25 12:05:38] [900/1627] OK FI_PR_MD_STRATE_1997WR
[2026-08-25 12:05:38] [901/1627] Dumping FI_PR_MD_STRATE_2007WR ...
[2026-08-25 12:05:39] [901/1627] OK FI_PR_MD_STRATE_2007WR
[2026-08-25 12:05:39] [902/1627] Dumping FI_PR_MEAT_FISH_ARR ...
[2026-08-25 12:05:41] [902/1627] OK FI_PR_MEAT_FISH_ARR
[2026-08-25 12:05:41] [903/1627] Dumping FI_PR_MEAT_FISH_SUMMARY ...
[2026-08-25 12:05:42] [903/1627] OK FI_PR_MEAT_FISH_SUMMARY
[2026-08-25 12:05:42] [904/1627] Dumping FI_PR_MEDICAL_EARNAMTMTH ...
[2026-08-25 12:05:45] [904/1627] OK FI_PR_MEDICAL_EARNAMTMTH
[2026-08-25 12:05:45] [905/1627] Dumping FI_PR_MH_ADA_RATE ...
[2026-08-25 12:05:45] [905/1627] OK FI_PR_MH_ADA_RATE
[2026-08-25 12:05:45] [906/1627] Dumping FI_PR_MH_ADA_RATE_2007WR ...
[2026-08-25 12:05:45] [906/1627] OK FI_PR_MH_ADA_RATE_2007WR
[2026-08-25 12:05:45] [907/1627] Dumping FI_PR_MH_ADA_RATE_OLD ...
[2026-08-25 12:05:45] [907/1627] OK FI_PR_MH_ADA_RATE_OLD
[2026-08-25 12:05:45] [908/1627] Dumping FI_PR_MH_ADJTYPE ...
[2026-08-25 12:05:46] [908/1627] OK FI_PR_MH_ADJTYPE
[2026-08-25 12:05:46] [909/1627] Dumping FI_PR_MH_ARREAR ...
[2026-08-25 12:05:46] [909/1627] OK FI_PR_MH_ARREAR
[2026-08-25 12:05:46] [910/1627] Dumping FI_PR_MH_BILL_PRINT ...
[2026-08-25 12:05:46] [910/1627] OK FI_PR_MH_BILL_PRINT
[2026-08-25 12:05:46] [911/1627] Dumping FI_PR_MH_BILL_PRINT_DEAD ...
[2026-08-25 12:05:46] [911/1627] OK FI_PR_MH_BILL_PRINT_DEAD
[2026-08-25 12:05:46] [912/1627] Dumping FI_PR_MH_CAFE ...
[2026-08-25 12:05:46] [912/1627] OK FI_PR_MH_CAFE
[2026-08-25 12:05:46] [913/1627] Dumping FI_PR_MH_CAFE_FINYR ...
[2026-08-25 12:05:47] [913/1627] OK FI_PR_MH_CAFE_FINYR
[2026-08-25 12:05:47] [914/1627] Dumping FI_PR_MH_CAFE_GROUP ...
[2026-08-25 12:05:47] [914/1627] OK FI_PR_MH_CAFE_GROUP
[2026-08-25 12:05:47] [915/1627] Dumping FI_PR_MH_CALC_DA ...
[2026-08-25 12:05:47] [915/1627] OK FI_PR_MH_CALC_DA
[2026-08-25 12:05:47] [916/1627] Dumping FI_PR_MH_CALC_DA_130225 ...
[2026-08-25 12:05:47] [916/1627] OK FI_PR_MH_CALC_DA_130225
[2026-08-25 12:05:47] [917/1627] Dumping FI_PR_MH_CALC_DA_1997WR ...
[2026-08-25 12:05:47] [917/1627] OK FI_PR_MH_CALC_DA_1997WR
[2026-08-25 12:05:47] [918/1627] Dumping FI_PR_MH_CALC_DA_2007WR ...
[2026-08-25 12:05:47] [918/1627] OK FI_PR_MH_CALC_DA_2007WR
[2026-08-25 12:05:47] [919/1627] Dumping FI_PR_MH_CALC_DA_2012WR ...
[2026-08-25 12:05:48] [919/1627] OK FI_PR_MH_CALC_DA_2012WR
[2026-08-25 12:05:48] [920/1627] Dumping FI_PR_MH_CALC_DA_2022 ...
[2026-08-25 12:05:48] [920/1627] OK FI_PR_MH_CALC_DA_2022
[2026-08-25 12:05:48] [921/1627] Dumping FI_PR_MH_CALC_DA_2022WR ...
[2026-08-25 12:05:48] [921/1627] OK FI_PR_MH_CALC_DA_2022WR
[2026-08-25 12:05:48] [922/1627] Dumping FI_PR_MH_CALC_DA_PALAS ...
[2026-08-25 12:05:48] [922/1627] OK FI_PR_MH_CALC_DA_PALAS
[2026-08-25 12:05:48] [923/1627] Dumping FI_PR_MH_CALC_DA_REV_OFFICER ...
[2026-08-25 12:05:48] [923/1627] OK FI_PR_MH_CALC_DA_REV_OFFICER
[2026-08-25 12:05:48] [924/1627] Dumping FI_PR_MH_COURTS ...
[2026-08-25 12:05:49] [924/1627] OK FI_PR_MH_COURTS
[2026-08-25 12:05:49] [925/1627] Dumping FI_PR_MH_CRDT_CONTRA ...
[2026-08-25 12:05:49] [925/1627] OK FI_PR_MH_CRDT_CONTRA
[2026-08-25 12:05:49] [926/1627] Dumping FI_PR_MH_CRDT_CONTRA_PF ...
[2026-08-25 12:05:49] [926/1627] OK FI_PR_MH_CRDT_CONTRA_PF
[2026-08-25 12:05:49] [927/1627] Dumping FI_PR_MH_ENTRY_LIMIT ...
[2026-08-25 12:05:49] [927/1627] OK FI_PR_MH_ENTRY_LIMIT
[2026-08-25 12:05:49] [928/1627] Dumping FI_PR_MH_ENTRY_LIMIT_AUDIT ...
[2026-08-25 12:05:49] [928/1627] OK FI_PR_MH_ENTRY_LIMIT_AUDIT
[2026-08-25 12:05:49] [929/1627] Dumping FI_PR_MH_ERNDEDNMAP ...
[2026-08-25 12:05:49] [929/1627] OK FI_PR_MH_ERNDEDNMAP
[2026-08-25 12:05:49] [930/1627] Dumping FI_PR_MH_HOD_DEPUTY ...
[2026-08-25 12:05:50] [930/1627] OK FI_PR_MH_HOD_DEPUTY
[2026-08-25 12:05:50] [931/1627] Dumping FI_PR_MH_INTERIM_RELIEF ...
[2026-08-25 12:05:50] [931/1627] OK FI_PR_MH_INTERIM_RELIEF
[2026-08-25 12:05:50] [932/1627] Dumping FI_PR_MH_INTERIM_RELIEF_BACKUP ...
[2026-08-25 12:05:50] [932/1627] OK FI_PR_MH_INTERIM_RELIEF_BACKUP
[2026-08-25 12:05:50] [933/1627] Dumping FI_PR_MH_IT ...
[2026-08-25 12:05:50] [933/1627] OK FI_PR_MH_IT
[2026-08-25 12:05:50] [934/1627] Dumping FI_PR_MH_LEAVE ...
[2026-08-25 12:05:50] [934/1627] OK FI_PR_MH_LEAVE
[2026-08-25 12:05:50] [935/1627] Dumping FI_PR_MH_OT_SANC ...
[2026-08-25 12:05:50] [935/1627] OK FI_PR_MH_OT_SANC
[2026-08-25 12:05:50] [936/1627] Dumping FI_PR_MH_OUTSIDE_PARTY ...
[2026-08-25 12:05:50] [936/1627] OK FI_PR_MH_OUTSIDE_PARTY
[2026-08-25 12:05:50] [937/1627] Dumping FI_PR_MH_PAYSCALE_MAP ...
[2026-08-25 12:05:51] [937/1627] OK FI_PR_MH_PAYSCALE_MAP
[2026-08-25 12:05:51] [938/1627] Dumping FI_PR_MH_PAYSCALE_MAP2017 ...
[2026-08-25 12:05:51] [938/1627] OK FI_PR_MH_PAYSCALE_MAP2017
[2026-08-25 12:05:51] [939/1627] Dumping FI_PR_MH_PAYSCALE_MAP_OFF ...
[2026-08-25 12:05:51] [939/1627] OK FI_PR_MH_PAYSCALE_MAP_OFF
[2026-08-25 12:05:51] [940/1627] Dumping FI_PR_MH_PFCONTRIB ...
[2026-08-25 12:05:52] [940/1627] OK FI_PR_MH_PFCONTRIB
[2026-08-25 12:05:53] [941/1627] Dumping FI_PR_MH_PFRATE ...
[2026-08-25 12:05:53] [941/1627] OK FI_PR_MH_PFRATE
[2026-08-25 12:05:53] [942/1627] Dumping FI_PR_MH_PROFTAX_RT ...
[2026-08-25 12:05:53] [942/1627] OK FI_PR_MH_PROFTAX_RT
[2026-08-25 12:05:53] [943/1627] Dumping FI_PR_MH_QLOCN ...
[2026-08-25 12:05:53] [943/1627] OK FI_PR_MH_QLOCN
[2026-08-25 12:05:53] [944/1627] Dumping FI_PR_MH_QRENT_2020 ...
[2026-08-25 12:05:53] [944/1627] OK FI_PR_MH_QRENT_2020
[2026-08-25 12:05:53] [945/1627] Dumping FI_PR_MH_WRKUNION ...
[2026-08-25 12:05:53] [945/1627] OK FI_PR_MH_WRKUNION
[2026-08-25 12:05:53] [946/1627] Dumping FI_PR_MTH_OT_SANC ...
[2026-08-25 12:05:53] [946/1627] OK FI_PR_MTH_OT_SANC
[2026-08-25 12:05:53] [947/1627] Dumping FI_PR_NETARR_REVOFF ...
[2026-08-25 12:05:54] [947/1627] OK FI_PR_NETARR_REVOFF
[2026-08-25 12:05:54] [948/1627] Dumping FI_PR_NET_PLR_2011 ...
[2026-08-25 12:05:54] [948/1627] OK FI_PR_NET_PLR_2011
[2026-08-25 12:05:54] [949/1627] Dumping FI_PR_NET_PLR_2011_BCK ...
[2026-08-25 12:05:54] [949/1627] OK FI_PR_NET_PLR_2011_BCK
[2026-08-25 12:05:54] [950/1627] Dumping FI_PR_NET_PLR_2011_RET ...
[2026-08-25 12:05:54] [950/1627] OK FI_PR_NET_PLR_2011_RET
[2026-08-25 12:05:54] [951/1627] Dumping FI_PR_NET_PLR_2012 ...
[2026-08-25 12:05:55] [951/1627] OK FI_PR_NET_PLR_2012
[2026-08-25 12:05:55] [952/1627] Dumping FI_PR_NET_PLR_2012_BCK ...
[2026-08-25 12:05:55] [952/1627] OK FI_PR_NET_PLR_2012_BCK
[2026-08-25 12:05:55] [953/1627] Dumping FI_PR_NET_PLR_2012_RET ...
[2026-08-25 12:05:55] [953/1627] OK FI_PR_NET_PLR_2012_RET
[2026-08-25 12:05:55] [954/1627] Dumping FI_PR_ONLINE_FA_NOT_THROUGH ...
[2026-08-25 12:05:55] [954/1627] OK FI_PR_ONLINE_FA_NOT_THROUGH
[2026-08-25 12:05:55] [955/1627] Dumping FI_PR_ONLINE_FA_SUB ...
[2026-08-25 12:06:02] [955/1627] OK FI_PR_ONLINE_FA_SUB
[2026-08-25 12:06:02] [956/1627] Dumping FI_PR_ONLINE_SUPER_USER ...
[2026-08-25 12:06:02] [956/1627] OK FI_PR_ONLINE_SUPER_USER
[2026-08-25 12:06:02] [957/1627] Dumping FI_PR_ONLINE_USER_DTL ...
[2026-08-25 12:06:02] [957/1627] OK FI_PR_ONLINE_USER_DTL
[2026-08-25 12:06:02] [958/1627] Dumping FI_PR_ONLINE_USER_DTL_DEL ...
[2026-08-25 12:06:03] [958/1627] OK FI_PR_ONLINE_USER_DTL_DEL
[2026-08-25 12:06:03] [959/1627] Dumping FI_PR_ONLINE_USER_HDR ...
[2026-08-25 12:06:03] [959/1627] OK FI_PR_ONLINE_USER_HDR
[2026-08-25 12:06:03] [960/1627] Dumping FI_PR_OTHER_PAY_WR2017 ...
[2026-08-25 12:06:03] [960/1627] OK FI_PR_OTHER_PAY_WR2017
[2026-08-25 12:06:03] [961/1627] Dumping FI_PR_OVDN_ARR ...
[2026-08-25 12:06:03] [961/1627] OK FI_PR_OVDN_ARR
[2026-08-25 12:06:03] [962/1627] Dumping FI_PR_OVDN_ARR_1 ...
[2026-08-25 12:06:03] [962/1627] OK FI_PR_OVDN_ARR_1
[2026-08-25 12:06:03] [963/1627] Dumping FI_PR_OVDN_ARR_2011 ...
[2026-08-25 12:06:04] [963/1627] OK FI_PR_OVDN_ARR_2011
[2026-08-25 12:06:04] [964/1627] Dumping FI_PR_OVDN_ARR_BCK ...
[2026-08-25 12:06:04] [964/1627] OK FI_PR_OVDN_ARR_BCK
[2026-08-25 12:06:04] [965/1627] Dumping FI_PR_OVDN_RECOVERY ...
[2026-08-25 12:06:04] [965/1627] OK FI_PR_OVDN_RECOVERY
[2026-08-25 12:06:04] [966/1627] Dumping FI_PR_PF_NPS_DEDUCT ...
[2026-08-25 12:06:05] [966/1627] OK FI_PR_PF_NPS_DEDUCT
[2026-08-25 12:06:05] [967/1627] Dumping FI_PR_PF_NPS_DUE ...
[2026-08-25 12:06:05] [967/1627] OK FI_PR_PF_NPS_DUE
[2026-08-25 12:06:05] [968/1627] Dumping FI_PR_PILOT_31122006 ...
[2026-08-25 12:06:06] [968/1627] OK FI_PR_PILOT_31122006
[2026-08-25 12:06:06] [969/1627] Dumping FI_PR_PILOT_SENIORITY ...
[2026-08-25 12:06:06] [969/1627] OK FI_PR_PILOT_SENIORITY
[2026-08-25 12:06:06] [970/1627] Dumping FI_PR_PLR2011_2012 ...
[2026-08-25 12:06:07] [970/1627] OK FI_PR_PLR2011_2012
[2026-08-25 12:06:07] [971/1627] Dumping FI_PR_PLR_0607_NPL ...
[2026-08-25 12:06:07] [971/1627] OK FI_PR_PLR_0607_NPL
[2026-08-25 12:06:07] [972/1627] Dumping FI_PR_PLR_0708_NPL ...
[2026-08-25 12:06:07] [972/1627] OK FI_PR_PLR_0708_NPL
[2026-08-25 12:06:07] [973/1627] Dumping FI_PR_PLR_DIFF_2020 ...
[2026-08-25 12:06:07] [973/1627] OK FI_PR_PLR_DIFF_2020
[2026-08-25 12:06:07] [974/1627] Dumping FI_PR_PLR_DIFF_2021 ...
[2026-08-25 12:06:07] [974/1627] OK FI_PR_PLR_DIFF_2021
[2026-08-25 12:06:07] [975/1627] Dumping FI_PR_PLR_LV_2006 ...
[2026-08-25 12:06:08] [975/1627] OK FI_PR_PLR_LV_2006
[2026-08-25 12:06:08] [976/1627] Dumping FI_PR_PLR_LV_2007 ...
[2026-08-25 12:06:08] [976/1627] OK FI_PR_PLR_LV_2007
[2026-08-25 12:06:08] [977/1627] Dumping FI_PR_PLR_LV_2008 ...
[2026-08-25 12:06:09] [977/1627] OK FI_PR_PLR_LV_2008
[2026-08-25 12:06:09] [978/1627] Dumping FI_PR_PLR_LV_2008_COMPARE ...
[2026-08-25 12:06:09] [978/1627] OK FI_PR_PLR_LV_2008_COMPARE
[2026-08-25 12:06:09] [979/1627] Dumping FI_PR_PLR_LV_2010 ...
[2026-08-25 12:06:10] [979/1627] OK FI_PR_PLR_LV_2010
[2026-08-25 12:06:10] [980/1627] Dumping FI_PR_PLR_LV_2011 ...
[2026-08-25 12:06:10] [980/1627] OK FI_PR_PLR_LV_2011
[2026-08-25 12:06:10] [981/1627] Dumping FI_PR_PLR_LV_2011_BCK ...
[2026-08-25 12:06:11] [981/1627] OK FI_PR_PLR_LV_2011_BCK
[2026-08-25 12:06:11] [982/1627] Dumping FI_PR_PLR_LV_2011_RET ...
[2026-08-25 12:06:11] [982/1627] OK FI_PR_PLR_LV_2011_RET
[2026-08-25 12:06:11] [983/1627] Dumping FI_PR_PLR_LV_2012 ...
[2026-08-25 12:06:11] [983/1627] OK FI_PR_PLR_LV_2012
[2026-08-25 12:06:11] [984/1627] Dumping FI_PR_PLR_LV_2012_BCK ...
[2026-08-25 12:06:11] [984/1627] OK FI_PR_PLR_LV_2012_BCK
[2026-08-25 12:06:11] [985/1627] Dumping FI_PR_PLR_LV_2012_RET ...
[2026-08-25 12:06:12] [985/1627] OK FI_PR_PLR_LV_2012_RET
[2026-08-25 12:06:12] [986/1627] Dumping FI_PR_PLR_LV_2013 ...
[2026-08-25 12:06:12] [986/1627] OK FI_PR_PLR_LV_2013
[2026-08-25 12:06:12] [987/1627] Dumping FI_PR_PLR_LV_2014 ...
[2026-08-25 12:06:13] [987/1627] OK FI_PR_PLR_LV_2014
[2026-08-25 12:06:13] [988/1627] Dumping FI_PR_PLR_LV_2014_RET ...
[2026-08-25 12:06:13] [988/1627] OK FI_PR_PLR_LV_2014_RET
[2026-08-25 12:06:13] [989/1627] Dumping FI_PR_PLR_LV_2015 ...
[2026-08-25 12:06:13] [989/1627] OK FI_PR_PLR_LV_2015
[2026-08-25 12:06:13] [990/1627] Dumping FI_PR_PLR_LV_2015_RET ...
[2026-08-25 12:06:13] [990/1627] OK FI_PR_PLR_LV_2015_RET
[2026-08-25 12:06:13] [991/1627] Dumping FI_PR_PLR_LV_2016 ...
[2026-08-25 12:06:14] [991/1627] OK FI_PR_PLR_LV_2016
[2026-08-25 12:06:14] [992/1627] Dumping FI_PR_PLR_LV_2017 ...
[2026-08-25 12:06:14] [992/1627] OK FI_PR_PLR_LV_2017
[2026-08-25 12:06:14] [993/1627] Dumping FI_PR_PLR_LV_2018 ...
[2026-08-25 12:06:14] [993/1627] OK FI_PR_PLR_LV_2018
[2026-08-25 12:06:14] [994/1627] Dumping FI_PR_PLR_LV_2019 ...
[2026-08-25 12:06:15] [994/1627] OK FI_PR_PLR_LV_2019
[2026-08-25 12:06:15] [995/1627] Dumping FI_PR_PLR_LV_2019_15398 ...
[2026-08-25 12:06:15] [995/1627] OK FI_PR_PLR_LV_2019_15398
[2026-08-25 12:06:15] [996/1627] Dumping FI_PR_PLR_LV_2020 ...
[2026-08-25 12:06:15] [996/1627] OK FI_PR_PLR_LV_2020
[2026-08-25 12:06:15] [997/1627] Dumping FI_PR_PLR_LV_2021 ...
[2026-08-25 12:06:16] [997/1627] OK FI_PR_PLR_LV_2021
[2026-08-25 12:06:16] [998/1627] Dumping FI_PR_PM_CARES_FUND ...
[2026-08-25 12:06:16] [998/1627] OK FI_PR_PM_CARES_FUND
[2026-08-25 12:06:16] [999/1627] Dumping FI_PR_POST_DETAILS ...
[2026-08-25 12:06:16] [999/1627] OK FI_PR_POST_DETAILS
[2026-08-25 12:06:16] [1000/1627] Dumping FI_PR_PROCESS_LOCK ...
[2026-08-25 12:06:16] [1000/1627] OK FI_PR_PROCESS_LOCK
[2026-08-25 12:06:16] [1001/1627] Dumping FI_PR_PROMOTION_12 ...
[2026-08-25 12:06:16] [1001/1627] OK FI_PR_PROMOTION_12
[2026-08-25 12:06:16] [1002/1627] Dumping FI_PR_QRENT_DED_WRARR ...
[2026-08-25 12:06:17] [1002/1627] OK FI_PR_QRENT_DED_WRARR
[2026-08-25 12:06:17] [1003/1627] Dumping FI_PR_QRENT_DED_WRARR_OFF ...
[2026-08-25 12:06:17] [1003/1627] OK FI_PR_QRENT_DED_WRARR_OFF
[2026-08-25 12:06:17] [1004/1627] Dumping FI_PR_QRENT_DED_WRARR_OFF_BCK ...
[2026-08-25 12:06:17] [1004/1627] OK FI_PR_QRENT_DED_WRARR_OFF_BCK
[2026-08-25 12:06:17] [1005/1627] Dumping FI_PR_QRENT_TEST ...
[2026-08-25 12:06:23] [1005/1627] OK FI_PR_QRENT_TEST
[2026-08-25 12:06:23] [1006/1627] Dumping FI_PR_QRENT_TEST_OFF ...
[2026-08-25 12:06:24] [1006/1627] OK FI_PR_QRENT_TEST_OFF
[2026-08-25 12:06:24] [1007/1627] Dumping FI_PR_QTRS_RENT_INP ...
[2026-08-25 12:06:24] [1007/1627] OK FI_PR_QTRS_RENT_INP
[2026-08-25 12:06:24] [1008/1627] Dumping FI_PR_QTRS_RENT_OUT ...
[2026-08-25 12:06:24] [1008/1627] OK FI_PR_QTRS_RENT_OUT
[2026-08-25 12:06:24] [1009/1627] Dumping FI_PR_QTR_NEWRT ...
[2026-08-25 12:06:24] [1009/1627] OK FI_PR_QTR_NEWRT
[2026-08-25 12:06:24] [1010/1627] Dumping FI_PR_QTR_NEWRT_34 ...
[2026-08-25 12:06:25] [1010/1627] OK FI_PR_QTR_NEWRT_34
[2026-08-25 12:06:25] [1011/1627] Dumping FI_PR_RET_ARR_WR2017 ...
[2026-08-25 12:06:25] [1011/1627] OK FI_PR_RET_ARR_WR2017
[2026-08-25 12:06:25] [1012/1627] Dumping FI_PR_RET_III_IV_LOT1 ...
[2026-08-25 12:06:25] [1012/1627] OK FI_PR_RET_III_IV_LOT1
[2026-08-25 12:06:25] [1013/1627] Dumping FI_PR_RET_III_IV_LOT2 ...
[2026-08-25 12:06:25] [1013/1627] OK FI_PR_RET_III_IV_LOT2
[2026-08-25 12:06:25] [1014/1627] Dumping FI_PR_RET_III_IV_LOT3 ...
[2026-08-25 12:06:25] [1014/1627] OK FI_PR_RET_III_IV_LOT3
[2026-08-25 12:06:25] [1015/1627] Dumping FI_PR_REVOFFPROV ...
[2026-08-25 12:06:25] [1015/1627] OK FI_PR_REVOFFPROV
[2026-08-25 12:06:25] [1016/1627] Dumping FI_PR_RS_EMP_2012 ...
[2026-08-25 12:06:26] [1016/1627] OK FI_PR_RS_EMP_2012
[2026-08-25 12:06:26] [1017/1627] Dumping FI_PR_SAL_BACKDATA_CREATION ...
[2026-08-25 12:20:01] [1017/1627] OK FI_PR_SAL_BACKDATA_CREATION
[2026-08-25 12:20:01] [1018/1627] Dumping FI_PR_SAL_BACKDATA_TEMP ...
[2026-08-25 12:20:05] [1018/1627] OK FI_PR_SAL_BACKDATA_TEMP
[2026-08-25 12:20:05] [1019/1627] Dumping FI_PR_SCALE_MTH ...
[2026-08-25 12:20:07] [1019/1627] OK FI_PR_SCALE_MTH
[2026-08-25 12:20:07] [1020/1627] Dumping FI_PR_SCALE_YEAR_EMP ...
[2026-08-25 12:20:08] [1020/1627] OK FI_PR_SCALE_YEAR_EMP
[2026-08-25 12:20:08] [1021/1627] Dumping FI_PR_SEPARATION_DT_NULL ...
[2026-08-25 12:20:09] [1021/1627] OK FI_PR_SEPARATION_DT_NULL
[2026-08-25 12:20:09] [1022/1627] Dumping FI_PR_SPL_LV_ENCSH ...
[2026-08-25 12:20:10] [1022/1627] OK FI_PR_SPL_LV_ENCSH
[2026-08-25 12:20:10] [1023/1627] Dumping FI_PR_SPL_LV_ENCSH1 ...
[2026-08-25 12:20:10] [1023/1627] OK FI_PR_SPL_LV_ENCSH1
[2026-08-25 12:20:10] [1024/1627] Dumping FI_PR_STAG ...
[2026-08-25 12:20:11] [1024/1627] OK FI_PR_STAG
[2026-08-25 12:20:11] [1025/1627] Dumping FI_PR_STOP_600_DEDN ...
[2026-08-25 12:20:12] [1025/1627] OK FI_PR_STOP_600_DEDN
[2026-08-25 12:20:12] [1026/1627] Dumping FI_PR_SUPP_ECS ...
[2026-08-25 12:20:13] [1026/1627] OK FI_PR_SUPP_ECS
[2026-08-25 12:20:13] [1027/1627] Dumping FI_PR_SUPP_ECS_AUDIT ...
[2026-08-25 12:20:13] [1027/1627] OK FI_PR_SUPP_ECS_AUDIT
[2026-08-25 12:20:13] [1028/1627] Dumping FI_PR_SUP_ENC_CORR ...
[2026-08-25 12:20:14] [1028/1627] OK FI_PR_SUP_ENC_CORR
[2026-08-25 12:20:14] [1029/1627] Dumping FI_PR_TADA_PARTY_BILL_DTL ...
[2026-08-25 12:20:16] [1029/1627] OK FI_PR_TADA_PARTY_BILL_DTL
[2026-08-25 12:20:16] [1030/1627] Dumping FI_PR_TADA_PARTY_BILL_HDR ...
[2026-08-25 12:20:17] [1030/1627] OK FI_PR_TADA_PARTY_BILL_HDR
[2026-08-25 12:20:17] [1031/1627] Dumping FI_PR_TA_DA_APPROVED_MST ...
[2026-08-25 12:20:17] [1031/1627] OK FI_PR_TA_DA_APPROVED_MST
[2026-08-25 12:20:17] [1032/1627] Dumping FI_PR_TA_DA_CITY_MST ...
[2026-08-25 12:20:18] [1032/1627] OK FI_PR_TA_DA_CITY_MST
[2026-08-25 12:20:18] [1033/1627] Dumping FI_PR_TA_DA_HDR ...
[2026-08-25 12:20:29] [1033/1627] OK FI_PR_TA_DA_HDR
[2026-08-25 12:20:29] [1034/1627] Dumping FI_PR_TA_DA_HDR_DEPUTY ...
[2026-08-25 12:20:29] [1034/1627] OK FI_PR_TA_DA_HDR_DEPUTY
[2026-08-25 12:20:29] [1035/1627] Dumping FI_PR_TA_DTL ...
[2026-08-25 12:20:30] [1035/1627] FAIL FI_PR_TA_DTL: (1171, 'All parts of a PRIMARY KEY must be NOT NULL; if you need NULL in a key, use UNIQUE instead')
[2026-08-25 12:20:30] [1036/1627] Dumping FI_PR_TA_DTL_DEPUTY ...
[2026-08-25 12:20:31] [1036/1627] OK FI_PR_TA_DTL_DEPUTY
[2026-08-25 12:20:31] [1037/1627] Dumping FI_PR_TD_295_STOP_EMP_DTL ...
[2026-08-25 12:20:32] [1037/1627] OK FI_PR_TD_295_STOP_EMP_DTL
[2026-08-25 12:20:32] [1038/1627] Dumping FI_PR_TD_ADV_LV_SAL ...
[2026-08-25 12:20:32] [1038/1627] OK FI_PR_TD_ADV_LV_SAL
[2026-08-25 12:20:32] [1039/1627] Dumping FI_PR_TD_ADV_LV_SALOUT ...
[2026-08-25 12:20:32] [1039/1627] OK FI_PR_TD_ADV_LV_SALOUT
[2026-08-25 12:20:32] [1040/1627] Dumping FI_PR_TD_ADV_LV_SALOUT_PKP ...
[2026-08-25 12:20:33] [1040/1627] OK FI_PR_TD_ADV_LV_SALOUT_PKP
[2026-08-25 12:20:33] [1041/1627] Dumping FI_PR_TD_ADV_LV_SALOUT_PKP1 ...
[2026-08-25 12:20:34] [1041/1627] OK FI_PR_TD_ADV_LV_SALOUT_PKP1
[2026-08-25 12:20:34] [1042/1627] Dumping FI_PR_TD_ARREAR_BONUS ...
[2026-08-25 12:20:46] [1042/1627] OK FI_PR_TD_ARREAR_BONUS
[2026-08-25 12:20:46] [1043/1627] Dumping FI_PR_TD_ARREAR_BONUS200707 ...
[2026-08-25 12:20:57] [1043/1627] OK FI_PR_TD_ARREAR_BONUS200707
[2026-08-25 12:20:57] [1044/1627] Dumping FI_PR_TD_ARREAR_BONUS_110907 ...
[2026-08-25 12:21:09] [1044/1627] OK FI_PR_TD_ARREAR_BONUS_110907
[2026-08-25 12:21:09] [1045/1627] Dumping FI_PR_TD_ARR_2007WR_12 ...
[2026-08-25 12:21:54] [1045/1627] OK FI_PR_TD_ARR_2007WR_12
[2026-08-25 12:21:54] [1046/1627] Dumping FI_PR_TD_ARR_2007WR_12_SUM ...
[2026-08-25 12:21:56] [1046/1627] OK FI_PR_TD_ARR_2007WR_12_SUM
[2026-08-25 12:21:56] [1047/1627] Dumping FI_PR_TD_ARR_2007WR_BACKUP ...
[2026-08-25 12:29:04] [1047/1627] OK FI_PR_TD_ARR_2007WR_BACKUP
[2026-08-25 12:29:04] [1048/1627] Dumping FI_PR_TD_ARR_2007WR_MOD ...
[2026-08-25 12:37:33] [1048/1627] OK FI_PR_TD_ARR_2007WR_MOD
[2026-08-25 12:37:33] [1049/1627] Dumping FI_PR_TD_ARR_2007WR_OF_FAIC ...
[2026-08-25 12:40:29] [1049/1627] OK FI_PR_TD_ARR_2007WR_OF_FAIC
[2026-08-25 12:40:29] [1050/1627] Dumping FI_PR_TD_ARR_2007WR_OF_JUL11 ...
[2026-08-25 12:40:32] [1050/1627] OK FI_PR_TD_ARR_2007WR_OF_JUL11
[2026-08-25 12:40:32] [1051/1627] Dumping FI_PR_TD_ARR_2007WR_SUM ...
[2026-08-25 12:40:44] [1051/1627] OK FI_PR_TD_ARR_2007WR_SUM
[2026-08-25 12:40:44] [1052/1627] Dumping FI_PR_TD_ARR_COMP ...
[2026-08-25 13:11:23] [1052/1627] OK FI_PR_TD_ARR_COMP
[2026-08-25 13:11:23] [1053/1627] Dumping FI_PR_TD_ARR_COMP_2007WR ...
[2026-08-25 13:22:28] [1053/1627] OK FI_PR_TD_ARR_COMP_2007WR
[2026-08-25 13:22:28] [1054/1627] Dumping FI_PR_TD_ARR_COMP_2007WR_BCK2 ...
[2026-08-25 13:29:05] [1054/1627] OK FI_PR_TD_ARR_COMP_2007WR_BCK2
[2026-08-25 13:29:05] [1055/1627] Dumping FI_PR_TD_ARR_COMP_2007WR_BCK3 ...
[2026-08-25 13:34:57] [1055/1627] OK FI_PR_TD_ARR_COMP_2007WR_BCK3
[2026-08-25 13:34:57] [1056/1627] Dumping FI_PR_TD_ARR_COMP_2007WR_I ...
[2026-08-25 13:35:04] [1056/1627] OK FI_PR_TD_ARR_COMP_2007WR_I
[2026-08-25 13:35:04] [1057/1627] Dumping FI_PR_TD_ARR_COMP_2007WR_OFF ...
[2026-08-25 13:35:24] [1057/1627] OK FI_PR_TD_ARR_COMP_2007WR_OFF
[2026-08-25 13:35:24] [1058/1627] Dumping FI_PR_TD_ARR_COMP_2007WR_OFF34 ...
[2026-08-25 13:35:26] [1058/1627] OK FI_PR_TD_ARR_COMP_2007WR_OFF34
[2026-08-25 13:35:26] [1059/1627] Dumping FI_PR_TD_ARR_COMP_2PT2 ...
[2026-08-25 13:36:35] [1059/1627] OK FI_PR_TD_ARR_COMP_2PT2
[2026-08-25 13:36:35] [1060/1627] Dumping FI_PR_TD_ARR_COMP_LA_2007WR ...
[2026-08-25 13:37:03] [1060/1627] OK FI_PR_TD_ARR_COMP_LA_2007WR
[2026-08-25 13:37:03] [1061/1627] Dumping FI_PR_TD_ARR_COMP_LVENC ...
[2026-08-25 13:37:03] [1061/1627] OK FI_PR_TD_ARR_COMP_LVENC
[2026-08-25 13:37:03] [1062/1627] Dumping FI_PR_TD_CAFE_DOC_RECOV ...
[2026-08-25 13:37:04] [1062/1627] OK FI_PR_TD_CAFE_DOC_RECOV
[2026-08-25 13:37:04] [1063/1627] Dumping FI_PR_TD_COURTADJ ...
[2026-08-25 13:37:05] [1063/1627] OK FI_PR_TD_COURTADJ
[2026-08-25 13:37:05] [1064/1627] Dumping FI_PR_TD_DADJDTL ...
[2026-08-25 13:37:19] [1064/1627] OK FI_PR_TD_DADJDTL
[2026-08-25 13:37:19] [1065/1627] Dumping FI_PR_TD_DADJDTL_LOC ...
[2026-08-25 13:37:23] [1065/1627] OK FI_PR_TD_DADJDTL_LOC
[2026-08-25 13:37:23] [1066/1627] Dumping FI_PR_TD_DADJFOR ...
[2026-08-25 13:37:38] [1066/1627] OK FI_PR_TD_DADJFOR
[2026-08-25 13:37:38] [1067/1627] Dumping FI_PR_TD_DADJFOR_LOC ...
[2026-08-25 13:37:41] [1067/1627] OK FI_PR_TD_DADJFOR_LOC
[2026-08-25 13:37:41] [1068/1627] Dumping FI_PR_TD_DA_HRA_ARR ...
[2026-08-25 13:38:34] [1068/1627] OK FI_PR_TD_DA_HRA_ARR
[2026-08-25 13:38:34] [1069/1627] Dumping FI_PR_TD_DEDNSMTH ...
[2026-08-25 13:38:36] [1069/1627] OK FI_PR_TD_DEDNSMTH
[2026-08-25 13:38:36] [1070/1627] Dumping FI_PR_TD_DESIG_STRENGTH ...
[2026-08-25 13:38:38] [1070/1627] OK FI_PR_TD_DESIG_STRENGTH
[2026-08-25 13:38:38] [1071/1627] Dumping FI_PR_TD_DUMM2_SALOUT ...
[2026-08-25 13:38:39] [1071/1627] OK FI_PR_TD_DUMM2_SALOUT
[2026-08-25 13:38:39] [1072/1627] Dumping FI_PR_TD_DUMM3_SALOUT ...
[2026-08-25 13:38:40] [1072/1627] OK FI_PR_TD_DUMM3_SALOUT
[2026-08-25 13:38:40] [1073/1627] Dumping FI_PR_TD_DUMM_SALOUT ...
[2026-08-25 13:38:40] [1073/1627] OK FI_PR_TD_DUMM_SALOUT
[2026-08-25 13:38:40] [1074/1627] Dumping FI_PR_TD_EADJDTL ...
[2026-08-25 13:39:39] [1074/1627] OK FI_PR_TD_EADJDTL
[2026-08-25 13:39:39] [1075/1627] Dumping FI_PR_TD_EADJDTL_AU2007 ...
[2026-08-25 13:39:58] [1075/1627] OK FI_PR_TD_EADJDTL_AU2007
[2026-08-25 13:39:58] [1076/1627] Dumping FI_PR_TD_EADJDTL_BISU ...
[2026-08-25 13:39:58] [1076/1627] OK FI_PR_TD_EADJDTL_BISU
[2026-08-25 13:39:58] [1077/1627] Dumping FI_PR_TD_EADJDTL_H ...
[2026-08-25 13:40:00] [1077/1627] OK FI_PR_TD_EADJDTL_H
[2026-08-25 13:40:00] [1078/1627] Dumping FI_PR_TD_EADJDTL_LOC ...
[2026-08-25 13:40:16] [1078/1627] OK FI_PR_TD_EADJDTL_LOC
[2026-08-25 13:40:16] [1079/1627] Dumping FI_PR_TD_EADJFOR ...
[2026-08-25 13:40:53] [1079/1627] OK FI_PR_TD_EADJFOR
[2026-08-25 13:40:53] [1080/1627] Dumping FI_PR_TD_EADJFOR_LOC ...
[2026-08-25 13:41:03] [1080/1627] OK FI_PR_TD_EADJFOR_LOC
[2026-08-25 13:41:03] [1081/1627] Dumping FI_PR_TD_EADJFOR_MAY ...
[2026-08-25 13:41:13] [1081/1627] OK FI_PR_TD_EADJFOR_MAY
[2026-08-25 13:41:13] [1082/1627] Dumping FI_PR_TD_ELGDEDRT ...
[2026-08-25 13:41:14] [1082/1627] OK FI_PR_TD_ELGDEDRT
[2026-08-25 13:41:14] [1083/1627] Dumping FI_PR_TD_FNORM_RECOV ...
[2026-08-25 13:41:15] [1083/1627] OK FI_PR_TD_FNORM_RECOV
[2026-08-25 13:41:15] [1084/1627] Dumping FI_PR_TD_JV ...
[2026-08-25 13:46:51] [1084/1627] OK FI_PR_TD_JV
[2026-08-25 13:46:51] [1085/1627] Dumping FI_PR_TD_JV_0407 ...
[2026-08-25 13:47:59] [1085/1627] OK FI_PR_TD_JV_0407
[2026-08-25 13:47:59] [1086/1627] Dumping FI_PR_TD_JV_ADV ...
[2026-08-25 13:48:00] [1086/1627] OK FI_PR_TD_JV_ADV
[2026-08-25 13:48:00] [1087/1627] Dumping FI_PR_TD_JV_MAN ...
[2026-08-25 13:48:26] [1087/1627] OK FI_PR_TD_JV_MAN
[2026-08-25 13:48:26] [1088/1627] Dumping FI_PR_TD_JV_MAN6 ...
[2026-08-25 13:48:48] [1088/1627] OK FI_PR_TD_JV_MAN6
[2026-08-25 13:48:48] [1089/1627] Dumping FI_PR_TD_JV_MAN_NEW ...
[2026-08-25 13:48:50] [1089/1627] OK FI_PR_TD_JV_MAN_NEW
[2026-08-25 13:48:50] [1090/1627] Dumping FI_PR_TD_JV_MAN_TEMP ...
[2026-08-25 13:48:51] [1090/1627] OK FI_PR_TD_JV_MAN_TEMP
[2026-08-25 13:48:51] [1091/1627] Dumping FI_PR_TD_JV_MAR2007 ...
[2026-08-25 13:50:02] [1091/1627] OK FI_PR_TD_JV_MAR2007
[2026-08-25 13:50:02] [1092/1627] Dumping FI_PR_TD_JV_PKD ...
[2026-08-25 13:50:06] [1092/1627] OK FI_PR_TD_JV_PKD
[2026-08-25 13:50:06] [1093/1627] Dumping FI_PR_TD_JV_SAL ...
[2026-08-25 13:51:15] [1093/1627] OK FI_PR_TD_JV_SAL
[2026-08-25 13:51:15] [1094/1627] Dumping FI_PR_TD_JV_SAL_AUG ...
[2026-08-25 13:51:17] [1094/1627] OK FI_PR_TD_JV_SAL_AUG
[2026-08-25 13:51:17] [1095/1627] Dumping FI_PR_TD_JV_SEP2606 ...
[2026-08-25 13:52:00] [1095/1627] OK FI_PR_TD_JV_SEP2606
[2026-08-25 13:52:00] [1096/1627] Dumping FI_PR_TD_LEAVE_DATA ...
[2026-08-25 13:52:01] [1096/1627] OK FI_PR_TD_LEAVE_DATA
[2026-08-25 13:52:01] [1097/1627] Dumping FI_PR_TD_LEAVE_MODULE ...
[2026-08-25 13:52:19] [1097/1627] OK FI_PR_TD_LEAVE_MODULE
[2026-08-25 13:52:19] [1098/1627] Dumping FI_PR_TD_LEAVE_MODULE_PLR_2010 ...
[2026-08-25 13:52:21] [1098/1627] OK FI_PR_TD_LEAVE_MODULE_PLR_2010
[2026-08-25 13:52:21] [1099/1627] Dumping FI_PR_TD_LEAVE_MODULE_PLR_2011 ...
[2026-08-25 13:52:26] [1099/1627] OK FI_PR_TD_LEAVE_MODULE_PLR_2011
[2026-08-25 13:52:26] [1100/1627] Dumping FI_PR_TD_LEAVE_MODULE_PLR_2012 ...
[2026-08-25 13:52:28] [1100/1627] OK FI_PR_TD_LEAVE_MODULE_PLR_2012
[2026-08-25 13:52:28] [1101/1627] Dumping FI_PR_TD_LEAVE_MODULE_PLR_2013 ...
[2026-08-25 13:52:31] [1101/1627] OK FI_PR_TD_LEAVE_MODULE_PLR_2013
[2026-08-25 13:52:31] [1102/1627] Dumping FI_PR_TD_LVOUT ...
[2026-08-25 13:55:56] [1102/1627] OK FI_PR_TD_LVOUT
[2026-08-25 13:55:56] [1103/1627] Dumping FI_PR_TD_LVOUT_2007WR ...
[2026-08-25 13:56:49] [1103/1627] OK FI_PR_TD_LVOUT_2007WR
[2026-08-25 13:56:49] [1104/1627] Dumping FI_PR_TD_LVOUT_ADM_2016 ...
[2026-08-25 13:58:37] [1104/1627] OK FI_PR_TD_LVOUT_ADM_2016
[2026-08-25 13:58:37] [1105/1627] Dumping FI_PR_TD_LVOUT_ADM_55_052017 ...
[2026-08-25 13:59:18] [1105/1627] OK FI_PR_TD_LVOUT_ADM_55_052017
[2026-08-25 13:59:18] [1106/1627] Dumping FI_PR_TD_LVOUT_ARPAN_BACKUP ...
[2026-08-25 13:59:19] [1106/1627] OK FI_PR_TD_LVOUT_ARPAN_BACKUP
[2026-08-25 13:59:19] [1107/1627] Dumping FI_PR_TD_LVOUT_ARR ...
[2026-08-25 14:10:42] [1107/1627] OK FI_PR_TD_LVOUT_ARR
[2026-08-25 14:10:42] [1108/1627] Dumping FI_PR_TD_LVOUT_HIS ...
[2026-08-25 14:10:43] [1108/1627] OK FI_PR_TD_LVOUT_HIS
[2026-08-25 14:10:43] [1109/1627] Dumping FI_PR_TD_LVOUT_LOC ...
[2026-08-25 14:13:07] [1109/1627] OK FI_PR_TD_LVOUT_LOC
[2026-08-25 14:13:07] [1110/1627] Dumping FI_PR_TD_LVOUT_PLR_2010 ...
[2026-08-25 14:13:22] [1110/1627] OK FI_PR_TD_LVOUT_PLR_2010
[2026-08-25 14:13:22] [1111/1627] Dumping FI_PR_TD_LVOUT_PLR_2011 ...
[2026-08-25 14:13:36] [1111/1627] OK FI_PR_TD_LVOUT_PLR_2011
[2026-08-25 14:13:36] [1112/1627] Dumping FI_PR_TD_LVOUT_PLR_2012 ...
[2026-08-25 14:13:51] [1112/1627] OK FI_PR_TD_LVOUT_PLR_2012
[2026-08-25 14:13:51] [1113/1627] Dumping FI_PR_TD_LVOUT_PLR_2013 ...
[2026-08-25 14:14:03] [1113/1627] OK FI_PR_TD_LVOUT_PLR_2013
[2026-08-25 14:14:03] [1114/1627] Dumping FI_PR_TD_LVOUT_PLR_2014 ...
[2026-08-25 14:14:42] [1114/1627] OK FI_PR_TD_LVOUT_PLR_2014
[2026-08-25 14:14:42] [1115/1627] Dumping FI_PR_TD_LVOUT_PLR_2014_RET ...
[2026-08-25 14:14:45] [1115/1627] OK FI_PR_TD_LVOUT_PLR_2014_RET
[2026-08-25 14:14:45] [1116/1627] Dumping FI_PR_TD_LVOUT_PLR_2015 ...
[2026-08-25 14:15:22] [1116/1627] OK FI_PR_TD_LVOUT_PLR_2015
[2026-08-25 14:15:22] [1117/1627] Dumping FI_PR_TD_LVOUT_PLR_2015_RET ...
[2026-08-25 14:15:23] [1117/1627] OK FI_PR_TD_LVOUT_PLR_2015_RET
[2026-08-25 14:15:23] [1118/1627] Dumping FI_PR_TD_LVOUT_PLR_2016 ...
[2026-08-25 14:15:57] [1118/1627] OK FI_PR_TD_LVOUT_PLR_2016
[2026-08-25 14:15:57] [1119/1627] Dumping FI_PR_TD_LVOUT_PLR_2017 ...
[2026-08-25 14:16:39] [1119/1627] OK FI_PR_TD_LVOUT_PLR_2017
[2026-08-25 14:16:39] [1120/1627] Dumping FI_PR_TD_LVOUT_PLR_2018 ...
[2026-08-25 14:17:21] [1120/1627] OK FI_PR_TD_LVOUT_PLR_2018
[2026-08-25 14:17:21] [1121/1627] Dumping FI_PR_TD_LVOUT_PLR_2019 ...
[2026-08-25 14:17:56] [1121/1627] OK FI_PR_TD_LVOUT_PLR_2019
[2026-08-25 14:17:56] [1122/1627] Dumping FI_PR_TD_LVOUT_PLR_2020 ...
[2026-08-25 14:18:29] [1122/1627] OK FI_PR_TD_LVOUT_PLR_2020
[2026-08-25 14:18:29] [1123/1627] Dumping FI_PR_TD_LVOUT_PLR_2021 ...
[2026-08-25 14:18:30] [1123/1627] OK FI_PR_TD_LVOUT_PLR_2021
[2026-08-25 14:18:30] [1124/1627] Dumping FI_PR_TD_LVOUT_TEST ...
[2026-08-25 14:18:33] [1124/1627] OK FI_PR_TD_LVOUT_TEST
[2026-08-25 14:18:33] [1125/1627] Dumping FI_PR_TD_LV_BRK ...
[2026-08-25 14:27:13] [1125/1627] OK FI_PR_TD_LV_BRK
[2026-08-25 14:27:13] [1126/1627] Dumping FI_PR_TD_LV_MODULE_ARR ...
[2026-08-25 14:27:14] [1126/1627] OK FI_PR_TD_LV_MODULE_ARR
[2026-08-25 14:27:14] [1127/1627] Dumping FI_PR_TD_LV_PAYROLL_MODULE ...
[2026-08-25 14:28:12] [1127/1627] OK FI_PR_TD_LV_PAYROLL_MODULE
[2026-08-25 14:28:12] [1128/1627] Dumping FI_PR_TD_LV_PAYROLL_PLR_2010 ...
[2026-08-25 14:28:22] [1128/1627] OK FI_PR_TD_LV_PAYROLL_PLR_2010
[2026-08-25 14:28:22] [1129/1627] Dumping FI_PR_TD_LV_PAYROLL_PLR_2011 ...
[2026-08-25 14:28:37] [1129/1627] OK FI_PR_TD_LV_PAYROLL_PLR_2011
[2026-08-25 14:28:37] [1130/1627] Dumping FI_PR_TD_LV_PAYROLL_PLR_2012 ...
[2026-08-25 14:28:50] [1130/1627] OK FI_PR_TD_LV_PAYROLL_PLR_2012
[2026-08-25 14:28:50] [1131/1627] Dumping FI_PR_TD_LV_PAYROLL_PLR_2013 ...
[2026-08-25 14:29:02] [1131/1627] OK FI_PR_TD_LV_PAYROLL_PLR_2013
[2026-08-25 14:29:02] [1132/1627] Dumping FI_PR_TD_MTHDEDNP ...
[2026-08-25 14:29:03] [1132/1627] OK FI_PR_TD_MTHDEDNP
[2026-08-25 14:29:03] [1133/1627] Dumping FI_PR_TD_PAYROLL_DATA ...
[2026-08-25 14:29:04] [1133/1627] OK FI_PR_TD_PAYROLL_DATA
[2026-08-25 14:29:04] [1134/1627] Dumping FI_PR_TD_PR_MODULE_ARR ...
[2026-08-25 14:29:05] [1134/1627] OK FI_PR_TD_PR_MODULE_ARR
[2026-08-25 14:29:05] [1135/1627] Dumping FI_PR_TD_QRENT_DUE ...
[2026-08-25 14:29:28] [1135/1627] OK FI_PR_TD_QRENT_DUE
[2026-08-25 14:29:28] [1136/1627] Dumping FI_PR_TD_QRENT_DUE_2017 ...
[2026-08-25 14:29:28] [1136/1627] OK FI_PR_TD_QRENT_DUE_2017
[2026-08-25 14:29:28] [1137/1627] Dumping FI_PR_TD_QRENT_DUE_2020 ...
[2026-08-25 14:29:31] [1137/1627] OK FI_PR_TD_QRENT_DUE_2020
[2026-08-25 14:29:31] [1138/1627] Dumping FI_PR_TD_QRENT_RECOV ...
[2026-08-25 14:29:36] [1138/1627] OK FI_PR_TD_QRENT_RECOV
[2026-08-25 14:29:36] [1139/1627] Dumping FI_PR_TD_QRENT_RECOV_2020 ...
[2026-08-25 14:29:37] [1139/1627] OK FI_PR_TD_QRENT_RECOV_2020
[2026-08-25 14:29:37] [1140/1627] Dumping FI_PR_TD_RECOV ...
[2026-08-25 14:30:15] [1140/1627] OK FI_PR_TD_RECOV
[2026-08-25 14:30:15] [1141/1627] Dumping FI_PR_TD_RECOV_BACKUP ...
[2026-08-25 14:30:22] [1141/1627] OK FI_PR_TD_RECOV_BACKUP
[2026-08-25 14:30:22] [1142/1627] Dumping FI_PR_TD_RECOV_DUMM ...
[2026-08-25 14:30:23] [1142/1627] OK FI_PR_TD_RECOV_DUMM
[2026-08-25 14:30:23] [1143/1627] Dumping FI_PR_TD_RECOV_G_TEMP ...
[2026-08-25 14:30:23] [1143/1627] OK FI_PR_TD_RECOV_G_TEMP
[2026-08-25 14:30:23] [1144/1627] Dumping FI_PR_TD_RECOV_OLD ...
[2026-08-25 14:30:24] [1144/1627] OK FI_PR_TD_RECOV_OLD
[2026-08-25 14:30:24] [1145/1627] Dumping FI_PR_TD_RS_EARN ...
[2026-08-25 14:30:25] [1145/1627] OK FI_PR_TD_RS_EARN
[2026-08-25 14:30:25] [1146/1627] Dumping FI_PR_TD_SALOUT ...
[2026-08-25 16:14:35] [1146/1627] OK FI_PR_TD_SALOUT
[2026-08-25 16:14:35] [1147/1627] Dumping FI_PR_TD_SALOUT_052022_PF ...
[2026-08-25 16:14:38] [1147/1627] OK FI_PR_TD_SALOUT_052022_PF
[2026-08-25 16:14:38] [1148/1627] Dumping FI_PR_TD_SALOUT_060325 ...
[2026-08-25 18:12:26] [1148/1627] FAIL FI_PR_TD_SALOUT_060325: DPI-1010: not connected
[2026-08-25 18:12:27] [1149/1627] Dumping FI_PR_TD_SALOUT_072021_PF ...
[2026-08-25 21:46:13] [1149/1627] FAIL FI_PR_TD_SALOUT_072021_PF: ORA-12543: TNS:destination host unreachable
Help: https://docs.oracle.com/error-help/db/ora-12543/
[2026-08-25 21:46:13] [1150/1627] Dumping FI_PR_TD_SALOUT_07WR_OF_JUL11 ...
[2026-08-25 21:46:14] [1150/1627] FAIL FI_PR_TD_SALOUT_07WR_OF_JUL11: ORA-12543: TNS:destination host unreachable
Help: https://docs.oracle.com/error-help/db/ora-12543/
[2026-08-25 21:46:14] [1151/1627] Dumping FI_PR_TD_SALOUT_20022025 ...
[2026-08-25 21:46:15] [1151/1627] FAIL FI_PR_TD_SALOUT_20022025: ORA-12543: TNS:destination host unreachable
Help: https://docs.oracle.com/error-help/db/ora-12543/
[2026-08-25 21:46:15] [1152/1627] Dumping FI_PR_TD_SALOUT_2007WR ...
[2026-08-25 21:46:16] [1152/1627] FAIL FI_PR_TD_SALOUT_2007WR: ORA-12543: TNS:destination host unreachable
Help: https://docs.oracle.com/error-help/db/ora-12543/
[2026-08-25 21:46:16] [1153/1627] Dumping FI_PR_TD_SALOUT_2007WR_12 ...
[2026-08-25 21:46:16] [1153/1627] FAIL FI_PR_TD_SALOUT_2007WR_12: ORA-12543: TNS:destination host unreachable
Help: https://docs.oracle.com/error-help/db/ora-12543/
[2026-08-25 21:46:16] [1154/1627] Dumping FI_PR_TD_SALOUT_2007WR_I ...
[2026-08-25 21:46:17] [1154/1627] FAIL FI_PR_TD_SALOUT_2007WR_I: ORA-12543: TNS:destination host unreachable
Help: https://docs.oracle.com/error-help/db/ora-12543/
[2026-08-25 21:46:17] [1155/1627] Dumping FI_PR_TD_SALOUT_2007WR_OFFICER ...
[2026-08-25 21:46:17] [1155/1627] FAIL FI_PR_TD_SALOUT_2007WR_OFFICER: ORA-12543: TNS:destination host unreachable
Help: https://docs.oracle.com/error-help/db/ora-12543/
[2026-08-25 21:46:17] [1156/1627] Dumping FI_PR_TD_SALOUT_2007WR_OFF_34 ...
[2026-08-25 21:46:18] [1156/1627] FAIL FI_PR_TD_SALOUT_2007WR_OFF_34: ORA-12543: TNS:destination host unreachable
Help: https://docs.oracle.com/error-help/db/ora-12543/
[2026-08-25 21:46:18] [1157/1627] Dumping FI_PR_TD_SALOUT_2007WR_OF_FAIC ...
[2026-08-25 21:46:18] [1157/1627] FAIL FI_PR_TD_SALOUT_2007WR_OF_FAIC: ORA-12543: TNS:destination host unreachable
Help: https://docs.oracle.com/error-help/db/ora-12543/
[2026-08-25 21:46:18] [1158/1627] Dumping FI_PR_TD_SALOUT_2007WR_PF ...
[2026-08-25 21:46:18] [1158/1627] FAIL FI_PR_TD_SALOUT_2007WR_PF: ORA-12543: TNS:destination host unreachable
Help: https://docs.oracle.com/error-help/db/ora-12543/
[2026-08-25 21:46:18] [1159/1627] Dumping FI_PR_TD_SALOUT_2007WR_PF_O34 ...
[2026-08-25 21:46:19] [1159/1627] FAIL FI_PR_TD_SALOUT_2007WR_PF_O34: ORA-12543: TNS:destination host unreachable
Help: https://docs.oracle.com/error-help/db/ora-12543/
[2026-08-25 21:46:19] [1160/1627] Dumping FI_PR_TD_SALOUT_2007WR_PF_OFF ...
[2026-08-25 21:46:19] [1160/1627] FAIL FI_PR_TD_SALOUT_2007WR_PF_OFF: ORA-12543: TNS:destination host unreachable
Help: https://docs.oracle.com/error-help/db/ora-12543/
[2026-08-25 21:46:19] [1161/1627] Dumping FI_PR_TD_SALOUT_2007_2PT2_PF ...
[2026-08-25 21:46:19] [1161/1627] FAIL FI_PR_TD_SALOUT_2007_2PT2_PF: ORA-12543: TNS:destination host unreachable
Help: https://docs.oracle.com/error-help/db/ora-12543/
[2026-08-25 21:46:19] [1162/1627] Dumping FI_PR_TD_SALOUT_2012WR_PF ...
[2026-08-25 21:46:20] [1162/1627] FAIL FI_PR_TD_SALOUT_2012WR_PF: ORA-12543: TNS:destination host unreachable
Help: https://docs.oracle.com/error-help/db/ora-12543/
[2026-08-25 21:46:20] [1163/1627] Dumping FI_PR_TD_SALOUT_2017WR_PF ...
[2026-08-25 21:46:20] [1163/1627] FAIL FI_PR_TD_SALOUT_2017WR_PF: ORA-12543: TNS:destination host unreachable
Help: https://docs.oracle.com/error-help/db/ora-12543/
[2026-08-25 21:46:20] [1164/1627] Dumping FI_PR_TD_SALOUT_2022WR_PF ...
[2026-08-25 21:46:20] [1164/1627] FAIL FI_PR_TD_SALOUT_2022WR_PF: ORA-12543: TNS:destination host unreachable
Help: https://docs.oracle.com/error-help/db/ora-12543/
[2026-08-25 21:46:20] [1165/1627] Dumping FI_PR_TD_SALOUT_26022025 ...
[2026-08-25 21:46:21] [1165/1627] FAIL FI_PR_TD_SALOUT_26022025: ORA-12543: TNS:destination host unreachable
Help: https://docs.oracle.com/error-help/db/ora-12543/
[2026-08-25 21:46:21] [1166/1627] Dumping FI_PR_TD_SALOUT_275B_BACK ...
[2026-08-25 21:46:21] [1166/1627] FAIL FI_PR_TD_SALOUT_275B_BACK: ORA-12543: TNS:destination host unreachable
Help: https://docs.oracle.com/error-help/db/ora-12543/
[2026-08-25 21:46:21] [1167/1627] Dumping FI_PR_TD_SALOUT_275B_NOV10 ...
[2026-08-25 21:46:21] [1167/1627] FAIL FI_PR_TD_SALOUT_275B_NOV10: ORA-12543: TNS:destination host unreachable
Help: https://docs.oracle.com/error-help/db/ora-12543/
[2026-08-25 21:46:21] [1168/1627] Dumping FI_PR_TD_SALOUT_27NOV2012 ...
[2026-08-25 21:46:21] [1168/1627] FAIL FI_PR_TD_SALOUT_27NOV2012: ORA-12543: TNS:destination host unreachable
Help: https://docs.oracle.com/error-help/db/ora-12543/
[2026-08-25 21:46:22] [1169/1627] Dumping FI_PR_TD_SALOUT_31MAR2012 ...
[2026-08-25 21:46:22] [1169/1627] FAIL FI_PR_TD_SALOUT_31MAR2012: ORA-12543: TNS:destination host unreachable
Help: https://docs.oracle.com/error-help/db/ora-12543/
[2026-08-25 21:46:22] [1170/1627] Dumping FI_PR_TD_SALOUT_ARR ...
[2026-08-25 21:46:22] [1170/1627] FAIL FI_PR_TD_SALOUT_ARR: ORA-12543: TNS:destination host unreachable
Help: https://docs.oracle.com/error-help/db/ora-12543/
[2026-08-25 21:46:22] [1171/1627] Dumping FI_PR_TD_SALOUT_ARR0708 ...
[2026-08-25 21:46:23] [1171/1627] FAIL FI_PR_TD_SALOUT_ARR0708: ORA-12543: TNS:destination host unreachable
Help: https://docs.oracle.com/error-help/db/ora-12543/
[2026-08-25 21:46:23] [1172/1627] Dumping FI_PR_TD_SALOUT_ARR_2PT2 ...
[2026-08-25 21:46:23] [1172/1627] FAIL FI_PR_TD_SALOUT_ARR_2PT2: ORA-12543: TNS:destination host unreachable
Help: https://docs.oracle.com/error-help/db/ora-12543/
[2026-08-25 21:46:23] [1173/1627] Dumping FI_PR_TD_SALOUT_AUG02 ...
[2026-08-25 21:46:23] [1173/1627] FAIL FI_PR_TD_SALOUT_AUG02: ORA-12543: TNS:destination host unreachable
Help: https://docs.oracle.com/error-help/db/ora-12543/
[2026-08-25 21:46:23] [1174/1627] Dumping FI_PR_TD_SALOUT_BAK ...
[2026-08-25 21:46:24] [1174/1627] FAIL FI_PR_TD_SALOUT_BAK: ORA-12543: TNS:destination host unreachable
Help: https://docs.oracle.com/error-help/db/ora-12543/
[2026-08-25 21:46:24] [1175/1627] Dumping FI_PR_TD_SALOUT_BKP_27062024 ...
[2026-08-25 21:46:24] [1175/1627] FAIL FI_PR_TD_SALOUT_BKP_27062024: ORA-12543: TNS:destination host unreachable
Help: https://docs.oracle.com/error-help/db/ora-12543/
[2026-08-25 21:46:24] [1176/1627] Dumping FI_PR_TD_SALOUT_FEB25 ...
[2026-08-25 21:46:24] [1176/1627] FAIL FI_PR_TD_SALOUT_FEB25: ORA-12543: TNS:destination host unreachable
Help: https://docs.oracle.com/error-help/db/ora-12543/
[2026-08-25 21:46:24] [1177/1627] Dumping FI_PR_TD_SALOUT_G_TEMP ...
[2026-08-25 21:46:25] [1177/1627] FAIL FI_PR_TD_SALOUT_G_TEMP: ORA-12543: TNS:destination host unreachable
Help: https://docs.oracle.com/error-help/db/ora-12543/
[2026-08-25 21:46:25] [1178/1627] Dumping FI_PR_TD_SALOUT_HIST ...
[2026-08-25 21:46:25] [1178/1627] FAIL FI_PR_TD_SALOUT_HIST: ORA-12543: TNS:destination host unreachable
Help: https://docs.oracle.com/error-help/db/ora-12543/
[2026-08-25 21:46:25] [1179/1627] Dumping FI_PR_TD_SALOUT_HISTORY_JUL06 ...
[2026-08-25 21:46:25] [1179/1627] FAIL FI_PR_TD_SALOUT_HISTORY_JUL06: ORA-12543: TNS:destination host unreachable
Help: https://docs.oracle.com/error-help/db/ora-12543/
[2026-08-25 21:46:25] [1180/1627] Dumping FI_PR_TD_SALOUT_LA_2007WR ...
[2026-08-25 21:46:26] [1180/1627] FAIL FI_PR_TD_SALOUT_LA_2007WR: ORA-12543: TNS:destination host unreachable
Help: https://docs.oracle.com/error-help/db/ora-12543/
[2026-08-25 21:46:26] [1181/1627] Dumping FI_PR_TD_SALOUT_PALAS ...
[2026-08-25 21:46:26] [1181/1627] FAIL FI_PR_TD_SALOUT_PALAS: ORA-12543: TNS:destination host unreachable
Help: https://docs.oracle.com/error-help/db/ora-12543/
[2026-08-25 21:46:26] [1182/1627] Dumping FI_PR_TD_SALOUT_PKP ...
[2026-08-25 21:46:26] [1182/1627] FAIL FI_PR_TD_SALOUT_PKP: ORA-12543: TNS:destination host unreachable
Help: https://docs.oracle.com/error-help/db/ora-12543/
[2026-08-25 21:46:26] [1183/1627] Dumping FI_PR_TD_SALOUT_TANMOY ...
[2026-08-25 21:46:27] [1183/1627] FAIL FI_PR_TD_SALOUT_TANMOY: ORA-12543: TNS:destination host unreachable
Help: https://docs.oracle.com/error-help/db/ora-12543/
[2026-08-25 21:46:27] [1184/1627] Dumping FI_PR_TD_SALOUT_WR2007OFF2_PF ...
[2026-08-25 21:46:27] [1184/1627] FAIL FI_PR_TD_SALOUT_WR2007OFF2_PF: ORA-12543: TNS:destination host unreachable
Help: https://docs.oracle.com/error-help/db/ora-12543/
[2026-08-25 21:46:27] [1185/1627] Dumping FI_PR_TD_SALOUT_WR2007OFF_PF ...
[2026-08-25 21:46:27] [1185/1627] FAIL FI_PR_TD_SALOUT_WR2007OFF_PF: ORA-12543: TNS:destination host unreachable
Help: https://docs.oracle.com/error-help/db/ora-12543/
[2026-08-25 21:46:27] [1186/1627] Dumping FI_PR_TD_SALOUT_WR2017OFF2_PF ...
[2026-08-25 21:46:28] [1186/1627] FAIL FI_PR_TD_SALOUT_WR2017OFF2_PF: ORA-12543: TNS:destination host unreachable
Help: https://docs.oracle.com/error-help/db/ora-12543/
[2026-08-25 21:46:28] [1187/1627] Dumping FI_PR_TD_SALOUT_WR2017OFF_PF ...
[2026-08-25 21:46:29] [1187/1627] FAIL FI_PR_TD_SALOUT_WR2017OFF_PF: ORA-12543: TNS:destination host unreachable
Help: https://docs.oracle.com/error-help/db/ora-12543/
[2026-08-25 21:46:29] [1188/1627] Dumping FI_PR_TD_SPL_BASIC_MOS ...
[2026-08-25 21:46:29] [1188/1627] FAIL FI_PR_TD_SPL_BASIC_MOS: ORA-12543: TNS:destination host unreachable
Help: https://docs.oracle.com/error-help/db/ora-12543/
[2026-08-25 21:46:30] [1189/1627] Dumping FI_PR_TD_SUPLSAL ...
